Timestamp;EURUSDFIXMP=WM;EURGBPFIXMP=WM;EURCHFFIXMP=WM;EURCZKFIXMP=WM;EURHUFFIXMP=WM;EURPLNFIXMP=WM;EURAUDFIXMP=WM;EURCADFIXMP=WM;EURDKKFIXMP=WM;EURHKDFIXMP=WM;EURJPYFIXMP=WM;EURNOKFIXMP=WM;EURNZDFIXMP=WM;EURRONFIXMP=WM;EURSEKFIXMP=WM;EURSGDFIXMP=WM;EURTRYFIXMP=WM;EURZARFIXMP=WM
2025-08-19 10:00:00;1,168;0,864;0,94117;24,466;393,67;4,2439;1,79997;1,6141;7,4644;9,113;172,58;11,8998;1,972;5,0574;11,1333;1,4987;47,8014;20,5819
2025-08-19 11:00:00;1,1687;0,86436;0,9411;24,46;393,6;4,2447;1,80091;1,61413;7,4643;9,1181;172,61;11,9258;1,9732;5,0586;11,143;1,4993;47,8336;20,5571
2025-08-20 10:00:00;1,1645;0,86253;0,9401;24,495;394,94;4,2535;1,80935;1,6159;7,465;9,0998;171,73;11,9516;1,9974;5,0611;11,1669;1,497;47,6963;20,6208
2025-08-20 11:00:00;1,1646;0,86311;0,94018;24,484;394,43;4,248;1,81021;1,61592;7,4649;9,1005;171,74;11,9573;1,999;5,0596;11,1679;1,4971;47,7001;20,6189
2025-08-21 10:00:00;1,1657;0,86485;0,93874;24,523;395,73;4,2506;1,81404;1,61753;7,4642;9,1078;172,13;11,8682;2,0002;5,0574;11,1681;1,4997;47,8418;20,6276
2025-08-21 11:00:00;1,165;0,86494;0,93882;24,53;395,81;4,2538;1,81238;1,61708;7,4642;9,1024;172,23;11,859;1,9997;5,0555;11,1698;1,4992;47,8129;20,6324
2025-08-22 10:00:00;1,1597;0,86467;0,93878;24,587;396,17;4,2636;1,80653;1,61359;7,4645;9,0676;172,45;11,8548;1,9979;5,0533;11,1839;1,4952;47,6054;20,4747
2025-08-22 11:00:00;1,1596;0,86462;0,938;24,584;396,08;4,2622;1,80693;1,61374;7,4648;9,0669;172,36;11,8516;1,9979;5,0532;11,1803;1,4948;47,601;20,4565
2025-08-25 10:00:00;1,1692;0,86643;0,93817;24,543;397,61;4,2661;1,8021;1,61716;7,4646;9,1329;172,31;11,827;1,9956;5,0545;11,1454;1,5007;47,9774;20,5137
2025-08-25 11:00:00;1,1687;0,86635;0,93812;24,549;397,64;4,2634;1,80077;1,61682;7,464;9,1288;172,31;11,8255;1,9947;5,0537;11,1379;1,5004;47,9592;20,4997
2025-08-26 10:00:00;1,1642;0,86368;0,93811;24,544;396,72;4,2631;1,79494;1,61211;7,4646;9,0816;171,77;11,8333;1,9908;5,0552;11,1662;1,497;47,8066;20,5272
2025-08-26 11:00:00;1,1644;0,86393;0,93827;24,539;396,93;4,2618;1,79581;1,61285;7,4643;9,0834;171,85;11,845;1,9908;5,0556;11,1644;1,4972;47,8177;20,5462
2025-08-27 10:00:00;1,1591;0,86223;0,93516;24,53;396,42;4,2683;1,79108;1,60574;7,4649;9,023;171,52;11,7964;1,9883;5,0627;11,1184;1,4937;47,6103;20,5649
2025-08-27 11:00:00;1,1581;0,86252;0,9347;24,538;396,9;4,2718;1,79106;1,60418;7,4649;9,014;171,54;11,7936;1,9892;5,0627;11,1099;1,4934;47,5709;20,5708
2025-08-28 10:00:00;1,1649;0,8627;0,93297;24,542;397,02;4,2639;1,78638;1,60387;7,4651;9,0803;171,4;11,7534;1,9862;5,0672;11,0726;1,4961;47,9735;20,6179
2025-08-28 11:00:00;1,1671;0,86311;0,93321;24,54;396,86;4,2632;1,78784;1,60597;7,4647;9,0968;171,5;11,7544;1,9872;5,0658;11,0806;1,4975;48,0627;20,6162
2025-08-29 10:00:00;1,16745;0,86715;0,93548;24,491;397,08;4,268;1,78824;1,60594;7,4644;9,1002;171,71;11,7533;1,9831;5,0728;11,06;1,5003;48,0407;20,7233
2025-08-29 11:00:00;1,1667;0,86666;0,93616;24,468;397,05;4,2667;1,78736;1,60433;7,4641;9,095;171,76;11,7438;1,9822;5,0727;11,0546;1,4996;48,0098;20,7173
2025-09-01 10:00:00;1,172;0,86616;0,9369;24,424;395,43;4,254;1,7874;1,61013;7,4647;9,1384;172,4;11,7264;1,9831;5,0721;11,0252;1,504;48,2291;20,5945
2025-09-01 11:00:00;1,172;0,86654;0,93678;24,44;395,26;4,2552;1,78754;1,61013;7,4645;9,1381;172,41;11,7351;1,9841;5,0725;11,0247;1,5041;48,2215;20,6052
2025-09-02 10:00:00;1,1638;0,86844;0,93686;24,476;396,31;4,2665;1,78744;1,60306;7,4635;9,0846;172,87;11,6442;1,9874;5,0793;11,0041;1,4994;47,9444;20,6231
2025-09-02 11:00:00;1,1632;0,86945;0,93579;24,481;395,94;4,2673;1,78652;1,60223;7,463;9,0801;172,84;11,6433;1,9863;5,0806;10,9977;1,4988;47,917;20,6125
2025-09-03 10:00:00;1,1657;0,86937;0,93664;24,448;393,72;4,2518;1,7846;1,60836;7,4633;9,0948;173,15;11,6853;1,9877;5,0777;11,0025;1,5018;48,0356;20,5506
2025-09-03 11:00:00;1,1644;0,86879;0,93676;24,438;393,4;4,2523;1,78343;1,60691;7,4633;9,0855;173,12;11,6842;1,987;5,0792;10,9971;1,5008;47,9797;20,5344
2025-09-04 10:00:00;1,1642;0,86616;0,93718;24,45;393,84;4,2543;1,78613;1,60881;7,4644;9,0792;172,69;11,7562;1,987;5,077;11,0158;1,501;48,0612;20,7109
2025-09-04 11:00:00;1,1654;0,86647;0,93803;24,439;393,03;4,2506;1,78742;1,61035;7,4643;9,0887;172,81;11,7673;1,9886;5,0765;11,0155;1,5021;48,113;20,7151
2025-09-05 10:00:00;1,1687;0,86699;0,93858;24,427;392,75;4,2532;1,78591;1,6122;7,4647;9,1187;173,17;11,7409;1,9889;5,0787;10,9991;1,504;48,2625;20,6718
2025-09-05 11:00:00;1,1694;0,86751;0,93891;24,428;393,02;4,2525;1,78698;1,61299;7,4649;9,1241;173,24;11,7505;1,9901;5,0782;11,0016;1,5043;48,2902;20,6608
2025-09-08 10:00:00;1,1725;0,86788;0,93378;24,374;393,35;4,2527;1,78124;1,62009;7,4658;9,1373;173,24;11,7234;1,9796;5,0719;11,0113;1,5056;48,4258;20,5783
2025-09-08 11:00:00;1,1727;0,8668;0,93265;24,366;393,49;4,2533;1,78032;1,61907;7,4659;9,1398;173,35;11,7025;1,9772;5,0719;10,9949;1,5061;48,4343;20,5912
2025-09-09 10:00:00;1,1769;0,86613;0,93293;24,317;393,65;4,2528;1,77847;1,6244;7,4668;9,1669;172,23;11,7288;1,9757;5,0734;10,998;1,5065;48,6235;20,5614
2025-09-09 11:00:00;1,17535;0,86576;0,93276;24,315;393,24;4,2535;1,77706;1,62308;7,4668;9,1525;172,15;11,7172;1,9737;5,0741;11,0033;1,505;48,5569;20,5237
2025-09-10 10:00:00;1,1714;0,86488;0,93337;24,381;393,53;4,2583;1,7723;1,62208;7,4655;9,1245;172,68;11,6213;1,9692;5,0729;10,9456;1,5026;48,405;20,5563
2025-09-10 11:00:00;1,17005;0,86427;0,93347;24,376;393,59;4,2618;1,77186;1,62138;7,4656;9,1138;172,54;11,6134;1,9698;5,0736;10,9418;1,5015;48,3493;20,5538
2025-09-11 10:00:00;1,1685;0,86536;0,9341;24,426;393,1;4,2674;1,76925;1,62212;7,4654;9,1012;172,91;11,6012;1,9712;5,0709;10,9513;1,5014;48,3764;20,504
2025-09-11 11:00:00;1,1683;0,86464;0,93429;24,4;393,05;4,2674;1,76854;1,6219;7,465;9,1004;172,89;11,6087;1,9708;5,0716;10,958;1,5013;48,3665;20,4934
2025-09-12 10:00:00;1,1721;0,86527;0,93475;24,347;391,55;4,2575;1,76216;1,62199;7,4646;9,1226;173,4;11,583;1,9679;5,0694;10,943;1,5037;48,531;20,3603
2025-09-12 11:00:00;1,1734;0,86559;0,93461;24,313;390,94;4,253;1,76451;1,62367;7,4644;9,1318;173,38;11,5835;1,9699;5,0704;10,9402;1,5051;48,5868;20,3554
2025-09-15 10:00:00;1,1747;0,86419;0,93447;24,333;389,57;4,248;1,76514;1,62477;7,4647;9,1381;173,12;11,5587;1,9723;5,0638;10,9366;1,5056;48,5703;20,3675
2025-09-15 11:00:00;1,1753;0,86368;0,93436;24,333;389,8;4,2482;1,76578;1,62477;7,4643;9,1422;173,23;11,5614;1,9733;5,0638;10,9154;1,5061;48,5904;20,3897
2025-09-16 10:00:00;1,1815;0,86608;0,9348;24,314;389,75;4,2497;1,7719;1,62649;7,4647;9,1937;173,63;11,6146;1,9784;5,0631;10,9363;1,5092;48,8496;20,5136
2025-09-16 11:00:00;1,1809;0,86633;0,93433;24,325;390,12;4,2511;1,77139;1,62531;7,465;9,1901;173,65;11,6028;1,9774;5,063;10,9312;1,5094;48,8144;20,501
2025-09-17 10:00:00;1,1846;0,86797;0,93169;24,322;389,78;4,2532;1,77535;1,6291;7,4645;9,21;173,31;11,6291;1,9823;5,0669;10,9579;1,512;48,9517;20,5911
2025-09-17 11:00:00;1,1835;0,86751;0,93141;24,323;390,03;4,2547;1,7745;1,628;7,464;9,2029;173,12;11,6286;1,9813;5,0675;10,9594;1,511;48,9162;20,5804
2025-09-18 10:00:00;1,1839;0,86752;0,93268;24,323;388,62;4,2569;1,7795;1,6307;7,4644;9,2079;174,36;11,6151;2,0042;5,0695;10,9821;1,514;49,0428;20,5432
2025-09-18 11:00:00;1,1836;0,86707;0,9328;24,311;388,71;4,255;1,77851;1,62993;7,4641;9,2051;174,3;11,5786;2,0044;5,0682;10,976;1,5136;49,0255;20,5097
2025-09-19 10:00:00;1,1759;0,87094;0,93496;24,281;391,03;4,2652;1,78086;1,62419;7,4638;9,144;174,0;11,654;2,0015;5,0719;11,0519;1,51;48,7232;20,4136
2025-09-19 11:00:00;1,1762;0,87132;0,9352;24,278;390,71;4,2637;1,78077;1,6239;7,4641;9,1466;174,02;11,654;2,002;5,0751;11,0435;1,5102;48,7167;20,4137
2025-09-22 10:00:00;1,1774;0,87202;0,93544;24,268;389,46;4,264;1,78489;1,62562;7,4635;9,149;174,11;11,6815;2,0089;5,0751;11,0572;1,5108;48,7707;20,3474
2025-09-22 11:00:00;1,1775;0,87219;0,93458;24,253;389,2;4,2607;1,78517;1,62546;7,4634;9,1502;174,09;11,6943;2,0097;5,075;11,0477;1,5106;48,7726;20,3447
2025-09-23 10:00:00;1,1802;0,87396;0,93466;24,253;389,01;4,2545;1,78683;1,63214;7,4643;9,1749;174,21;11,6705;2,0124;5,0772;10,9912;1,5142;48,924;20,4207
2025-09-23 11:00:00;1,1796;0,8731;0,9346;24,253;388,86;4,2566;1,78538;1,63096;7,4643;9,1715;174,25;11,6611;2,0106;5,0774;10,9808;1,5138;48,8951;20,4158
2025-09-24 10:00:00;1,1769;0,8731;0,93458;24,287;390,4;4,2659;1,77968;1,63234;7,4638;9,1526;174,5;11,682;2,0139;5,0782;11,0172;1,5137;48,8379;20,3071
2025-09-24 11:00:00;1,1752;0,87259;0,93428;24,303;391,73;4,2694;1,77912;1,6304;7,4636;9,1398;174,39;11,6797;2,0127;5,0796;11,0238;1,5127;48,7512;20,3381
2025-09-25 10:00:00;1,1746;0,87331;0,93463;24,28;390,53;4,26;1,78024;1,63163;7,4639;9,1351;174,76;11,6792;2,0167;5,0746;11,0289;1,5132;48,825;20,3249
2025-09-25 11:00:00;1,1749;0,8736;0,93463;24,281;390,62;4,2628;1,78258;1,63229;7,464;9,1379;174,81;11,6799;2,0194;5,0752;11,0438;1,5139;48,8328;20,3354
2025-09-26 10:00:00;1,1678;0,87449;0,93377;24,299;391,19;4,2671;1,78918;1,62904;7,4637;9,0861;174,91;11,7279;2,0274;5,0774;11,0584;1,5102;48,5826;20,3873
2025-09-26 11:00:00;1,1663;0,87396;0,93327;24,331;391,85;4,2717;1,78812;1,62789;7,4636;9,0735;174,84;11,7105;2,0257;5,0782;11,0488;1,5093;48,5192;20,3825
2025-09-29 10:00:00;1,1718;0,87239;0,93369;24,301;391,15;4,2707;1,78438;1,63126;7,4641;9,1205;174,14;11,6736;2,0249;5,0781;11,0095;1,512;48,7591;20,2476
2025-09-29 11:00:00;1,17195;0,87264;0,93451;24,298;391,19;4,2691;1,78569;1,632;7,4643;9,1208;174,22;11,6787;2,0262;5,0768;11,0296;1,5125;48,7667;20,2584
2025-09-30 10:00:00;1,1748;0,87378;0,93655;24,338;390,81;4,2723;1,77744;1,63465;7,4649;9,1402;173,84;11,7393;2,0273;5,0814;11,0721;1,5151;48,891;20,3135
2025-09-30 11:00:00;1,1745;0,87395;0,9369;24,34;390,47;4,2708;1,77712;1,63471;7,4646;9,1385;173,86;11,7336;2,0271;5,0807;11,0643;1,5149;48,8804;20,2856
2025-10-01 10:00:00;1,1733;0,87137;0,93465;24,284;388,81;4,2587;1,7745;1,63404;7,4655;9,1303;172,72;11,6892;2,0191;5,0819;11,0406;1,5121;48,8343;20,1751
2025-10-01 11:00:00;1,1724;0,87038;0,93569;24,268;388,26;4,2563;1,77368;1,63354;7,4656;9,1239;172,46;11,6662;2,0189;5,0825;11,0318;1,5115;48,7992;20,1647
2025-10-02 10:00:00;1,1755;0,87074;0,93535;24,255;388,93;4,2579;1,77686;1,63812;7,4668;9,1462;172,35;11,6613;2,014;5,0837;10,9905;1,5128;49,0197;20,2101
2025-10-02 11:00:00;1,1752;0,87168;0,93475;24,25;388,65;4,2573;1,77695;1,63752;7,4666;9,144;172,33;11,6657;2,0151;5,0825;10,9891;1,5121;49,009;20,1922
2025-10-03 10:00:00;1,17365;0,87254;0,93528;24,268;388,67;4,2558;1,77702;1,63893;7,4666;9,1337;172,98;11,6964;2,0119;5,0889;11,0112;1,5132;48,9621;20,2389
2025-10-03 11:00:00;1,1736;0,87237;0,93501;24,274;388,65;4,2548;1,77721;1,63921;7,4667;9,1333;172,91;11,6804;2,012;5,0933;11,0093;1,5129;48,9602;20,2258
2025-10-06 10:00:00;1,1665;0,86809;0,9318;24,306;388,83;4,2534;1,76823;1,62783;7,4662;9,0795;175,44;11,6229;2,006;5,0885;10,9832;1,5095;48,6786;20,1502
2025-10-06 11:00:00;1,16635;0,8686;0,93133;24,312;389,35;4,2524;1,76854;1,62762;7,4667;9,0788;175,31;11,6229;2,0054;5,0893;10,9897;1,5094;48,669;20,1353
2025-10-07 10:00:00;1,1665;0,86787;0,93098;24,336;392,03;4,2559;1,76903;1,62783;7,4658;9,0796;175,86;11,6057;2,0071;5,092;10,9494;1,5078;48,686;20,051
2025-10-07 11:00:00;1,1674;0,86912;0,93053;24,331;392,12;4,2539;1,7704;1,62845;7,4659;9,0865;176,02;11,6069;2,0088;5,0924;10,9417;1,5089;48,7227;20,0712
2025-10-08 10:00:00;1,1609;0,86615;0,92988;24,379;392,94;4,2517;1,76939;1,62019;7,4663;9,036;177,59;11,6113;2,0151;5,0959;10,9522;1,5053;48,4672;19,946
2025-10-08 11:00:00;1,1631;0,86682;0,93025;24,361;392,52;4,2509;1,76897;1,62204;7,4666;9,0519;177,76;11,6168;2,0147;5,096;10,9562;1,5069;48,5573;19,9618
2025-10-09 10:00:00;1,1626;0,86852;0,93101;24,318;390,84;4,2549;1,76285;1,62128;7,467;9,046;177,35;11,622;2,0118;5,0944;10,9968;1,506;48,6617;19,8838
2025-10-09 11:00:00;1,1617;0,86856;0,93029;24,322;391,39;4,2543;1,76149;1,62026;7,467;9,0385;177,4;11,6266;2,0102;5,0941;10,9894;1,5052;48,6293;19,8608
2025-10-10 10:00:00;1,15755;0,87103;0,93252;24,312;390,36;4,2585;1,76671;1,62271;7,4669;9,0076;176,88;11,6838;2,0131;5,0923;11,0198;1,5032;48,4143;19,9598
2025-10-10 11:00:00;1,1572;0,87204;0,93259;24,306;390,4;4,2587;1,76631;1,62228;7,4669;9,0056;176,72;11,6873;2,0129;5,0931;11,0249;1,5027;48,3999;19,9456
2025-10-13 10:00:00;1,1594;0,86931;0,93123;24,328;392,2;4,2616;1,77713;1,62308;7,4678;9,016;176,44;11,6752;2,0216;5,0892;11,0225;1,5047;48,5107;20,0471
2025-10-13 11:00:00;1,15835;0,86862;0,93143;24,341;392,3;4,2601;1,77634;1,62185;7,4679;9,008;176,27;11,6719;2,0214;5,0899;11,0179;1,5039;48,4667;20,0549
2025-10-14 10:00:00;1,1556;0,87097;0,92922;24,333;392,62;4,2621;1,79218;1,62574;7,4682;8,9847;175,76;11,7577;2,0324;5,0881;11,0074;1,5036;48,3776;20,1723
2025-10-14 11:00:00;1,1554;0,87095;0,92883;24,328;393,38;4,2632;1,79312;1,62638;7,4686;8,9835;175,54;11,7853;2,032;5,0895;11,0442;1,5038;48,3729;20,2116
2025-10-15 10:00:00;1,1635;0,87141;0,93092;24,262;390,25;4,2549;1,78451;1,63348;7,4683;9,0467;176,11;11,7487;2,0313;5,0885;11,0328;1,5077;48,7288;20,1315
2025-10-15 11:00:00;1,1623;0,87005;0,93089;24,274;390,56;4,2574;1,78267;1,63168;7,4685;9,0343;175,95;11,7296;2,0295;5,0885;11,0269;1,5066;48,6759;20,1226
2025-10-16 10:00:00;1,1658;0,86764;0,92844;24,312;389,94;4,2516;1,79161;1,63643;7,4689;9,0601;176,37;11,7461;2,0321;5,0879;11,0296;1,5104;48,9171;20,2122
2025-10-16 11:00:00;1,1655;0,86764;0,92902;24,289;389,74;4,2496;1,79087;1,63624;7,4691;9,0591;176,21;11,7334;2,0315;5,0875;11,0052;1,51;48,9042;20,1764
2025-10-17 10:00:00;1,17005;0,87103;0,92352;24,331;390,66;4,2536;1,80926;1,64243;7,4691;9,0893;175,13;11,7947;2,0434;5,0889;11,0612;1,5144;49,1266;20,4031
2025-10-17 11:00:00;1,169;0,87018;0,92351;24,302;390,93;4,2532;1,80485;1,64049;7,4692;9,0802;175,28;11,7757;2,0394;5,0885;11,0618;1,5135;49,0829;20,384
2025-10-20 10:00:00;1,1661;0,86847;0,92448;24,301;389,73;4,2427;1,79607;1,63619;7,4685;9,0588;175,77;11,7325;2,0347;5,089;10,9948;1,5094;48,969;20,1834
2025-10-20 11:00:00;1,1654;0,86892;0,92381;24,295;389,56;4,2437;1,79569;1,63533;7,4683;9,0549;175,65;11,7284;2,0346;5,0898;10,99;1,5087;48,9427;20,1951
2025-10-21 10:00:00;1,1622;0,86829;0,92325;24,312;389,48;4,236;1,79158;1,63334;7,4691;9,0311;176,4;11,6951;2,0332;5,083;10,9528;1,5073;48,8164;20,1193
2025-10-21 11:00:00;1,1617;0,86811;0,92297;24,321;389,44;4,2381;1,79054;1,63234;7,4692;9,0279;176,49;11,6831;2,032;5,0831;10,9378;1,5072;48,7971;20,1126
2025-10-22 10:00:00;1,1595;0,8705;0,92331;24,3;389,39;4,2353;1,78508;1,62461;7,4693;9,009;176,04;11,6459;2,0179;5,083;10,947;1,5058;48,715;20,2285
2025-10-22 11:00:00;1,1586;0,87031;0,92329;24,312;389,28;4,2319;1,78562;1,62439;7,4694;9,0023;175,89;11,6421;2,0181;5,0828;10,9365;1,5051;48,6762;20,2456
2025-10-23 10:00:00;1,15935;0,86849;0,92516;24,314;390,53;4,2353;1,78033;1,62239;7,4693;9,0107;176,91;11,5832;2,0171;5,0821;10,9176;1,5065;48,8061;20,1183
2025-10-23 11:00:00;1,1589;0,86887;0,92527;24,308;390,57;4,2338;1,78169;1,62176;7,4694;9,0063;177,02;11,581;2,0182;5,0822;10,9188;1,5066;48,78;20,1216
2025-10-24 10:00:00;1,1612;0,87158;0,92443;24,334;389,79;4,235;1,78784;1,62804;7,4698;9,0224;177,58;11,6235;2,0228;5,0835;10,899;1,5087;48,7876;20,1518
2025-10-24 11:00:00;1,1613;0,87204;0,92486;24,334;389,72;4,2416;1,7873;1,62841;7,4697;9,0232;177,64;11,6197;2,0224;5,0825;10,9026;1,5093;48,7871;20,1426
2025-10-27 10:00:00;1,1638;0,87202;0,92627;24,308;389,58;4,2351;1,77503;1,62598;7,4692;9,0404;177,74;11,6458;2,0194;5,0843;10,9126;1,5088;48,8892;20,0454
2025-10-27 11:00:00;1,1642;0,87235;0,92682;24,313;389,26;4,2333;1,77578;1,62735;7,4696;9,0431;177,86;11,6559;2,0205;5,0845;10,9226;1,5093;48,8982;20,0276
2025-10-28 10:00:00;1,16565;0,87544;0,92494;24,318;388,45;4,2345;1,77813;1,63148;7,4695;9,0568;177,11;11,6644;2,0195;5,084;10,9265;1,5093;48,9174;20,1127
2025-10-28 11:00:00;1,1664;0,87541;0,92566;24,318;388,4;4,2371;1,77805;1,63229;7,4695;9,0631;177,14;11,6628;2,0197;5,0843;10,925;1,5099;48,9497;20,1028
2025-10-29 10:00:00;1,1643;0,88051;0,9269;24,323;388,27;4,2374;1,76409;1,62318;7,4688;9,0468;177,23;11,6451;2,0131;5,0825;10,906;1,5074;48,874;19,8965
2025-10-29 11:00:00;1,16475;0,88118;0,92726;24,32;388,2;4,2384;1,76424;1,62299;7,4688;9,0506;177,33;11,6355;2,013;5,0824;10,8976;1,5075;48,9141;19,9154
2025-10-30 10:00:00;1,1617;0,88088;0,92797;24,358;388,58;4,2428;1,76846;1,62043;7,468;9,0244;178,66;11,6651;2,0144;5,086;10,9321;1,5088;48,8858;20,0358
2025-10-30 11:00:00;1,1608;0,88093;0,92841;24,353;388,39;4,2437;1,76803;1,6197;7,4677;9,0173;178,7;11,664;2,0141;5,0859;10,9364;1,5086;48,8379;20,0412
2025-10-31 10:00:00;1,1573;0,88054;0,92781;24,322;388,09;4,2544;1,76971;1,62083;7,4674;8,9929;178,41;11,6629;2,0225;5,0844;10,9287;1,5053;48,704;20,0491
2025-10-31 11:00:00;1,1571;0,8812;0,92834;24,323;388,01;4,2565;1,769;1,62125;7,4677;8,9922;178,34;11,6735;2,0218;5,0856;10,93;1,5052;48,6953;20,0641
2025-11-03 10:00:00;1,15155;0,8771;0,92993;24,336;387,06;4,2522;1,75917;1,61727;7,4679;8,9513;177,53;11,6543;2,0146;5,0862;10,9456;1,5013;48,4689;19,9239
2025-11-03 11:00:00;1,15165;0,87718;0,92961;24,329;387,21;4,2547;1,75878;1,61753;7,4678;8,9526;177,54;11,6532;2,0143;5,086;10,9386;1,5013;48,4726;19,9298
2025-11-04 10:00:00;1,1504;0,87991;0,92998;24,348;388,29;4,2559;1,7693;1,61864;7,4655;8,9436;176,68;11,7314;2,0302;5,0865;10,9716;1,5016;48,4605;20,056
2025-11-04 11:00:00;1,1491;0,8799;0,9302;24,364;388,49;4,2593;1,76839;1,61773;7,4658;8,9326;176,44;11,7367;2,0295;5,0864;10,9908;1,5007;48,4014;20,0531
2025-11-05 10:00:00;1,1484;0,88155;0,93089;24,352;387,63;4,2587;1,7725;1,62295;7,4655;8,9288;176,43;11,7384;2,0347;5,0852;11,009;1,5011;48,3952;20,0791
2025-11-05 11:00:00;1,1488;0,88139;0,93053;24,361;386,97;4,258;1,77311;1,62374;7,4654;8,9324;176,46;11,7575;2,0365;5,085;11,0126;1,5014;48,415;20,0694
2025-11-06 10:00:00;1,15115;0,88015;0,93163;24,358;386,6;4,2567;1,76896;1,62275;7,4661;8,9504;176,99;11,7141;2,0347;5,0847;10,9892;1,5028;48,5994;20,0017
2025-11-06 11:00:00;1,15185;0,87985;0,9315;24,353;386,51;4,2545;1,7699;1,62351;7,4667;8,9553;176,99;11,7231;2,0356;5,0847;10,9959;1,5032;48,6273;20,0073
2025-11-07 10:00:00;1,15505;0,88111;0,93224;24,343;385,54;4,2497;1,78097;1,62996;7,4664;8,9833;177,12;11,7843;2,0556;5,0859;11,0416;1,5049;48,822;20,0055
2025-11-07 11:00:00;1,1558;0,88095;0,93146;24,328;385,39;4,2488;1,78199;1,63061;7,4666;8,9884;177,0;11,7922;2,0562;5,0852;11,0475;1,5052;48,8612;20,0307
2025-11-10 10:00:00;1,1563;0,87865;0,93221;24,289;383,48;4,2341;1,77007;1,62079;7,4673;8,9893;178,26;11,6984;2,0487;5,0853;10,9958;1,5068;48,8297;19,8872
2025-11-10 11:00:00;1,1562;0,87757;0,93178;24,287;383,31;4,2328;1,76965;1,62053;7,4671;8,9874;178,22;11,6853;2,0493;5,0849;10,9944;1,5064;48,8281;19,875
2025-11-11 10:00:00;1,15725;0,88071;0,92823;24,284;385,64;4,2325;1,77411;1,62365;7,468;8,9953;178,49;11,6789;2,0502;5,0843;10,9814;1,5066;48,9113;19,8671
2025-11-11 11:00:00;1,1573;0,88014;0,92792;24,268;385,38;4,2306;1,77337;1,62326;7,4679;8,9958;178,5;11,6677;2,0496;5,0843;10,9765;1,5067;48,9128;19,8514
2025-11-12 10:00:00;1,1571;0,88157;0,92499;24,256;385,37;4,2293;1,77157;1,62205;7,4671;8,9919;179,17;11,6416;2,046;5,0844;10,9293;1,5087;48,9172;19,832
2025-11-12 11:00:00;1,1575;0,88143;0,92484;24,245;385,64;4,2299;1,77123;1,6225;7,467;8,9956;179,23;11,6478;2,0461;5,0835;10,9271;1,5088;48,9384;19,8372
2025-11-13 10:00:00;1,1616;0,88301;0,92405;24,211;383,94;4,2302;1,76844;1,62529;7,4674;9,0266;179,65;11,6735;2,048;5,0837;10,9296;1,511;49,1959;19,7192
2025-11-13 11:00:00;1,1606;0,88275;0,92372;24,191;383,82;4,2286;1,76867;1,62424;7,4674;9,0193;179,59;11,6699;2,0485;5,0838;10,9311;1,5099;49,1555;19,7305
2025-11-14 10:00:00;1,1616;0,88385;0,92034;24,188;384,54;4,2335;1,78283;1,63092;7,4679;9,0292;179,72;11,7115;2,0476;5,0858;10,9938;1,5125;49,2089;19,8961
2025-11-14 11:00:00;1,1619;0,88425;0,91964;24,187;384,65;4,2334;1,7852;1,63157;7,4677;9,0318;179,69;11,7382;2,047;5,0854;10,9989;1,513;49,2215;19,9191
2025-11-17 10:00:00;1,1597;0,88167;0,92266;24,175;384,03;4,2261;1,78087;1,62709;7,4675;9,0153;179,54;11,7139;2,0477;5,0839;10,9492;1,5104;49,1358;19,7956
2025-11-17 11:00:00;1,1602;0,88034;0,92271;24,171;383,84;4,2235;1,77986;1,62721;7,4677;9,0189;179,59;11,7026;2,0466;5,0841;10,9485;1,5105;49,1505;19,7958
2025-11-18 10:00:00;1,1582;0,88096;0,92355;24,181;384,62;4,2368;1,78212;1,62557;7,4683;9,0172;180,0;11,7445;2,0454;5,0855;10,9975;1,509;49,0811;19,9252
2025-11-18 11:00:00;1,15845;0,88162;0,92317;24,178;384,91;4,2422;1,78141;1,62522;7,4683;9,0196;180,06;11,7396;2,0446;5,0861;10,9954;1,509;49,0922;19,9303
2025-11-19 10:00:00;1,157;0,88287;0,92896;24,186;383,52;4,2418;1,78384;1,62007;7,4691;9,0092;180,77;11,7152;2,0563;5,0891;10,9886;1,5097;49,0445;19,8749
2025-11-19 11:00:00;1,1586;0,88281;0,92885;24,165;382,49;4,23;1,78548;1,62265;7,4689;9,0213;180,86;11,7431;2,0575;5,0887;10,9926;1,5107;49,1156;19,8768
2025-11-20 10:00:00;1,1527;0,88161;0,92965;24,174;382,26;4,2319;1,7779;1,61942;7,4691;8,9748;181,43;11,721;2,0522;5,0893;10,9893;1,5065;48,9539;19,8438
2025-11-20 11:00:00;1,1515;0,88136;0,92938;24,177;382,69;4,2333;1,77838;1,61923;7,4691;8,9651;181,39;11,7296;2,0519;5,0886;10,9953;1,5056;48,9048;19,8519
2025-11-21 10:00:00;1,1518;0,88179;0,92801;24,232;383,91;4,2511;1,79032;1,62327;7,4688;8,9673;180,6;11,8243;2,059;5,0889;11,0357;1,5068;48,9292;19,9855
2025-11-21 11:00:00;1,1506;0,88209;0,92853;24,224;383,44;4,248;1,78929;1,62273;7,4685;8,9586;180,45;11,806;2,0583;5,0889;11,0341;1,506;48,879;19,994
2025-11-24 10:00:00;1,154;0,88145;0,93059;24,184;382,6;4,233;1,78929;1,6281;7,469;8,9819;180,87;11,8119;2,0585;5,0867;11,0108;1,5056;49,0237;19,9947
2025-11-24 11:00:00;1,1546;0,88191;0,93165;24,185;382,7;4,2329;1,78952;1,62894;7,4688;8,9865;181,09;11,8117;2,0579;5,0869;11,0138;1,5063;49,046;19,984
2025-11-25 10:00:00;1,15385;0,87872;0,93439;24,147;382,03;4,2291;1,78698;1,62826;7,469;8,974;180,4;11,8131;2,0582;5,0891;11,0359;1,5022;49,0492;19,8949
2025-11-25 11:00:00;1,1526;0,87911;0,93372;24,145;381,94;4,2315;1,78767;1,62765;7,4692;8,964;180,34;11,8276;2,0604;5,0893;11,0511;1,5016;48,9966;19,8856
2025-11-26 10:00:00;1,1573;0,87924;0,93348;24,179;382,05;4,2329;1,78266;1,63017;7,4684;9,0014;181,09;11,837;2,0413;5,09;11,0337;1,503;49,1247;19,8492
2025-11-26 11:00:00;1,1574;0,87818;0,93344;24,172;382,03;4,2299;1,78281;1,63055;7,4685;9,0019;181,08;11,828;2,0409;5,0901;11,0234;1,5029;49,1316;19,8279
2025-11-27 10:00:00;1,1583;0,87577;0,93336;24,156;381,65;4,2263;1,77544;1,62651;7,4685;9,0089;181,04;11,7785;2,0285;5,0902;10,982;1,5032;49,2744;19,8692
2025-11-27 11:00:00;1,1586;0,87567;0,93372;24,154;381,56;4,2285;1,77482;1,62704;7,4689;9,0114;181,11;11,7952;2,0269;5,0906;10,9981;1,5037;49,2792;19,8808
2025-11-28 10:00:00;1,15575;0,87504;0,93263;24,17;381,39;4,2386;1,77208;1,62345;7,4689;8,9967;180,62;11,7636;2,0255;5,0905;10,9855;1,5009;49,1697;19,8305
2025-11-28 11:00:00;1,15675;0,87589;0,9324;24,174;381,39;4,2379;1,77293;1,62347;7,4685;9,0045;180,66;11,7601;2,0267;5,091;10,9826;1,5016;49,2115;19,828
2025-12-01 10:00:00;1,1627;0,87897;0,93353;24,156;380,56;4,2286;1,77566;1,62583;7,4684;9,0555;180,5;11,7812;2,0286;5,0898;10,969;1,506;49,4314;19,8753
2025-12-01 11:00:00;1,1627;0,8787;0,93318;24,176;380,68;4,229;1,77417;1,62502;7,4687;9,0557;180,37;11,7754;2,027;5,0901;10,9664;1,5057;49,4143;19,8694
2025-12-02 10:00:00;1,1605;0,8797;0,9342;24,164;381,27;4,2413;1,77311;1,62554;7,4682;9,0366;181,08;11,7875;2,0315;5,0889;10,9815;1,5064;49,2757;19,8838
2025-12-02 11:00:00;1,1611;0,87969;0,93422;24,163;381,07;4,24;1,77321;1,62696;7,4684;9,0411;181,05;11,7934;2,0315;5,0889;10,9838;1,507;49,2958;19,8858
2025-12-03 10:00:00;1,1661;0,87796;0,93381;24,133;380,79;4,2312;1,77004;1,62616;7,4689;9,0776;181,38;11,7458;2,0285;5,0911;10,9459;1,5097;49,5433;19,9285
2025-12-03 11:00:00;1,1665;0,87753;0,93349;24,139;380,77;4,2296;1,77024;1,62648;7,469;9,0811;181,32;11,7539;2,0285;5,0912;10,9461;1,5098;49,5563;19,9251
2025-12-04 10:00:00;1,1666;0,87432;0,9341;24,195;382,25;4,2315;1,76477;1,62925;7,4688;9,0807;180,57;11,7589;2,0222;5,093;10,955;1,5113;49,6391;19,8358
2025-12-04 11:00:00;1,1679;0,87418;0,93397;24,197;382,31;4,2306;1,76673;1,63165;7,4685;9,0908;180,51;11,7639;2,0241;5,093;10,96;1,5123;49,6882;19,8271
2025-12-05 10:00:00;1,165;0,87351;0,93544;24,2;382,03;4,2312;1,75584;1,62451;7,4689;9,0692;180,74;11,7832;2,0166;5,0923;10,9615;1,509;49,5702;19,7374
2025-12-05 11:00:00;1,16455;0,87304;0,9356;24,213;382,02;4,2306;1,75662;1,62353;7,4688;9,0661;180,68;11,7749;2,0179;5,0928;10,9632;1,5084;49,5514;19,7333
2025-12-08 10:00:00;1,1651;0,8747;0,93697;24,239;382,57;4,2299;1,75573;1,61043;7,469;9,0647;181,18;11,7895;2,0147;5,0897;10,9518;1,5102;49,618;19,779
2025-12-08 11:00:00;1,16505;0,87479;0,9388;24,254;383,48;4,2299;1,75631;1,60966;7,4689;9,0644;181,25;11,7917;2,0167;5,0894;10,9608;1,5107;49,6257;19,7786
2025-12-09 10:00:00;1,1643;0,87325;0,93895;24,264;383,67;4,2316;1,75399;1,61177;7,4688;9,0592;181,75;11,7726;2,0116;5,0896;10,8954;1,5096;49,6177;19,8318
2025-12-09 11:00:00;1,1646;0,8736;0,93902;24,261;383,55;4,2306;1,75418;1,61213;7,469;9,0621;181,89;11,7767;2,0114;5,0897;10,8937;1,5097;49,6316;19,8486
2025-12-10 10:00:00;1,1633;0,87387;0,93704;24,25;383,75;4,2256;1,75024;1,61156;7,4691;9,0519;182,36;11,8083;2,0112;5,0894;10,873;1,5079;49,5984;19,7734
2025-12-10 11:00:00;1,16335;0,87417;0,93696;24,25;383,86;4,2258;1,75019;1,61093;7,4691;9,0525;182,34;11,803;2,011;5,0872;10,8606;1,5079;49,6044;19,7669
2025-12-11 10:00:00;1,17065;0,87493;0,93324;24,22;381,26;4,2275;1,75945;1,61597;7,4689;9,1099;182,47;11,8319;2,0163;5,0899;10,8364;1,5149;50,0057;19,7952
2025-12-11 11:00:00;1,17135;0,87502;0,93298;24,247;385,0;4,2286;1,75958;1,61576;7,4691;9,1156;182,48;11,8331;2,0154;5,0901;10,8285;1,5151;50,0388;19,8321
2025-12-12 10:00:00;1,17265;0,87675;0,93284;24,234;384,07;4,2249;1,75889;1,61337;7,4698;9,1299;182,84;11,855;2,0183;5,0902;10,8923;1,5148;50,1088;19,7781
2025-12-12 11:00:00;1,1727;0,87672;0,93265;24,226;383,94;4,2241;1,75936;1,6132;7,4698;9,1302;182,86;11,864;2,0184;5,0899;10,8927;1,5147;50,1103;19,7776
2025-12-15 10:00:00;1,1742;0,87758;0,93478;24,286;385,17;4,2187;1,76678;1,61726;7,4703;9,1381;182,11;11,9072;2,0294;5,0926;10,915;1,5139;50,1765;19,7413
2025-12-15 11:00:00;1,1749;0,87771;0,93499;24,284;385,09;4,2208;1,7665;1,61729;7,4702;9,1434;181,98;11,9108;2,0278;5,0928;10,9138;1,5144;50,2073;19,7165
2025-12-16 10:00:00;1,1757;0,87579;0,93586;24,332;384,72;4,2201;1,77197;1,61962;7,471;9,1459;182,08;11,9797;2,0332;5,093;10,9502;1,5162;50,2609;19,7278
2025-12-16 11:00:00;1,17615;0,87583;0,93574;24,329;384,7;4,2208;1,77211;1,62006;7,4709;9,1494;182,09;11,9811;2,0335;5,093;10,9461;1,5166;50,2789;19,7443
2025-12-17 10:00:00;1,17245;0,87929;0,93409;24,372;386,71;4,2164;1,77134;1,61591;7,4714;9,1222;182,27;11,9659;2,0295;5,0922;10,9458;1,5148;50,1343;19,6178
2025-12-17 11:00:00;1,171;0,87867;0,9334;24,35;387,31;4,2133;1,76982;1,61485;7,4716;9,1098;182,14;11,9751;2,0282;5,0917;10,9403;1,5132;50,074;19,6075
2025-12-18 10:00:00;1,1724;0,87807;0,93253;24,403;389,05;4,204;1,77448;1,61535;7,4716;9,123;182,74;11,9584;2,0329;5,0908;10,9109;1,5136;50,2079;19,6562
2025-12-18 11:00:00;1,1722;0,87769;0,93213;24,41;388,97;4,2062;1,77378;1,61531;7,4719;9,1212;182,61;11,9655;2,033;5,0912;10,9046;1,5132;50,2046;19,6572
2025-12-19 10:00:00;1,1716;0,87557;0,93142;24,339;386,69;4,2118;1,773;1,61615;7,4712;9,1162;184,33;11,9302;2,0376;5,0895;10,9116;1,5141;50,2018;19,6582
2025-12-19 11:00:00;1,1713;0,87587;0,93189;24,33;386,77;4,212;1,77309;1,61597;7,4713;9,1139;184,25;11,9242;2,0385;5,0898;10,9084;1,514;50,1822;19,6462
2025-12-22 10:00:00;1,1732;0,87324;0,93093;24,339;387,42;4,2107;1,76673;1,61519;7,4707;9,1269;184,66;11,8863;2,0284;5,0878;10,8621;1,5139;50,2683;19,5924
2025-12-22 11:00:00;1,1732;0,87305;0,93082;24,332;387,7;4,2137;1,7662;1,61513;7,4705;9,1269;184,67;11,8862;2,027;5,0884;10,852;1,5137;50,2736;19,5953
2025-12-23 10:00:00;1,17995;0,87313;0,92921;24,358;391,3;4,227;1,76204;1,61602;7,4703;9,1772;183,91;11,8742;2,0205;5,0903;10,8295;1,5159;50,7358;19,6862
2025-12-23 11:00:00;1,1794;0,87331;0,92901;24,32;390,98;4,2312;1,7624;1,61656;7,47;9,1733;183,93;11,8696;2,0202;5,0884;10,8262;1,5154;50,7156;19,6862
2025-12-24 10:00:00;1,1797;0,87275;0,92819;24,269;389,28;4,2115;1,75734;1,61286;7,4694;9,1731;183,88;11,7924;2,018;5,0891;10,8096;1,5139;50,7092;19,6053
2025-12-24 11:00:00;1,1792;0,87254;0,92744;24,278;389,78;4,2146;1,75712;1,61182;7,4691;9,1698;183,79;11,7862;2,0181;5,0888;10,8016;1,5137;50,6871;19,6171
2025-12-25 10:00:00;1,1797;0,87275;0,92819;24,269;389,28;4,2115;1,75734;1,61286;7,4694;9,1731;183,88;11,7924;2,018;5,0891;10,8096;1,5139;50,7092;19,6053
2025-12-25 11:00:00;1,1792;0,87254;0,92744;24,278;389,78;4,2146;1,75712;1,61182;7,4691;9,1698;183,79;11,7862;2,0181;5,0888;10,8016;1,5137;50,6871;19,6171
2025-12-26 10:00:00;1,1775;0,87287;0,9297;24,248;388,9;4,22;1,75668;1,61109;7,4694;9,1515;184,14;11,8022;2,0232;5,0903;10,8045;1,5121;50,5884;19,6314
2025-12-26 11:00:00;1,1777;0,87279;0,92985;24,248;388,66;4,2249;1,75671;1,61119;7,4698;9,1527;184,17;11,8042;2,0235;5,0898;10,8041;1,5123;50,5989;19,6416
2025-12-29 10:00:00;1,1769;0,87165;0,92963;24,239;387,69;4,2275;1,75631;1,61098;7,4686;9,1476;184,01;11,8276;2,0274;5,0922;10,7935;1,5122;50,5702;19,6009
2025-12-29 11:00:00;1,1767;0,87202;0,92977;24,265;387,59;4,2273;1,75732;1,61117;7,4689;9,1478;184,08;11,8136;2,0284;5,0941;10,7982;1,5128;50,5624;19,5693
2025-12-30 10:00:00;1,1773;0,87072;0,92809;24,254;386,14;4,229;1,75507;1,61117;7,4691;9,1634;183,49;11,8214;2,0273;5,096;10,816;1,51;50,593;19,584
2025-12-30 11:00:00;1,1767;0,87131;0,92844;24,256;385,99;4,2287;1,75627;1,61176;7,4689;9,1587;183,48;11,8294;2,0287;5,0966;10,8169;1,5096;50,565;19,5719
2025-12-31 10:00:00;1,1739;0,8737;0,9313;24,195;384,75;4,2238;1,75786;1,60931;7,4688;9,1368;183,89;11,8179;2,0374;5,0983;10,8087;1,5102;50,5462;19,4764
2025-12-31 11:00:00;1,1746;0,87311;0,93097;24,199;384,75;4,2196;1,75681;1,60968;7,4687;9,1431;183,97;11,8152;2,0365;5,097;10,7989;1,5099;50,5762;19,4447
2026-01-01 10:00:00;1,1739;0,8737;0,9313;24,195;384,75;4,2238;1,75786;1,60931;7,4688;9,1368;183,89;11,8179;2,0374;5,0983;10,8087;1,5102;50,5462;19,4764
2026-01-01 11:00:00;1,1746;0,87311;0,93097;24,199;384,75;4,2196;1,75681;1,60968;7,4687;9,1431;183,97;11,8152;2,0365;5,097;10,7989;1,5099;50,5762;19,4447
2026-01-02 10:00:00;1,1722;0,87146;0,92979;24,168;383,58;4,2131;1,74981;1,6083;7,4696;9,1348;183,84;11,8128;2,0305;5,0901;10,8176;1,5076;50,4784;19,3624
2026-01-02 11:00:00;1,17205;0,87222;0,92967;24,168;383,53;4,2122;1,75194;1,60891;7,4692;9,1334;183,93;11,8144;2,0316;5,0899;10,8212;1,5081;50,4729;19,3647
2026-01-05 10:00:00;1,16885;0,86826;0,92889;24,172;384,45;4,2166;1,74847;1,60925;7,4697;9,1035;183,07;11,7883;2,0285;5,09;10,7744;1,5044;50,3515;19,2515
2026-01-05 11:00:00;1,1683;0,86798;0,92845;24,171;383,92;4,2168;1,74777;1,60832;7,4699;9,099;182,98;11,7834;2,029;5,0901;10,7767;1,5035;50,3264;19,2224
2026-01-06 10:00:00;1,1712;0,86541;0,92818;24,194;385,02;4,211;1,74377;1,61196;7,4721;9,1208;183,22;11,7307;2,0231;5,0893;10,7633;1,4987;50,4535;19,1846
2026-01-06 11:00:00;1,1706;0,86589;0,92864;24,209;385,05;4,2123;1,74248;1,61195;7,4728;9,1162;183,15;11,7287;2,0225;5,0897;10,7659;1,4978;50,4309;19,18
2026-01-07 10:00:00;1,1688;0,86591;0,93025;24,235;384,76;4,2122;1,73477;1,61369;7,4724;9,1004;182,93;11,7531;2,019;5,0886;10,749;1,4978;50,3524;19,1933
2026-01-07 11:00:00;1,1688;0,86571;0,93089;24,252;384,59;4,2134;1,73438;1,61357;7,4723;9,0998;182,94;11,7537;2,0185;5,0887;10,7465;1,4977;50,3587;19,1903
2026-01-08 10:00:00;1,16785;0,86861;0,93078;24,265;385,12;4,2117;1,7441;1,61995;7,4724;9,1005;183,0;11,8102;2,0318;5,0866;10,7533;1,4998;50,403;19,2378
2026-01-08 11:00:00;1,1678;0,86838;0,93097;24,273;384,85;4,2086;1,74377;1,61947;7,472;9,1002;183,06;11,7896;2,031;5,0883;10,7533;1,4996;50,4014;19,2575
2026-01-09 10:00:00;1,1646;0,86859;0,93133;24,31;385,74;4,2115;1,74341;1,61547;7,4727;9,0779;183,63;11,7563;2,0328;5,0885;10,7404;1,4987;50,285;19,2683
2026-01-09 11:00:00;1,1646;0,86833;0,93133;24,305;385,75;4,2122;1,74237;1,61535;7,4725;9,0789;183,53;11,7541;2,0328;5,0884;10,7353;1,4983;50,2819;19,269
2026-01-12 10:00:00;1,1685;0,86761;0,93129;24,298;386,66;4,2109;1,74143;1,62158;7,4727;9,1104;184,46;11,7543;2,0294;5,0902;10,7201;1,5027;50,4474;19,1747
2026-01-12 11:00:00;1,1677;0,86773;0,93147;24,293;387,0;4,2106;1,74128;1,6207;7,4721;9,1047;184,38;11,7598;2,0283;5,0897;10,7085;1,5019;50,4129;19,1739
2026-01-13 10:00:00;1,16655;0,86594;0,93126;24,271;385,92;4,2104;1,74138;1,61934;7,4723;9,1005;185,28;11,763;2,0242;5,0894;10,7095;1,5013;50,3934;19,1637
2026-01-13 11:00:00;1,1668;0,86616;0,93146;24,256;386,16;4,2112;1,74045;1,61898;7,4725;9,1034;185,36;11,75;2,0239;5,0896;10,7081;1,5018;50,4034;19,1676
2026-01-14 10:00:00;1,1656;0,86636;0,93365;24,219;385,87;4,2125;1,74334;1,6186;7,4723;9,0885;184,96;11,7361;2,0296;5,0896;10,724;1,5008;50,3647;19,1243
2026-01-14 11:00:00;1,1646;0,866;0,93284;24,225;386,04;4,216;1,74302;1,61675;7,4722;9,0798;184,88;11,7246;2,0286;5,0893;10,7186;1,4999;50,3231;19,1013
2026-01-15 10:00:00;1,1636;0,867;0,93135;24,256;385,73;4,208;1,73698;1,61737;7,4718;9,076;184,37;11,7168;2,0231;5,0884;10,6848;1,4976;50,399;19,0254
2026-01-15 11:00:00;1,1631;0,86682;0,93188;24,263;385,45;4,2096;1,73675;1,61644;7,4722;9,0721;184,41;11,711;2,0242;5,0881;10,6855;1,4975;50,3749;19,0294
2026-01-16 10:00:00;1,1614;0,86633;0,93115;24,272;385,29;4,2209;1,73175;1,61353;7,4714;9,0585;183,64;11,7082;2,016;5,0894;10,7067;1,4957;50,2633;19,0367
2026-01-16 11:00:00;1,162;0,86665;0,93123;24,275;384,94;4,2225;1,73329;1,61379;7,4713;9,0633;183,69;11,7126;2,016;5,0906;10,7077;1,4961;50,2905;19,0322
2026-01-19 10:00:00;1,1625;0,86683;0,92861;24,282;386,15;4,2256;1,73456;1,61429;7,4712;9,0645;183,5;11,738;2,0102;5,0913;10,7371;1,494;50,3404;19,1136
2026-01-19 11:00:00;1,16275;0,86721;0,92869;24,284;386,2;4,2264;1,7348;1,61499;7,4711;9,0664;183,77;11,7411;2,0108;5,0916;10,7359;1,4944;50,3559;19,1528
2026-01-20 10:00:00;1,1729;0,87017;0,92612;24,324;385,83;4,2284;1,74215;1,62158;7,4707;9,1466;185,11;11,7427;2,0094;5,0928;10,7119;1,5039;50,8087;19,2847
2026-01-20 11:00:00;1,17365;0,87157;0,92671;24,318;385,7;4,2294;1,7421;1,62168;7,4709;9,1521;185,1;11,7367;2,009;5,0927;10,7087;1,5046;50,8407;19,2908
2026-01-21 10:00:00;1,1707;0,87327;0,92755;24,34;385,38;4,2259;1,73553;1,61983;7,4704;9,1288;184,99;11,6698;2,0041;5,0954;10,6839;1,5028;50,7301;19,136
2026-01-21 11:00:00;1,1715;0,87344;0,92654;24,347;385,56;4,2277;1,73568;1,62012;7,4705;9,1348;185,03;11,6489;2,0029;5,0965;10,67;1,5032;50,7634;19,1578
2026-01-22 10:00:00;1,1694;0,86951;0,9278;24,327;383,66;4,2117;1,71903;1,61638;7,4688;9,1184;185,51;11,5795;1,9915;5,094;10,5987;1,5012;50,7533;18,9333
2026-01-22 11:00:00;1,1702;0,87179;0,92785;24,315;383,06;4,2103;1,72046;1,6179;7,4686;9,1246;185,58;11,5711;1,9918;5,0936;10,5973;1,5021;50,7685;18,9758
2026-01-23 10:00:00;1,1733;0,8675;0,92761;24,249;382,47;4,2063;1,71443;1,61733;7,469;9,149;185,62;11,5705;1,989;5,0941;10,5975;1,5012;50,9089;18,9622
2026-01-23 11:00:00;1,1737;0,86819;0,92781;24,257;382,37;4,205;1,71301;1,61729;7,4685;9,152;185,64;11,5589;1,9873;5,0946;10,5849;1,5014;50,9248;18,938
2026-01-26 10:00:00;1,186;0,86753;0,9214;24,25;381,99;4,2078;1,71325;1,6222;7,4681;9,2476;182,13;11,5873;1,9863;5,0964;10,6094;1,5043;51,4823;18,9908
2026-01-26 11:00:00;1,1856;0,86743;0,92157;24,243;381,67;4,2057;1,71305;1,62243;7,4676;9,2446;182,24;11,5849;1,9861;5,0957;10,6053;1,5048;51,4662;19,0086
2026-01-27 10:00:00;1,18875;0,8677;0,92164;24,234;381,97;4,2031;1,71586;1,62947;7,4675;9,2738;182,75;11,5947;1,9894;5,0959;10,606;1,5059;51,6373;19,0584
2026-01-27 11:00:00;1,1896;0,86769;0,92123;24,249;381,83;4,203;1,71635;1,6304;7,4678;9,2802;182,82;11,5974;1,989;5,0959;10,6098;1,5066;51,6765;19,0705
2026-01-28 10:00:00;1,1989;0,86918;0,91944;24,298;380,43;4,2017;1,71027;1,6254;7,4665;9,3542;182,9;11,5365;1,9853;5,0958;10,5664;1,511;52,0848;19,0327
2026-01-28 11:00:00;1,197;0,86912;0,9193;24,311;380,98;4,2031;1,70915;1,62462;7,4669;9,339;182,66;11,5368;1,9841;5,0961;10,5731;1,51;52,0075;19,0224
2026-01-29 10:00:00;1,1944;0,86639;0,91766;24,323;381,62;4,207;1,69768;1,61916;7,4666;9,3219;183,23;11,4461;1,9726;5,0954;10,5777;1,5113;51,9784;18,8374
2026-01-29 11:00:00;1,1948;0,86624;0,91785;24,317;380,97;4,2047;1,6974;1,61862;7,4669;9,3254;183,33;11,4365;1,9716;5,0962;10,565;1,5115;51,9991;18,8456
2026-01-30 10:00:00;1,1921;0,86711;0,91649;24,334;381,72;4,2113;1,70385;1,6138;7,4674;9,3079;183,77;11,4455;1,9707;5,0963;10,5589;1,5116;51,9001;19,0334
2026-01-30 11:00:00;1,1947;0,86717;0,91669;24,33;380,87;4,2068;1,70161;1,61379;7,4672;9,328;183,87;11,4014;1,9679;5,0956;10,5242;1,5131;52,0133;18,9806
2026-02-02 10:00:00;1,1866;0,86594;0,92068;24,311;380,93;4,216;1,70562;1,61762;7,4695;9,2681;183,66;11,4694;1,9718;5,0961;10,5803;1,5077;51,6486;19,0507
2026-02-02 11:00:00;1,1864;0,86611;0,91993;24,293;381,06;4,2179;1,70509;1,61735;7,4694;9,2661;183,64;11,4687;1,9717;5,0961;10,5816;1,5072;51,6386;18,9883
2026-02-03 10:00:00;1,1788;0,86308;0,91781;24,305;380,62;4,2207;1,68316;1,61271;7,4686;9,2104;183,81;11,4318;1,9549;5,0949;10,562;1,4983;51,3165;18,8891
2026-02-03 11:00:00;1,1789;0,86328;0,91754;24,314;380,68;4,2222;1,68414;1,61249;7,4688;9,2115;183,84;11,4273;1,9554;5,095;10,5546;1,4986;51,3239;18,8839
2026-02-04 10:00:00;1,1813;0,86138;0,91752;24,359;380,84;4,2263;1,68252;1,61371;7,4681;9,229;185,15;11,4082;1,9624;5,0942;10,5821;1,5025;51,4353;18,8932
2026-02-04 11:00:00;1,1812;0,86162;0,91708;24,348;380,74;4,2249;1,68238;1,61393;7,4681;9,2284;185,2;11,4004;1,9622;5,0949;10,571;1,5025;51,4295;18,8861
2026-02-05 10:00:00;1,1788;0,86756;0,91687;24,311;379,38;4,216;1,69016;1,61381;7,4663;9,2083;185,35;11,4164;1,968;5,0943;10,6162;1,5018;51,4332;19,0514
2026-02-05 11:00:00;1,1792;0,86626;0,91683;24,31;379,44;4,2152;1,68916;1,61341;7,466;9,2125;185,31;11,4112;1,9674;5,0941;10,6199;1,5017;51,4496;19,0401
2026-02-06 10:00:00;1,1793;0,86854;0,91726;24,22;378,45;4,2147;1,69075;1,61416;7,4673;9,2155;185,1;11,4771;1,9701;5,0921;10,6669;1,5017;51,475;19,0633
2026-02-06 11:00:00;1,17905;0,86778;0,91736;24,228;377,69;4,2162;1,68773;1,6127;7,4672;9,2125;185,18;11,4587;1,9671;5,0922;10,6676;1,5013;51,4643;19,0203
2026-02-09 10:00:00;1,18595;0,87125;0,91615;24,228;377,35;4,2144;1,68915;1,61852;7,469;9,2691;185,82;11,4608;1,9746;5,0933;10,673;1,5059;51,7406;19,0423
2026-02-09 11:00:00;1,187;0,87017;0,91577;24,221;377,18;4,2133;1,68692;1,61823;7,4689;9,2775;185,71;11,448;1,9711;5,0928;10,6767;1,5062;51,7818;19,0129
2026-02-10 10:00:00;1,19115;0,87162;0,91254;24,245;377,71;4,2145;1,68384;1,61537;7,4713;9,3116;184,8;11,3496;1,971;5,0909;10,633;1,5074;52,0074;18,9605
2026-02-10 11:00:00;1,1903;0,87118;0,91254;24,247;377,85;4,2154;1,68264;1,61439;7,4713;9,3053;184,83;11,3348;1,9694;5,0909;10,6277;1,5072;51,9736;18,9656
2026-02-11 10:00:00;1,1924;0,86979;0,91302;24,252;378,68;4,216;1,67437;1,61051;7,4701;9,3213;182,77;11,269;1,9641;5,0907;10,5524;1,5043;52,075;18,8999
2026-02-11 11:00:00;1,1909;0,86978;0,91235;24,247;378,97;4,215;1,67426;1,61205;7,4699;9,3089;182,79;11,2695;1,9642;5,0906;10,5571;1,5032;52,0095;18,9017
2026-02-12 10:00:00;1,18765;0,87084;0,91235;24,249;380,11;4,216;1,66746;1,61113;7,4708;9,2839;181,81;11,2731;1,9566;5,093;10,5552;1,4978;51,974;18,8715
2026-02-12 11:00:00;1,1883;0,87071;0,91154;24,246;379,58;4,2134;1,66709;1,61106;7,471;9,2893;182,17;11,2523;1,957;5,0922;10,5401;1,4983;52,0083;18,8637
2026-02-13 10:00:00;1,18565;0,87065;0,91271;24,26;378,95;4,2132;1,67868;1,61438;7,4704;9,2701;181,95;11,2898;1,9649;5,0946;10,6075;1,4988;51,8608;19,042
2026-02-13 11:00:00;1,1858;0,87169;0,91283;24,255;379,03;4,2128;1,68222;1,61524;7,471;9,2713;181,82;11,3289;1,9698;5,0943;10,6255;1,499;51,8669;19,0282
2026-02-16 10:00:00;1,18665;0,8694;0,91348;24,249;377,62;4,2095;1,67488;1,61567;7,4716;9,2763;182,22;11,2886;1,964;5,0959;10,6114;1,4976;51,9013;18,9094
2026-02-16 11:00:00;1,1862;0,86927;0,91326;24,257;377,44;4,2099;1,67483;1,61589;7,4713;9,2726;181,93;11,2868;1,9629;5,0956;10,6145;1,4968;51,884;18,929
2026-02-17 10:00:00;1,1844;0,8712;0,91128;24,268;377,75;4,2159;1,67596;1,61581;7,4711;9,2575;181,21;11,2525;1,9587;5,0966;10,6241;1,4953;51,839;19,0052
2026-02-17 11:00:00;1,183;0,87216;0,9115;24,269;377,87;4,2159;1,6754;1,61425;7,4711;9,247;181,18;11,2457;1,9589;5,0965;10,6309;1,4947;51,7686;18,9784
2026-02-18 10:00:00;1,1832;0,87212;0,91343;24,258;377,75;4,2155;1,67272;1,61571;7,4712;9,2483;181,98;11,234;1,97;5,0934;10,6361;1,4959;51,8071;18,9027
2026-02-18 11:00:00;1,1834;0,87201;0,91252;24,258;378,13;4,217;1,67371;1,6145;7,4713;9,2499;181,88;11,2174;1,9707;5,0932;10,6318;1,4959;51,818;18,9443
2026-02-19 10:00:00;1,1789;0,87404;0,91211;24,241;379,45;4,2245;1,67149;1,61265;7,4713;9,2131;182,38;11,2421;1,9734;5,0958;10,6655;1,4941;51,7192;19,0496
2026-02-19 11:00:00;1,178;0,87467;0,91189;24,241;379,61;4,2208;1,67235;1,61271;7,4717;9,2058;182,15;11,2491;1,974;5,0965;10,6779;1,4936;51,6871;19,0696
2026-02-20 10:00:00;1,17645;0,8729;0,91316;24,238;379,21;4,2231;1,66742;1,6102;7,4718;9,194;182,59;11,2632;1,9746;5,0976;10,6695;1,4926;51,6233;18,9492
2026-02-20 11:00:00;1,1768;0,87339;0,91343;24,243;379,45;4,2247;1,66969;1,61038;7,4715;9,1969;182,68;11,2595;1,9762;5,0974;10,6685;1,4931;51,6383;18,9528
2026-02-23 10:00:00;1,1799;0,87348;0,91407;24,232;379,72;4,2161;1,667;1,61333;7,4717;9,225;182,66;11,2724;1,9744;5,0972;10,6925;1,4933;51,7589;18,8706
2026-02-23 11:00:00;1,1785;0,87351;0,91487;24,231;379,67;4,2156;1,6669;1,61282;7,4715;9,2146;182,57;11,2594;1,975;5,0971;10,6939;1,4925;51,7042;18,8746
2026-02-24 10:00:00;1,17855;0,87342;0,91173;24,223;379,02;4,219;1,67052;1,61489;7,4709;9,2196;183,7;11,259;1,9764;5,0949;10,6852;1,4926;51,7289;18,8225
2026-02-24 11:00:00;1,17815;0,87354;0,91153;24,225;378,95;4,2198;1,67185;1,61529;7,4707;9,2158;183,58;11,2649;1,9781;5,0941;10,6842;1,4924;51,7102;18,8432
2026-02-25 10:00:00;1,1781;0,87183;0,91256;24,218;376,05;4,2202;1,66351;1,61357;7,4715;9,2137;184,67;11,3003;1,9742;5,0956;10,6684;1,4912;51,7244;18,7611
2026-02-25 11:00:00;1,1775;0,87196;0,91315;24,22;375,96;4,2231;1,66337;1,61352;7,4714;9,209;184,62;11,3167;1,975;5,0942;10,6828;1,4907;51,6945;18,7239
2026-02-26 10:00:00;1,1797;0,87159;0,9138;24,24;375,32;4,2227;1,65851;1,61374;7,4717;9,2295;184,0;11,3009;1,9711;5,0951;10,6691;1,4909;51,8835;18,7522
2026-02-26 11:00:00;1,18005;0,87211;0,91477;24,239;375,26;4,2225;1,65924;1,61469;7,4718;9,232;184,17;11,2948;1,9723;5,0947;10,6749;1,4911;51,8977;18,7519
2026-02-27 10:00:00;1,1799;0,87569;0,91171;24,25;375,46;4,2224;1,65973;1,61321;7,4722;9,2321;184,06;11,2273;1,9714;5,0949;10,6784;1,4936;51,9104;18,7826
2026-02-27 11:00:00;1,1801;0,87603;0,91127;24,246;375,73;4,2225;1,66013;1,61337;7,472;9,2332;184,0;11,2229;1,9721;5,095;10,6781;1,4938;51,9208;18,775
2026-03-02 10:00:00;1,17375;0,87554;0,90725;24,257;378,72;4,2283;1,65608;1,60228;7,4714;9,1813;184,18;11,1824;1,969;5,0977;10,6913;1,4918;51,6437;18,8575
2026-03-02 11:00:00;1,1734;0,87482;0,90915;24,26;378,86;4,2294;1,65653;1,60262;7,4713;9,1789;184,16;11,182;1,9691;5,0974;10,6862;1,4919;51,6286;18,8435
2026-03-03 10:00:00;1,1596;0,87257;0,91249;24,337;387,13;4,2789;1,65044;1,58957;7,4704;9,0482;182,98;11,2554;1,9738;5,0985;10,7472;1,4832;51,046;18,9852
2026-03-03 11:00:00;1,1597;0,87238;0,9121;24,333;387,21;4,2858;1,65105;1,58942;7,4705;9,0481;182,9;11,2387;1,9693;5,0984;10,7422;1,483;51,0519;18,9849
2026-03-04 10:00:00;1,1634;0,8697;0,90885;24,349;384,72;4,2644;1,65115;1,59024;7,4719;9,0952;183,01;11,2276;1,9679;5,0965;10,708;1,4835;51,1881;19,0368
2026-03-04 11:00:00;1,1634;0,86977;0,90838;24,377;385,02;4,2617;1,65021;1,58972;7,4715;9,0943;182,9;11,2244;1,9682;5,096;10,7008;1,4836;51,1984;19,0407
2026-03-05 10:00:00;1,1612;0,86981;0,90585;24,389;386,11;4,2721;1,64779;1,58389;7,4716;9,0827;182,65;11,2177;1,9618;5,0938;10,6883;1,4824;51,2191;19,1311
2026-03-05 11:00:00;1,1609;0,86907;0,90585;24,397;387,36;4,2784;1,64667;1,5825;7,4714;9,08;182,66;11,216;1,9597;5,0937;10,6807;1,4824;51,2059;19,1551
2026-03-06 10:00:00;1,1581;0,86804;0,90506;24,384;392,24;4,2779;1,65183;1,58178;7,471;9,0558;182,81;11,1773;1,9692;5,0944;10,6905;1,4824;51,0959;19,2593
2026-03-06 11:00:00;1,1563;0,86803;0,90434;24,41;393,14;4,2858;1,65351;1,58036;7,4707;9,0426;182,65;11,1727;1,9715;5,0943;10,7093;1,4818;51,0181;19,3432
2026-03-09 10:00:00;1,15565;0,86617;0,90066;24,426;396,99;4,2835;1,64716;1,56612;7,4707;9,0329;183,07;11,1302;1,9557;5,0978;10,6789;1,4792;51,0065;19,3567
2026-03-09 11:00:00;1,1561;0,86648;0,90037;24,415;397,94;4,2794;1,64827;1,56506;7,4707;9,0368;183,22;11,1574;1,9578;5,0981;10,6865;1,4802;51,0235;19,4061
2026-03-10 10:00:00;1,1653;0,86569;0,90357;24,36;384,83;4,2557;1,63804;1,58217;7,4708;9,1177;183,69;11,1787;1,9621;5,0935;10,6247;1,4824;51,3828;18,965
2026-03-10 11:00:00;1,1637;0,8652;0,90361;24,361;386,12;4,2557;1,63671;1,57954;7,4704;9,1049;183,63;11,1671;1,9607;5,0953;10,6079;1,4806;51,3155;18,9549
2026-03-11 10:00:00;1,1592;0,86411;0,90255;24,406;388,11;4,2741;1,62217;1,57331;7,4717;9,0732;183,71;11,1586;1,9584;5,0939;10,6612;1,4766;51,1581;19,0219
2026-03-11 11:00:00;1,16075;0,8633;0,90353;24,378;386,15;4,259;1,62048;1,57495;7,4717;9,0847;183,72;11,1802;1,9571;5,0931;10,6564;1,4768;51,2222;18,9472
2026-03-12 10:00:00;1,156;0,86314;0,90226;24,398;387,71;4,2631;1,6195;1,57039;7,4724;9,0475;183,5;11,1679;1,9567;5,0941;10,695;1,4734;51,1364;19,1005
2026-03-12 11:00:00;1,1557;0,86298;0,90249;24,403;387,67;4,2592;1,61999;1,5705;7,4722;9,0458;183,44;11,1841;1,9572;5,0936;10,7018;1,4736;51,1162;19,1088
2026-03-13 10:00:00;1,1454;0,86354;0,90298;24,432;392,15;4,2694;1,62768;1,56558;7,4723;8,9658;182,67;11,1617;1,9684;5,0946;10,7758;1,4669;50,676;19,2763
2026-03-13 11:00:00;1,146;0,86419;0,90316;24,439;392,13;4,2683;1,62807;1,56749;7,4728;8,9704;182,68;11,1813;1,9681;5,0947;10,7766;1,4676;50,6988;19,2525
2026-03-16 10:00:00;1,1451;0,86423;0,90371;24,437;391,57;4,2693;1,63004;1,5686;7,4718;8,9672;182,41;11,1348;1,9665;5,0937;10,7749;1,4664;50,6537;19,318
2026-03-16 11:00:00;1,1474;0,86459;0,90438;24,431;390,17;4,2634;1,62786;1,57118;7,4721;8,9848;182,71;11,1465;1,9654;5,0943;10,7664;1,4678;50,7468;19,2724
2026-03-17 10:00:00;1,1513;0,86363;0,90607;24,448;390,69;4,2665;1,62429;1,57687;7,4722;9,0233;183,22;11,0871;1,9707;5,0934;10,7123;1,4712;50,9375;19,216
2026-03-17 11:00:00;1,1507;0,86356;0,90526;24,456;390,94;4,2674;1,62414;1,5765;7,4724;9,0177;183,09;11,086;1,9712;5,093;10,7229;1,4708;50,9149;19,2892
2026-03-18 10:00:00;1,1538;0,86375;0,90712;24,433;388,63;4,2613;1,62233;1,57977;7,4724;9,0442;183,39;11,0638;1,9679;5,0935;10,7243;1,4729;51,1875;19,1762
2026-03-18 11:00:00;1,154;0,8641;0,90704;24,444;389,56;4,2645;1,62444;1,5808;7,4723;9,0457;183,51;11,0775;1,97;5,0938;10,7399;1,4734;51,2009;19,23
2026-03-19 10:00:00;1,1481;0,86408;0,91199;24,487;392,44;4,2783;1,6262;1,57654;7,4726;8,9919;182,74;10,9989;1,9717;5,0966;10,7808;1,4721;50,8849;19,3691
2026-03-19 11:00:00;1,14745;0,86398;0,91268;24,505;392,74;4,2795;1,62736;1,57605;7,4716;8,9888;182,6;10,9949;1,9729;5,0964;10,782;1,4721;50,8551;19,4121
2026-03-20 10:00:00;1,1549;0,8629;0,91041;24,506;392,89;4,2769;1,63468;1,58428;7,4715;9,0503;183,44;11,0283;1,9695;5,0948;10,7696;1,4787;51,2082;19,5674
2026-03-20 11:00:00;1,156;0,86404;0,91127;24,515;393,17;4,2794;1,63623;1,58666;7,4715;9,0588;183,47;11,0385;1,972;5,0953;10,7748;1,4797;51,2624;19,5796
2026-03-23 10:00:00;1,1494;0,86643;0,91159;24,531;395,05;4,2868;1,65572;1,58042;7,472;8,9992;183,41;11,1753;1,9886;5,0977;10,885;1,4777;51,0139;19,7774
2026-03-23 11:00:00;1,1486;0,86599;0,91153;24,519;394,14;4,2869;1,65935;1,57932;7,4715;8,9933;183,32;11,2239;1,9917;5,0989;10,9031;1,4776;50,9805;19,7472
2026-03-24 10:00:00;1,1596;0,86518;0,91214;24,48;389,2;4,2728;1,66299;1,59334;7,4716;9,0796;183,94;11,2616;1,989;5,0973;10,8281;1,483;51,4761;19,6914
2026-03-24 11:00:00;1,1588;0,86484;0,9129;24,486;389,91;4,2728;1,6616;1,59155;7,4711;9,0714;183,94;11,237;1,9866;5,0958;10,8122;1,4821;51,4403;19,6921
2026-03-25 10:00:00;1,1597;0,86587;0,91628;24,429;389,18;4,2691;1,66492;1,59962;7,472;9,0697;184,31;11,2907;1,994;5,0947;10,8191;1,4841;51,491;19,591
2026-03-25 11:00:00;1,1604;0,86539;0,91579;24,422;389,21;4,2657;1,66557;1,6007;7,4714;9,0722;184,39;11,2958;1,9942;5,0951;10,8016;1,4844;51,5232;19,5878
2026-03-26 10:00:00;1,1559;0,86578;0,91559;24,467;387,8;4,2712;1,66676;1,5984;7,4719;9,0438;184,39;11,1788;1,9971;5,096;10,8391;1,4836;51,4379;19,6736
2026-03-26 11:00:00;1,1557;0,86543;0,91531;24,468;388,14;4,2735;1,66671;1,59824;7,4719;9,042;184,32;11,1494;1,9971;5,0956;10,8222;1,4833;51,4288;19,6638
2026-03-27 10:00:00;1,1519;0,86557;0,91853;24,525;389,15;4,2856;1,67075;1,59565;7,4718;9,0215;184,15;11,1586;1,9971;5,0972;10,8676;1,4823;51,2676;19,7382
2026-03-27 11:00:00;1,1512;0,86543;0,91797;24,549;389,62;4,2874;1,6701;1,59445;7,4722;9,0188;184,1;11,1541;1,9965;5,099;10,8634;1,4818;51,2367;19,7949
2026-03-30 10:00:00;1,14945;0,8683;0,91899;24,542;390,0;4,2868;1,67632;1,59938;7,4725;9,0061;183,48;11,256;2,0092;5,0985;10,9161;1,4824;51,1672;19,733
2026-03-30 11:00:00;1,149;0,86848;0,91851;24,546;389,6;4,2891;1,67566;1,5983;7,4725;9,0016;183,37;11,2155;2,0084;5,0986;10,9056;1,4821;51,1468;19,7166
2026-03-31 10:00:00;1,1467;0,86792;0,91793;24,524;386,3;4,2914;1,67279;1,59877;7,4731;8,9896;183,08;11,2254;2,0096;5,0991;10,9578;1,48;51,0554;19,6599
2026-03-31 11:00:00;1,146;0,86808;0,91795;24,527;385,79;4,2936;1,6725;1,59791;7,4728;8,9841;183,06;11,2199;2,0091;5,0992;10,9735;1,4796;51,0247;19,6522
2026-04-01 10:00:00;1,1595;0,87233;0,9196;24,518;382,46;4,2835;1,67027;1,60995;7,4729;9,0892;183,99;11,1975;2,0106;5,0984;10,8925;1,4875;51,841;19,4949
2026-04-01 11:00:00;1,1598;0,87183;0,91914;24,509;382,01;4,2821;1,67022;1,61118;7,4727;9,0909;183,82;11,2168;2,0107;5,0969;10,8972;1,4876;51,8566;19,4729
2026-04-02 10:00:00;1,15255;0,87311;0,92169;24,533;383,49;4,2881;1,67644;1,60398;7,4723;9,0342;183,93;11,2242;2,0167;5,0983;10,9453;1,4833;51,5577;19,559
2026-04-02 11:00:00;1,1512;0,87288;0,92177;24,525;383,95;4,2851;1,67691;1,60325;7,472;9,0225;183,79;11,228;2,0179;5,0982;10,943;1,4824;51,4995;19,5537
2026-04-03 10:00:00;1,15255;0,87311;0,92169;24,533;383,49;4,2881;1,67644;1,60398;7,4723;9,0342;183,93;11,2242;2,0167;5,0983;10,9453;1,4833;51,5577;19,559
2026-04-03 11:00:00;1,1512;0,87288;0,92177;24,525;383,95;4,2851;1,67691;1,60325;7,472;9,0225;183,79;11,228;2,0179;5,0982;10,943;1,4824;51,4995;19,5537
2026-04-06 10:00:00;1,1549;0,87195;0,92149;24,502;382,14;4,269;1,66748;1,60761;7,4724;9,0512;184,15;11,2397;2,0191;5,0959;10,8779;1,4828;51,5477;19,4493
2026-04-06 11:00:00;1,1549;0,87189;0,92132;24,5;382,85;4,2677;1,667;1,60807;7,4726;9,0512;184,15;11,2448;2,0191;5,0962;10,8729;1,483;51,5501;19,458
2026-04-07 10:00:00;1,1563;0,8715;0,92319;24,501;381,01;4,2699;1,66578;1,60933;7,4724;9,0602;184,57;11,2131;2,0236;5,0957;10,968;1,4838;51,6277;19,4517
2026-04-07 11:00:00;1,15525;0,87245;0,92397;24,525;381,14;4,2717;1,66727;1,60827;7,4727;9,0523;184,58;11,2125;2,0253;5,0955;11,0051;1,484;51,5836;19,5122
2026-04-08 10:00:00;1,1681;0,87003;0,9214;24,408;379,26;4,2597;1,65994;1,62003;7,4726;9,1497;185,1;11,1843;2,0074;5,0949;10,8313;1,4894;52,0644;19,2191
2026-04-08 11:00:00;1,169;0,8696;0,92176;24,397;377,52;4,2586;1,66051;1,62128;7,4726;9,1562;185,18;11,1725;2,0079;5,0941;10,8283;1,49;52,0894;19,1833
2026-04-09 10:00:00;1,1674;0,87093;0,92365;24,403;378,04;4,2584;1,65989;1,61734;7,4729;9,1463;185,6;11,1244;2,0017;5,0927;10,8772;1,4888;52,1528;19,2207
2026-04-09 11:00:00;1,1674;0,87113;0,92411;24,404;377,72;4,2588;1,66036;1,61711;7,4728;9,1463;185,7;11,1215;2,0021;5,0928;10,8899;1,4888;52,1534;19,2341
2026-04-10 10:00:00;1,1709;0,87134;0,92478;24,375;377,5;4,2474;1,65697;1,61999;7,4725;9,1717;186,48;11,1189;2,0043;5,0908;10,8631;1,4922;52,3628;19,2401
2026-04-10 11:00:00;1,17135;0,87167;0,92455;24,369;377,41;4,2446;1,65726;1,62079;7,4727;9,1747;186,48;11,1309;2,0047;5,0908;10,8495;1,4924;52,373;19,2185
2026-04-13 10:00:00;1,1687;0,87025;0,92362;24,381;367,16;4,2535;1,65844;1,61788;7,4724;9,1526;186,68;11,0919;2,005;5,0924;10,8857;1,4909;52,3083;19,3226
2026-04-13 11:00:00;1,16935;0,87044;0,92379;24,376;367,05;4,2532;1,65889;1,61843;7,4726;9,1581;186,73;11,1003;2,0051;5,0922;10,8884;1,4916;52,3359;19,3234
2026-04-14 10:00:00;1,17875;0,87038;0,92025;24,359;363,31;4,2441;1,65718;1,62207;7,4726;9,2344;187,38;11,1136;1,9992;5,0914;10,7988;1,4993;52,7746;19,2886
2026-04-14 11:00:00;1,1797;0,87005;0,92099;24,369;363,55;4,2449;1,65688;1,62261;7,4726;9,2409;187,36;11,1077;2,0008;5,0913;10,8094;1,5;52,8116;19,3188
2026-04-15 10:00:00;1,178;0,86912;0,92096;24,357;364,13;4,2387;1,64951;1,62251;7,4728;9,2295;187,2;11,1163;1,9966;5,0913;10,8457;1,4983;52,7546;19,2763
2026-04-15 11:00:00;1,1778;0,8691;0,92151;24,351;364,28;4,241;1,65004;1,62282;7,4728;9,2284;187,21;11,115;1,9959;5,091;10,8398;1,4985;52,7496;19,3097
2026-04-16 10:00:00;1,178;0,87008;0,92308;24,351;365,09;4,2419;1,64319;1,61719;7,4733;9,2215;187,36;11,0728;2,0;5,0917;10,8238;1,4983;52,836;19,3214
2026-04-16 11:00:00;1,1779;0,86975;0,92347;24,349;364,82;4,2431;1,6435;1,61758;7,4732;9,219;187,32;11,068;2,0002;5,0934;10,828;1,4985;52,8308;19,3178
2026-04-17 10:00:00;1,17935;0,87153;0,92261;24,322;363,42;4,2316;1,64427;1,61305;7,473;9,2354;187,56;11,0417;2,0035;5,0989;10,812;1,5001;52,9581;19,3078
2026-04-17 11:00:00;1,1794;0,87221;0,923;24,323;363,23;4,2319;1,64457;1,61365;7,473;9,236;187,71;11,0426;2,0048;5,0989;10,8106;1,5008;52,9591;19,3208
2026-04-20 10:00:00;1,1764;0,87057;0,91924;24,296;362,11;4,2346;1,64382;1,61054;7,4733;9,2126;186,98;10,9878;2,0007;5,0989;10,7797;1,4958;52,8391;19,2723
2026-04-20 11:00:00;1,177;0,87076;0,91947;24,284;361,96;4,2337;1,64477;1,61148;7,4735;9,216;187,06;10,9875;2,0024;5,0989;10,7778;1,4963;52,8663;19,2726
2026-04-21 10:00:00;1,1761;0,87077;0,91689;24,301;362,07;4,2302;1,64398;1,60637;7,4729;9,2097;187,2;10,9784;1,992;5,0987;10,767;1,4959;52,8836;19,2402
2026-04-21 11:00:00;1,176;0,87053;0,91728;24,295;362,07;4,2316;1,64292;1,60635;7,4732;9,209;187,22;10,968;1,9919;5,0982;10,7596;1,4956;52,88;19,2501
2026-04-22 10:00:00;1,1748;0,86887;0,91775;24,349;363,95;4,2422;1,64055;1,60401;7,4735;9,2007;187,2;10,8904;1,9871;5,0945;10,7619;1,4959;52,7781;19,3498
2026-04-22 11:00:00;1,1752;0,8691;0,9176;24,342;363,84;4,2447;1,64088;1,60456;7,4733;9,2036;187,13;10,9024;1,9878;5,0936;10,7672;1,496;52,7953;19,3166
2026-04-23 10:00:00;1,1695;0,86617;0,91817;24,37;365,87;4,2497;1,6362;1,59829;7,4731;9,16;186,79;10,9188;1,989;5,0926;10,8006;1,493;52,6611;19,3709
2026-04-23 11:00:00;1,1682;0,86623;0,91774;24,363;365,31;4,249;1,63713;1,59768;7,4729;9,1503;186,6;10,903;1,9889;5,0935;10,803;1,4921;52,6032;19,3469
2026-04-24 10:00:00;1,1687;0,86683;0,91965;24,375;367,63;4,2454;1,63909;1,59977;7,4731;9,1576;186,69;10,9222;1,9955;5,093;10,8368;1,4936;52,6711;19,4608
2026-04-24 11:00:00;1,1702;0,86755;0,91978;24,376;366,61;4,245;1,64051;1,60112;7,473;9,1688;186,85;10,94;1,997;5,0928;10,8336;1,4948;52,738;19,4543
2026-04-27 10:00:00;1,1743;0,86658;0,92089;24,345;363,65;4,2454;1,63426;1,59816;7,4731;9,2024;186,99;10,8801;1,987;5,0928;10,7994;1,4955;52,9248;19,3632
2026-04-27 11:00:00;1,1747;0,86623;0,92108;24,346;363,08;4,2443;1,63448;1,59865;7,4731;9,2068;186,96;10,889;1,9866;5,0941;10,7929;1,4954;52,9447;19,3533
2026-04-28 10:00:00;1,16925;0,86675;0,92347;24,369;365,11;4,2465;1,6295;1,59649;7,4726;9,1629;186,55;10,8709;1,9855;5,0937;10,8281;1,4927;52,725;19,4027
2026-04-28 11:00:00;1,1693;0,86711;0,92328;24,369;365,13;4,2479;1,63219;1,59778;7,4725;9,1636;186,62;10,8791;1,9889;5,0935;10,8388;1,4933;52,7273;19,394
2026-04-29 10:00:00;1,1698;0,86628;0,92426;24,378;364,39;4,2536;1,63593;1,6013;7,4724;9,1675;186,9;10,8947;1,9984;5,1003;10,8577;1,4949;52,8988;19,4275
2026-04-29 11:00:00;1,1706;0,86651;0,92407;24,376;363,8;4,2507;1,63544;1,60181;7,4725;9,1735;186,96;10,8904;1,9978;5,1004;10,855;1,4952;52,9352;19,4125
2026-04-30 10:00:00;1,1696;0,86611;0,92094;24,368;364,49;4,2592;1,63675;1,59776;7,4721;9,1637;186,42;10,9275;1,9979;5,1448;10,8503;1,4945;52,895;19,6155
2026-04-30 11:00:00;1,1712;0,86592;0,92021;24,375;364,71;4,2619;1,6367;1,59884;7,4719;9,1751;184,15;10,9063;1,9975;5,1794;10,8331;1,4946;52,9673;19,6356
2026-05-01 10:00:00;1,1733;0,86308;0,91676;24,391;365,07;4,2543;1,63276;1,59316;7,4729;9,1929;183,73;10,88;1,992;5,1984;10,849;1,4942;53,0537;19,657
2026-05-01 11:00:00;1,1744;0,86319;0,91697;24,387;364,8;4,2546;1,63338;1,59383;7,4725;9,2014;183,91;10,884;1,9932;5,2001;10,8471;1,4952;53,1042;19,6658
2026-05-04 10:00:00;1,1718;0,86416;0,91752;24,382;363,02;4,2542;1,62818;1,59405;7,4727;9,1785;183,95;10,8529;1,9861;5,1999;10,8386;1,4935;53,0084;19,4856
2026-05-04 11:00:00;1,1705;0,86419;0,91744;24,393;363,55;4,258;1,6292;1,59228;7,4725;9,1679;183,92;10,8408;1,9879;5,197;10,8443;1,4931;52,9512;19,5676
2026-05-05 10:00:00;1,169;0,86318;0,91579;24,388;363,45;4,2526;1,632;1,59129;7,4728;9,1606;184,17;10,8308;1,9874;5,2191;10,8461;1,4926;52,9068;19,592
2026-05-05 11:00:00;1,1689;0,86304;0,9156;24,379;363,12;4,2526;1,63095;1,59116;7,4727;9,1601;184,26;10,8286;1,9876;5,2293;10,8488;1,4926;52,9021;19,5557
2026-05-06 10:00:00;1,1776;0,86429;0,91735;24,336;359,2;4,233;1,62182;1,60052;7,4727;9,2273;183,63;10,9213;1,9729;5,2688;10,8316;1,4927;53,3034;19,2644
2026-05-06 11:00:00;1,1792;0,86458;0,91671;24,326;358,02;4,2283;1,62134;1,60211;7,4725;9,2406;183,57;10,9276;1,9699;5,261;10,8141;1,4929;53,3721;19,2083
2026-05-07 10:00:00;1,1771;0,86431;0,9152;24,304;356,37;4,2303;1,62157;1,60359;7,4729;9,2196;184,07;10,8524;1,9697;5,2662;10,8383;1,49;53,3805;19,2037
2026-05-07 11:00:00;1,1768;0,86383;0,91532;24,293;356,03;4,2284;1,62161;1,60342;7,4725;9,2162;184,04;10,8521;1,9676;5,2642;10,8293;1,4896;53,3701;19,1933
2026-05-08 10:00:00;1,17685;0,86444;0,91547;24,309;355,46;4,2294;1,62728;1,60592;7,4726;9,2134;184,4;10,8564;1,9741;5,236;10,8451;1,492;53,4323;19,332
2026-05-08 11:00:00;1,1764;0,86462;0,91571;24,307;355,65;4,2308;1,62576;1,60589;7,4728;9,2087;184,42;10,8244;1,9728;5,2364;10,8315;1,4916;53,4118;19,2987
2026-05-11 10:00:00;1,1768;0,86523;0,91637;24,324;355,45;4,2393;1,62598;1,60862;7,4727;9,2132;184,91;10,8456;1,9793;5,2228;10,8746;1,4941;53,4491;19,3426
2026-05-11 11:00:00;1,177;0,86601;0,91629;24,323;355,7;4,2377;1,62502;1,60795;7,4728;9,215;184,94;10,8246;1,9783;5,2146;10,8738;1,4943;53,4581;19,3367
2026-05-12 10:00:00;1,1748;0,86765;0,91721;24,325;356,79;4,246;1,62625;1,61046;7,4731;9,1981;185,11;10,7698;1,975;5,2107;10,8914;1,4955;53,3808;19,4031
2026-05-12 11:00:00;1,17425;0,8675;0,91725;24,327;356,56;4,2462;1,62526;1,60971;7,473;9,1934;185,01;10,7478;1,9735;5,2025;10,8931;1,4947;53,3557;19,4158
2026-05-13 10:00:00;1,1705;0,86607;0,91558;24,348;359,67;4,2516;1,61604;1,60351;7,4732;9,1662;184,76;10,7482;1,9742;5,2052;10,9149;1,4896;53,2069;19,2614
2026-05-13 11:00:00;1,17125;0,86701;0,91558;24,348;359,09;4,2513;1,61619;1,60372;7,4734;9,1724;184,86;10,7378;1,9748;5,2033;10,9202;1,4904;53,2408;19,2754
2026-05-14 10:00:00;1,17085;0,86633;0,91531;24,316;357,44;4,2391;1,61541;1,60474;7,473;9,1713;184,88;10,767;1,9721;5,205;10,9112;1,4906;53,3335;19,2145
2026-05-14 11:00:00;1,17085;0,86646;0,91537;24,307;357,48;4,2379;1,61664;1,60585;7,4728;9,171;184,9;10,7846;1,9735;5,2052;10,9157;1,4908;53,3327;19,2043
2026-05-15 10:00:00;1,16275;0,8711;0,9141;24,333;360,16;4,2466;1,62713;1,59936;7,4728;9,1033;184,3;10,8596;1,9896;5,2128;10,9842;1,4883;53,0525;19,3803
2026-05-15 11:00:00;1,1652;0,87059;0,91375;24,33;358,52;4,2432;1,62397;1,60104;7,4726;9,1236;184,53;10,8331;1,9874;5,2166;10,9582;1,4894;53,1637;19,2928
2026-05-18 10:00:00;1,16365;0,87083;0,91405;24,336;360,98;4,2469;1,626;1,59902;7,4738;9,1122;184,93;10,8183;1,9864;5,212;10,969;1,4891;53,038;19,3801
2026-05-18 11:00:00;1,1629;0,87109;0,91416;24,333;361,77;4,2478;1,62621;1,59811;7,4736;9,1066;184,81;10,8045;1,9863;5,2086;10,9707;1,4886;53,0049;19,4057
2026-05-19 10:00:00;1,1619;0,86677;0,91465;24,298;361,0;4,242;1,63326;1,59917;7,4729;9,1006;184,86;10,7835;1,9892;5,229;10,9229;1,4885;53,0003;19,3434
2026-05-19 11:00:00;1,1621;0,86692;0,91469;24,295;361,01;4,2414;1,63308;1,59945;7,4732;9,1021;184,9;10,7708;1,9885;5,2297;10,9155;1,4888;53,0065;19,3407
2026-05-20 10:00:00;1,1589;0,86582;0,91611;24,32;361,44;4,2557;1,62927;1,59655;7,4728;9,0785;184,33;10,7632;1,9854;5,2356;10,9028;1,4846;52,8871;19,2835
2026-05-20 11:00:00;1,1601;0,86594;0,91607;24,315;361,1;4,2547;1,62844;1,59728;7,473;9,0878;184,45;10,7599;1,9851;5,2303;10,8952;1,4853;52,9431;19,2599
2026-05-21 10:00:00;1,1627;0,86504;0,91423;24,292;358,81;4,244;1,62934;1,60043;7,4728;9,1092;184,85;10,7517;1,9809;5,2431;10,8631;1,4866;53,2123;19,1723
2026-05-21 11:00:00;1,1609;0,8646;0,91456;24,305;360,23;4,2481;1,6291;1,59767;7,4731;9,0952;184,72;10,724;1,9824;5,2446;10,8761;1,4858;53,1298;19,2194
2026-05-22 10:00:00;1,16045;0,86431;0,91227;24,292;359,5;4,2449;1,62756;1,60049;7,4732;9,0929;184,64;10,7261;1,9813;5,2489;10,8576;1,4853;53,0819;19,1246
2026-05-22 11:00:00;1,1596;0,86393;0,91236;24,29;359,42;4,2439;1,62751;1,60002;7,473;9,087;184,53;10,7259;1,9809;5,249;10,867;1,4845;53,0428;19,1235
2026-05-25 10:00:00;1,1642;0,86275;0,90994;24,268;357,06;4,2337;1,62428;1,60816;7,4724;9,121;185,03;10,7616;1,983;5,2474;10,7977;1,487;53,4735;19,0092
2026-05-25 11:00:00;1,16425;0,86298;0,90974;24,259;356,41;4,2331;1,62469;1,60834;7,4722;9,1213;185,05;10,758;1,9837;5,2472;10,8007;1,4873;53,4773;19,0122
2026-05-26 10:00:00;1,1643;0,86347;0,91293;24,253;356,67;4,2319;1,62521;1,60667;7,4719;9,1232;185,31;10,7756;1,9916;5,2383;10,8281;1,4878;53,4573;19,0425
2026-05-26 11:00:00;1,16425;0,86324;0,91335;24,252;355,4;4,23;1,62446;1,6066;7,4718;9,1227;185,28;10,7789;1,9909;5,2369;10,826;1,4872;53,4553;19,0106
2026-05-27 10:00:00;1,1647;0,86601;0,91487;24,269;354,74;4,2348;1,63021;1,60989;7,4724;9,125;185,58;10,8165;1,9791;5,24;10,7728;1,487;53,4732;19,0109
2026-05-27 11:00:00;1,1638;0,86592;0,9148;24,28;354,81;4,2351;1,63134;1,61016;7,4724;9,1174;185,5;10,7965;1,9796;5,2387;10,771;1,4868;53,4324;19,0298
2026-05-28 10:00:00;1,1614;0,86698;0,91652;24,293;355,41;4,2337;1,63107;1,6103;7,473;9,0971;185,14;10,7898;1,9716;5,2487;10,8058;1,4858;53,3123;19,0386
2026-05-28 11:00:00;1,1607;0,86674;0,9166;24,29;355,2;4,2347;1,63134;1,6091;7,4727;9,0923;185,07;10,7871;1,9711;5,2475;10,8169;1,4854;53,2788;19,0195
2026-05-29 10:00:00;1,16405;0,86759;0,91215;24,286;354,17;4,2318;1,6269;1,60714;7,4727;9,1209;185,41;10,7627;1,9522;5,2493;10,7815;1,4875;53,4556;18,8789
2026-05-29 11:00:00;1,1642;0,86783;0,91157;24,286;354,37;4,2291;1,62655;1,60758;7,4727;9,1215;185,45;10,7699;1,9516;5,25;10,7729;1,4877;53,464;18,9066
2026-06-01 10:00:00;1,165;0,86553;0,91359;24,293;354,51;4,235;1,62301;1,61002;7,4738;9,1301;185,77;10,7719;1,9573;5,2537;10,8023;1,4885;53,5312;18,925
2026-06-01 11:00:00;1,1647;0,86514;0,91312;24,287;354,41;4,233;1,62305;1,61001;7,4736;9,1282;185,71;10,7746;1,9555;5,2537;10,7935;1,488;53,5153;18,9224
2026-06-02 10:00:00;1,1642;0,86442;0,91494;24,272;354,89;4,2335;1,621;1,61247;7,4739;9,1247;185,96;10,7963;1,9639;5,2554;10,8219;1,4883;53,5181;18,8691
2026-06-02 11:00:00;1,1644;0,8645;0,91464;24,264;354,8;4,2344;1,62105;1,61286;7,4742;9,1261;185,99;10,7844;1,9636;5,2559;10,8183;1,4888;53,5277;18,8569
2026-06-03 10:00:00;1,1612;0,8636;0,91671;24,199;355,52;4,2412;1,62111;1,60907;7,4739;9,1001;185,58;10,7713;1,97;5,2588;10,875;1,4887;53,4107;18,9214
2026-06-03 11:00:00;1,1616;0,86364;0,9165;24,192;355,0;4,2404;1,62031;1,60893;7,4738;9,1026;185,62;10,7805;1,9698;5,2581;10,8804;1,4889;53,4292;18,9121
2026-06-04 10:00:00;1,16265;0,8652;0,91826;24,211;354,32;4,2366;1,62958;1,61606;7,4741;9,1091;185,86;10,8143;1,9793;5,2585;10,8716;1,4919;53,5892;18,8875
2026-06-04 11:00:00;1,1631;0,86527;0,91815;24,222;354,5;4,2393;1,63032;1,61663;7,4742;9,1124;185,96;10,8254;1,9797;5,2586;10,8827;1,493;53,6118;18,9162
2026-06-05 10:00:00;1,1639;0,86439;0,9168;24,162;354,33;4,2346;1,63053;1,61485;7,4742;9,118;186,15;10,8506;1,9794;5,2492;10,8721;1,4935;53,6854;18,9569
2026-06-05 11:00:00;1,16395;0,86385;0,91673;24,152;354,14;4,2339;1,63003;1,61503;7,4742;9,118;186,13;10,8375;1,9788;5,247;10,8661;1,4935;53,6875;18,9283
2026-06-08 10:00:00;1,1513;0,86395;0,91874;24,227;356,68;4,2458;1,63259;1,60548;7,474;9,0212;184,22;10,8877;1,9816;5,2435;10,8873;1,4843;53,1189;19,0397
2026-06-08 11:00:00;1,1525;0,86388;0,91889;24,232;356,56;4,2452;1,6329;1,60687;7,474;9,031;184,4;10,909;1,9819;5,2428;10,8872;1,4852;53,1749;19,0338
2026-06-09 10:00:00;1,1562;0,86361;0,92068;24,184;354,96;4,236;1,63965;1,61133;7,4742;9,0609;185,2;10,9454;1,9825;5,2385;10,8948;1,4864;53,3675;19,0298
2026-06-09 11:00:00;1,1566;0,86346;0,92088;24,176;355,08;4,2373;1,63894;1,61143;7,4741;9,064;185,25;10,9345;1,9815;5,2378;10,8915;1,4868;53,3835;19,0226
2026-06-10 10:00:00;1,1557;0,86266;0,92288;24,178;355,63;4,2474;1,64864;1,60936;7,4744;9,0568;185,43;10,9653;1,9878;5,2346;10,9575;1,4877;53,3652;19,1246
2026-06-10 11:00:00;1,15525;0,86251;0,92258;24,186;355,75;4,2466;1,64777;1,6092;7,4745;9,0537;185,38;10,9663;1,987;5,2364;10,9644;1,4874;53,3445;19,1324
2026-06-11 10:00:00;1,1535;0,86295;0,92228;24,195;355,6;4,2533;1,64833;1,61205;7,4743;9,0389;185,17;10,9752;1,9939;5,2397;10,9927;1,4858;53,3721;19,0417
2026-06-11 11:00:00;1,1531;0,8631;0,92208;24,195;355,64;4,2523;1,64835;1,61184;7,4742;9,0365;185,11;10,9754;1,9941;5,2395;10,9987;1,4857;53,3568;19,049
2026-06-12 10:00:00;1,1585;0,8632;0,92147;24,169;352,55;4,2457;1,6442;1,61963;7,4744;9,0777;185,42;11,0448;1,9858;5,2349;10,906;1,4865;53,6345;18,8436
2026-06-12 11:00:00;1,15735;0,86299;0,92137;24,179;352,85;4,2472;1,64338;1,6186;7,4744;9,0686;185,3;11,0327;1,9848;5,2354;10,9186;1,4858;53,5877;18,8421
2026-06-15 10:00:00;1,1606;0,86451;0,92059;24,134;350,73;4,2438;1,64135;1,62163;7,4739;9,0928;185,86;11,0462;1,9863;5,2381;10,8841;1,4879;53,7549;18,7824
2026-06-15 11:00:00;1,16115;0,86479;0,92044;24,136;350,96;4,244;1,64143;1,62194;7,4741;9,0969;185,91;11,0363;1,9866;5,2366;10,889;1,4885;53,7789;18,784
2026-06-16 10:00:00;1,16015;0,86469;0,92215;24,154;349,24;4,2452;1,64164;1,6246;7,4744;9,0877;186,02;11,0552;1,9906;5,2307;10,8994;1,4871;53,7571;18,7556
2026-06-16 11:00:00;1,1611;0,86475;0,92215;24,138;348,99;4,2421;1,64055;1,62489;7,4746;9,0948;186,12;11,0505;1,9899;5,232;10,8969;1,4877;53,8019;18,7442
2026-06-17 10:00:00;1,1603;0,86486;0,91838;24,158;349,6;4,2393;1,64302;1,62426;7,4749;9,0914;185,86;11,007;1,9952;5,2328;10,8806;1,4882;53,9097;18,8122
2026-06-17 11:00:00;1,1597;0,86474;0,91883;24,15;349,44;4,2399;1,6431;1,62458;7,4751;9,0868;185,83;11,0016;1,9954;5,2327;10,8852;1,4881;53,8799;18,8111
2026-06-18 10:00:00;1,1478;0,86672;0,92122;24,167;351,77;4,257;1,63574;1,62104;7,4746;8,9961;184,53;11,0844;1,9899;5,2341;10,9531;1,4804;53,3099;18,8363
2026-06-18 11:00:00;1,1462;0,86653;0,92109;24,188;352,87;4,2586;1,63603;1,61906;7,4745;8,9836;184,47;11,0922;1,9903;5,2363;10,9797;1,4795;53,2355;18,8583
2026-06-19 10:00:00;1,1461;0,8659;0,92318;24,216;352,78;4,2613;1,63332;1,62063;7,4745;8,984;184,81;11,1095;1,9953;5,2386;10,9668;1,4796;53,2722;18,8768
2026-06-19 11:00:00;1,1462;0,8663;0,9243;24,226;352,89;4,2626;1,63439;1,62128;7,4747;8,9847;184,86;11,1142;1,9967;5,2392;10,9791;1,48;53,2769;18,9021
2026-06-22 10:00:00;1,1459;0,86607;0,9252;24,191;352,28;4,2696;1,63688;1,62367;7,4746;8,9839;185,33;11,1026;2,0002;5,2384;10,9947;1,4814;53,2807;18,8402
2026-06-22 11:00:00;1,1457;0,86546;0,92561;24,195;352,38;4,2697;1,63625;1,6235;7,4747;8,9823;185,28;11,0901;2,0005;5,2392;10,9972;1,4815;53,2711;18,8209
2026-06-23 10:00:00;1,14105;0,86254;0,92414;24,197;353,75;4,2816;1,64038;1,61805;7,4749;8,9456;184,15;11,106;2,0047;5,2468;11,0343;1,4774;53,0729;18,7869
2026-06-23 11:00:00;1,1399;0,86238;0,92355;24,203;354,45;4,2851;1,64132;1,6171;7,4748;8,9372;184,05;11,1162;2,0055;5,2466;11,0488;1,4769;53,0201;18,7959
2026-06-24 10:00:00;1,13475;0,86109;0,92147;24,242;355,48;4,289;1,64707;1,61496;7,4753;8,8962;183,54;11,1626;2,012;5,2459;11,0897;1,4734;52,8014;18,8595
2026-06-24 11:00:00;1,13395;0,86186;0,92156;24,251;356,38;4,2917;1,64603;1,6132;7,4753;8,8913;183,35;11,1521;2,013;5,2378;11,0887;1,4729;52,765;18,8504
2026-06-25 10:00:00;1,13635;0,86172;0,92192;24,23;354,56;4,288;1,64653;1,61704;7,4745;8,9093;183,88;11,2107;2,012;5,2311;11,0608;1,4733;52,9812;18,7927
2026-06-25 11:00:00;1,13445;0,86165;0,92185;24,238;355,15;4,2865;1,64604;1,61559;7,4743;8,8948;183,66;11,2223;2,0118;5,2294;11,0779;1,4721;52,8934;18,794
2026-06-26 10:00:00;1,1408;0,8628;0,92188;24,254;353,56;4,284;1,65273;1,61804;7,4747;8,947;184,34;11,289;2,0177;5,2399;11,0611;1,4757;53,2316;18,7492
2026-06-26 11:00:00;1,1404;0,8625;0,9219;24,252;354,04;4,2833;1,65204;1,61713;7,4746;8,9436;184,31;11,2845;2,017;5,2408;11,0647;1,4754;53,2128;18,7429
2026-06-29 10:00:00;1,1402;0,86274;0,92219;24,268;354,56;4,2902;1,65294;1,61798;7,4748;8,9427;184,59;11,3223;2,0181;5,243;11,0894;1,4751;53,2192;18,752
2026-06-29 11:00:00;1,1405;0,86251;0,92187;24,265;354,62;4,2903;1,65278;1,61864;7,4748;8,9447;184,6;11,3244;2,0172;5,2377;11,0879;1,4751;53,2323;18,735
2026-06-30 10:00:00;1,1397;0,86106;0,9227;24,256;355,65;4,2988;1,65558;1,62259;7,4742;8,9377;184,97;11,3059;2,0154;5,2436;11,1054;1,4755;53,2177;18,654
2026-06-30 11:00:00;1,14;0,86135;0,92215;24,257;356,35;4,2976;1,65493;1,62256;7,4743;8,94;185,04;11,304;2,0138;5,2435;11,0852;1,4757;53,2315;18,6608
2026-07-01 10:00:00;1,13885;0,85964;0,92292;24,257;356,1;4,294;1,65278;1,61989;7,4746;8,9331;185,33;11,3193;2,0075;5,2411;11,0995;1,4767;53,1928;18,709
2026-07-01 11:00:00;1,1399;0,85998;0,92286;24,254;355,74;4,293;1,65227;1,62018;7,4746;8,9409;185,45;11,3096;2,0062;5,2381;11,0885;1,4774;53,2405;18,7004
2026-07-02 10:00:00;1,1412;0,85541;0,91872;24,213;355,67;4,2905;1,65272;1,61984;7,4747;8,9507;183,96;11,2745;2,0067;5,2341;11,0728;1,4764;53,4106;18,6954
2026-07-02 11:00:00;1,1409;0,85582;0,91934;24,216;355,65;4,2905;1,65408;1,62055;7,4746;8,9486;184,15;11,2723;2,0084;5,2352;11,071;1,4762;53,3971;18,6754
2026-07-03 10:00:00;1,1442;0,85689;0,91902;24,196;353,19;4,2864;1,6493;1,62286;7,4743;8,9734;184,33;11,2411;2,0025;5,2369;11,0392;1,4769;53,5922;18,5626
2026-07-03 11:00:00;1,14485;0,85705;0,9192;24,194;352,91;4,2851;1,64988;1,62401;7,4743;8,9794;184,42;11,2523;2,0041;5,2354;11,0398;1,4774;53,6226;18,5633
2026-07-06 10:00:00;1,1413;0,85593;0,91983;24,16;353,43;4,2895;1,64678;1,62388;7,4749;8,9512;185,26;11,2416;2,009;5,2322;11,0361;1,4766;53,4706;18,5151
2026-07-06 11:00:00;1,142;0,85607;0,92;24,155;353,69;4,2899;1,64684;1,62345;7,4746;8,957;185,36;11,238;2,009;5,2306;11,03;1,4772;53,5033;18,5237
2026-07-07 10:00:00;1,14255;0,8538;0,92204;24,23;354,64;4,2938;1,64538;1,62395;7,4748;8,9608;185,02;11,1947;2,008;5,2343;11,0326;1,4762;53,5477;18,5562
2026-07-07 11:00:00;1,1433;0,85417;0,92219;24,226;354,09;4,2935;1,6461;1,62478;7,4745;8,9659;185,14;11,2022;2,01;5,2339;11,0438;1,4767;53,5834;18,5703
2026-07-08 10:00:00;1,1406;0,85477;0,92149;24,264;358,41;4,3122;1,6485;1,61485;7,4748;8,9418;185,28;11,1587;2,0027;5,2355;11,0701;1,4759;53,4818;18,7377
2026-07-08 11:00:00;1,1409;0,85473;0,92162;24,259;357,84;4,3078;1,64775;1,61624;7,4747;8,9444;185,36;11,1413;2,0015;5,236;11,0524;1,476;53,4965;18,7077
2026-07-09 10:00:00;1,143;0,85216;0,9224;24,256;358,27;4,3092;1,64769;1,62045;7,4753;8,9572;185,63;11,1551;1,9931;5,236;11,0697;1,4778;53,7158;18,7139
2026-07-09 11:00:00;1,14225;0,85268;0,9226;24,259;358,85;4,3091;1,64803;1,61916;7,4753;8,9508;185,61;11,1481;1,9928;5,2354;11,0834;1,4776;53,6804;18,737
2026-07-10 10:00:00;1,14285;0,85217;0,92194;24,254;356,19;4,3472;1,6451;1,61924;7,4752;8,959;184,95;11,1448;1,9803;5,2351;11,016;1,4754;53,7387;18,6149
2026-07-10 11:00:00;1,1434;0,85131;0,92215;24,255;355,51;4,3466;1,64542;1,61956;7,4749;8,9631;184,97;11,1539;1,9815;5,2337;11,0092;1,4758;53,7646;18,6213
2026-07-13 10:00:00;1,14305;0,8536;0,92507;24,26;356,56;4,3244;1,64681;1,61632;7,475;8,96;185,18;11,1813;1,9776;5,2335;11,0335;1,4768;53,8074;18,6827
2026-07-13 11:00:00;1,14345;0,85358;0,92517;24,26;356,53;4,3237;1,64644;1,61574;7,4751;8,9628;185,32;11,1714;1,9779;5,2337;11,0342;1,4773;53,8247;18,7009
2026-07-14 10:00:00;1,14015;0,85207;0,9258;24,3;361,06;4,3432;1,63991;1,60566;7,4753;8,9362;184,91;11,09;1,9637;5,2461;11,0371;1,4736;53,6306;18,793
2026-07-14 11:00:00;1,1393;0,85194;0,92602;24,288;361,69;4,3427;1,64141;1,60691;7,4754;8,929;184,85;11,0823;1,965;5,2444;11,0433;1,4733;53,5903;18,7782
2026-07-15 10:00:00;1,1418;0,8526;0,92577;24,225;359,32;4,3281;1,63441;1,60519;7,4755;8,9507;185,37;11,1063;1,9625;5,2409;11,0507;1,4751;53,7335;18,7018
2026-07-15 11:00:00;1,1413;0,85197;0,92559;24,232;359,64;4,328;1,63451;1,60528;7,4754;8,9467;185,32;11,108;1,9618;5,2406;11,0546;1,4749;53,7102;18,6997
2026-07-16 10:00:00;1,14665;0,8488;0,92558;24,201;359,91;4,3276;1,63819;1,60987;7,4752;8,9892;185,95;11,081;1,9598;5,2411;11,0219;1,4779;54,0701;18,7584
2026-07-16 11:00:00;1,14625;0,84876;0,92525;24,194;360,0;4,3282;1,63645;1,60873;7,4753;8,9864;185,88;11,0751;1,9581;5,2413;11,0249;1,4775;54,0509;18,7475
2026-07-17 10:00:00;1,144;0,85106;0,92389;24,209;363,23;4,3475;1,64108;1,60508;7,4756;8,9696;185,77;11,06;1,9619;5,2412;11,0531;1,4767;53,9906;18,8636
2026-07-17 11:00:00;1,1428;0,85087;0,92327;24,201;363,87;4,3466;1,63936;1,6042;7,4755;8,9598;185,57;11,054;1,9592;5,2411;11,0425;1,4757;53,9349;18,8541
2026-07-20 10:00:00;1,1429;0,84892;0,92363;24,197;361,72;4,3368;1,63318;1,60376;7,4756;8,9614;185,64;11,0373;1,954;5,2417;11,0443;1,4754;53,964;18,8288
2026-07-20 11:00:00;1,1433;0,84878;0,92356;24,196;361,45;4,3332;1,63165;1,60353;7,4755;8,9645;185,67;11,03;1,953;5,2415;11,0422;1,4757;53,9829;18,8478
2026-07-21 10:00:00;1,1424;0,85076;0,92512;24,18;360,15;4,3282;1,62642;1,60581;7,4759;8,9586;185,85;10,9871;1,9488;5,2376;11,0424;1,4735;53,9591;18,7653
2026-07-21 11:00:00;1,1421;0,8513;0,9251;24,171;360,24;4,3298;1,62692;1,60584;7,4754;8,956;185,79;10,9894;1,9506;5,2382;11,0463;1,4734;53,945;18,7701
2026-07-22 10:00:00;1,1405;0,85309;0,92677;24,182;364,3;4,3309;1,6308;1,60758;7,4753;8,9421;185,95;10,9527;1,961;5,2388;11,0786;1,4727;53,891;18,7977
2026-07-22 11:00:00;1,1405;0,85303;0,92677;24,173;363,85;4,3305;1,6308;1,6081;7,4753;8,9421;185,95;10,9482;1,96;5,2371;11,0794;1,4727;53,8915;18,7772
2026-07-23 10:00:00;1,1413;0,85344;0,92982;24,194;364,12;4,3254;1,63066;1,60681;7,4754;8,9488;186,45;10,9422;1,9684;5,2335;11,0851;1,4728;54,0358;18,7314
2026-07-23 11:00:00;1,1406;0,85323;0,92959;24,181;364,09;4,3236;1,62966;1,60611;7,4757;8,944;186,34;10,9436;1,9679;5,2339;11,0865;1,4721;54,0034;18,721
2026-07-24 10:00:00;1,1387;0,85501;0,92981;24,16;362,55;4,3243;1,62904;1,60345;7,4752;8,9297;186,41;10,929;1,9684;5,2341;11,0801;1,4701;53,9547;19,2556
2026-07-24 11:00:00;1,1383;0,85445;0,92993;24,157;362,43;4,32;1,62824;1,60244;7,4757;8,9265;186,45;10,9031;1,9673;5,2346;11,0703;1,4695;53,9358;19,2202
2026-07-27 10:00:00;1,1397;0,8548;0,92863;24,158;359,44;4,316;1,62756;1,60748;7,4753;8,9373;186,36;11,0044;1,9657;5,2327;11,0347;1,4701;54,0121;19,033
2026-07-27 11:00:00;1,13965;0,85553;0,9287;24,162;359,51;4,3192;1,62749;1,60753;7,4753;8,9369;186,44;10,9893;1,9663;5,2319;11,0394;1,4701;54,0096;19,031
2026-07-28 10:00:00;1,13575;0,85517;0,93154;24,196;360,41;4,3271;1,63042;1,60316;7,4751;8,9061;186,12;11,0194;1,9697;5,2308;11,0656;1,4691;53,8507;19,0745
2026-07-28 11:00:00;1,1362;0,85564;0,93168;24,194;361,22;4,3282;1,63107;1,60289;7,4753;8,9095;186,26;11,0089;1,9702;5,2308;11,0684;1,4696;53,8714;19,0966
2026-07-29 10:00:00;1,13935;0,85678;0,93393;24,187;361,66;4,3274;1,64101;1,60642;7,4746;8,9358;186,4;11,0256;1,9705;5,2343;11,0556;1,472;54,0409;19,0631
2026-07-29 11:00:00;1,1384;0,85658;0,93349;24,185;362,08;4,3272;1,64035;1,60514;7,4747;8,9282;186,33;11,0063;1,9702;5,2339;11,0569;1,4714;53,9966;19,0872
2026-07-30 10:00:00;1,1465;0,85681;0,93348;24,172;362,29;4,3088;1,64415;1,61051;7,475;8,9934;187,22;10,9706;1,9649;5,2441;11,0306;1,4783;54,4913;19,0208
2026-07-30 11:00:00;1,1475;0,85679;0,93269;24,171;361,9;4,3069;1,64476;1,61129;7,4749;9,0012;186,85;10,9826;1,9649;5,2438;11,019;1,478;54,5392;19,0305
2026-07-31 10:00:00;1,1506;0,85546;0,93003;24,204;363,5;4,3134;1,63583;1,61245;7,475;9,0238;184,07;10,9577;1,9581;5,247;10,978;1,4763;54,7246;19,031
2026-07-31 11:00:00;1,1502;0,85542;0,93051;24,194;363,42;4,3121;1,6362;1,61281;7,4751;9,0209;184,03;10,9476;1,9585;5,2462;10,9736;1,4761;54,7052;19,0219
2026-08-03 10:00:00;1,1526;0,85663;0,93165;24,207;364,45;4,3038;1,64504;1,61807;7,4752;9,0389;180,96;10,9885;1,964;5,2459;10,9891;1,4781;54,8331;19,0196
2026-08-03 11:00:00;1,1523;0,85609;0,93221;24,2;364,46;4,3033;1,64603;1,61811;7,4749;9,037;180,73;10,9921;1,965;5,2461;10,9941;1,4777;54,8186;19,0065
2026-08-04 10:00:00;1,1507;0,85618;0,9323;24,202;363,92;4,3121;1,63789;1,61529;7,4752;9,0246;181,72;10,9468;1,96;5,2498;11,0076;1,477;54,7665;18,9958
2026-08-04 11:00:00;1,1514;0,85644;0,93252;24,2;363,65;4,3088;1,63737;1,61656;7,4754;9,0309;181,73;10,9581;1,9582;5,2498;10,9999;1,4776;54,7996;18,9769
2026-08-05 10:00:00;1,15405;0,85701;0,93391;24,201;362,31;4,309;1,63776;1,62305;7,4752;9,052;182,05;10,9891;1,968;5,2489;10,9914;1,4795;54,9466;18,9273
2026-08-05 11:00:00;1,15395;0,85687;0,93424;24,205;362,42;4,3079;1,63867;1,62308;7,4752;9,0509;181,99;10,9907;1,9677;5,2471;10,9865;1,4798;54,942;18,9269
2026-08-06 10:00:00;1,1539;0,85754;0,93397;24,186;363,22;4,2976;1,6386;1,61642;7,4753;9,052;182,17;11,0076;1,9624;5,2514;10,9322;1,4794;55,0482;18,8243
2026-08-06 11:00:00;1,154;0,85729;0,93422;24,19;363,53;4,2981;1,63874;1,61553;7,4753;9,0529;182,18;10,9925;1,9619;5,2549;10,9329;1,4797;55,0536;18,8185
2026-08-07 10:00:00;1,153;0,8577;0,93428;24,253;365,77;4,2972;1,63755;1,61593;7,4756;9,0452;182,58;10,9861;1,9627;5,255;10,9383;1,4772;55,0464;18,7422
2026-08-07 11:00:00;1,15275;0,85783;0,93396;24,263;365,7;4,298;1,63824;1,61621;7,4755;9,0436;182,5;10,9846;1,9648;5,2525;10,9491;1,477;55,0351;18,7267
2026-08-10 10:00:00;1,1559;0,85641;0,9342;24,26;363,44;4,3006;1,63598;1,61149;7,4758;9,0684;183,62;10,9972;1,9611;5,2397;10,9574;1,4784;55,1936;18,6843
2026-08-10 11:00:00;1,15555;0,85596;0,93426;24,255;363,48;4,2998;1,63514;1,61077;7,4756;9,0656;183,49;10,9748;1,9609;5,2416;10,9566;1,4784;55,1778;18,6936
2026-08-11 10:00:00;1,15365;0,8543;0,93573;24,249;365,46;4,2994;1,63499;1,60732;7,4755;9,052;183,76;10,9369;1,9638;5,2424;10,9686;1,4778;55,1174;18,739
2026-08-11 11:00:00;1,15355;0,85464;0,93553;24,243;365,14;4,2979;1,63381;1,60718;7,4758;9,051;183,7;10,9489;1,9625;5,2412;10,9715;1,4774;55,1125;18,7187
2026-08-12 10:00:00;1,15361;0,85375;0,93742;24,238;364,29;4,3043;1,63304;1,60764;7,4758;9,0526;183,59;10,9626;1,9696;5,2402;11,0034;1,4764;55,1355;18,6305
2026-08-12 11:00:00;1,15352;0,8534;0,93726;24,236;364,16;4,3047;1,63263;1,6072;7,4757;9,0515;183,61;10,9538;1,9685;5,24;11,0004;1,4758;55,1312;18,6328
2026-08-13 10:00:00;1,15333;0,85497;0,93678;24,219;363,35;4,305;1,63419;1,60751;7,4757;9,05;183,76;10,9782;1,9737;5,2436;11,0218;1,4763;55,2289;18,6186
2026-08-13 11:00:00;1,15358;0,85512;0,93659;24,224;363,09;4,305;1,63519;1,60796;7,4756;9,0519;183,82;10,9761;1,974;5,2437;11,0273;1,4764;55,2399;18,614
2026-08-14 10:00:00;1,15534;0,85433;0,93945;24,206;363,09;4,3082;1,63322;1,6047;7,4756;9,0659;183,87;10,9347;1,965;5,2432;11,0148;1,4778;55,3655;18,6784
2026-08-14 11:00:00;1,15549;0,85418;0,93955;24,2;362,99;4,3098;1,63313;1,60475;7,4756;9,0673;183,93;10,9433;1,9645;5,2428;11,017;1,4779;55,3732;18,6934
2026-08-17 10:00:00;1,15973;0,8553;0,939;24,204;362,1;4,3068;1,62749;1,60694;7,4754;9,0986;184,6;10,9055;1,9579;5,2413;10,9997;1,4799;55,5939;18,7469
2026-08-17 11:00:00;1,15908;0,85502;0,93926;24,196;362,15;4,3062;1,62687;1,60649;7,4755;9,0936;184,52;10,9162;1,9574;5,2412;11,0025;1,4795;55,5641;18,7398
2026-08-18 10:00:00;1,15787;0,85562;0,9398;24,176;364,27;4,3203;1,62876;1,60558;7,4759;9,0822;184,8;10,9165;1,9686;5,2437;11,0219;1,4793;55,5287;18,7908
2026-08-18 11:00:00;1,15758;0,85582;0,94026;24,174;364,17;4,3216;1,62893;1,60578;7,4759;9,0795;184,87;10,9151;1,9686;5,2437;11,0309;1,4793;55,515;18,777
2026-08-19 10:00:00;1,16064;0,85606;0,9404;24,173;364,92;4,3282;1,63937;1,60994;7,4759;9,1016;184,65;10,9021;1,9732;5,2452;11,0342;1,4815;55,6832;18,8464
2026-08-19 11:00:00;1,16065;0,85616;0,94056;24,167;364,95;4,3289;1,64012;1,60973;7,4759;9,1004;184,65;10,9096;1,9733;5,2465;11,0382;1,4813;55,6835;18,8683
2026-08-20 10:00:00;1,17064;0,85788;0,93169;24,147;364,39;4,3165;1,6424;1,6113;7,4757;9,1823;185,38;10,8928;1,9645;5,2536;11,0636;1,4874;56,2704;18,8736
2026-08-20 11:00:00;1,1696;0,85734;0,93186;24,141;364,47;4,3168;1,64219;1,61009;7,4757;9,1736;185,37;10,8985;1,964;5,2527;11,0789;1,4866;56,2205;18,8689
2026-08-21 10:00:00;1,17026;0,85686;0,93513;24,116;363,49;4,3113;1,63424;1,60873;7,4757;9,176;185,58;10,8798;1,9573;5,2577;11,0742;1,4848;56,2948;18,7553
2026-08-21 11:00:00;1,17026;0,85733;0,93508;24,125;363,79;4,3113;1,63458;1,60803;7,4757;9,1745;185,73;10,8652;1,9577;5,2578;11,0758;1,4848;56,2953;18,7606
