Timestamp;EURAED=R;EURBAM=R;EURCNY=;EURILS=TRB;EURINR=;EURJOD=R;EURKES=;EURKRW=R;EURKWD=R;EURMAD=;EURMDL=R;EURMKD=R;EURMXN=TRB;EURPHP=R;EURRSD=R;EURSAR=R;EURTHB=;EURTNDX=R;EURTWD=R
2025-08-18 10:00:00+00:00;4,29025;1,96075;8,3857;3,9584;102,04;0,82815;150,97;1618,585;0,35685;10,5341;19,47;61,555;21,9743;66,5965;117,16;4,3829;37,9266;3,3617;35,07655
2025-08-18 11:00:00+00:00;4,2906;1,9608;8,38675;3,9594;102,0619;0,8282;150,875;1618,75;0,3569;10,5341;19,47;61,55;21,9719;66,564;117,16;4,38325;37,9115;3,36195;35,0772
2025-08-19 10:00:00+00:00;4,2904;1,96085;8,3877;3,9491;101,5604;0,82815;150,91;1623,35;0,35705;10,53;19,52;61,55;21,943;66,711;117,18;4,3834;37,9691;3,36275;35,1645
2025-08-19 11:00:00+00:00;4,2934;1,96065;8,3927;3,9501;101,7086;0,82875;151,025;1623,425;0,3573;10,5303;19,53;61,55;21,9545;66,8015;117,175;4,3864;37,9792;3,3635;35,17685
2025-08-20 10:00:00+00:00;4,2771;1,96095;8,35835;3,961;101,3936;0,82565;150,515;1628,495;0,3559;10,5033;19,585;61,555;21,9022;66,3405;117,18;4,37;37,9103;3,35855;35,24475
2025-08-20 11:00:00+00:00;4,2784;1,9606;8,36015;3,9606;101,4209;0,8259;150,44;1629,975;0,356;10,5065;19,585;61,55;21,9057;66,3645;117,18;4,3713;37,9195;3,35885;35,2635
2025-08-21 10:00:00+00:00;4,2803;1,96075;8,3665;3,983;101,6867;0,8262;150,56;1629,34;0,3562;10,51995;19,62;61,55;21,8898;66,4945;117,18;4,3733;38,01375;3,36005;35,5548
2025-08-21 11:00:00+00:00;4,2798;1,9609;8,36255;3,9824;101,6736;0,82615;150,55;1629,115;0,3562;10,51995;19,62;61,57;21,8796;66,52;117,175;4,3725;38,035;3,3602;35,54795
2025-08-22 10:00:00+00:00;4,26;1,9609;8,3279;3,9451;101,5144;0,8223;149,85;1614,02;0,35485;10,4995;19,535;61,565;21,7342;66,141;117,18;4,352;37,862;3,35195;35,4311
2025-08-22 11:00:00+00:00;4,2593;1,9607;8,3266;3,9445;101,472;0,8222;149,835;1613,095;0,3548;10,4991;19,535;61,555;21,7147;66,092;117,175;4,3512;37,847;3,35565;35,41685
2025-08-25 10:00:00+00:00;4,29485;1,96065;8,3689;3,9548;102,4298;0,82905;151,43;1622,67;0,3571;10,5328;19,55;61,54;21,8044;66,3655;117,175;4,3874;37,93825;3,35605;35,6313
2025-08-25 11:00:00+00:00;4,293;1,9607;8,36495;3,9519;;0,8287;151,07;1621,78;0,35695;10,5305;19,54;61,55;21,796;66,3155;117,175;4,3855;37,9321;3,3546;35,63005
2025-08-26 10:00:00+00:00;4,276;1,96055;8,33595;3,9298;102,0916;0,82545;150,765;1625,075;0,3558;10,5277;19,43;61,55;21,7136;66,2915;117,185;4,3683;37,83065;3,35835;35,56515
2025-08-26 11:00:00+00:00;4,2771;1,96085;8,3379;3,9207;;0,82565;150,805;1624,985;0,3559;10,5154;19,435;61,55;21,7257;66,3365;117,2;4,3693;37,8359;3,3592;35,58945
2025-08-27 10:00:00+00:00;4,2562;1,9607;8,29945;3,8778;101,7984;0,8216;149,66;1619,885;0,35435;10,495;19,155;61,54;21,7023;66,3015;117,18;4,3482;37,63495;3,35935;35,49755
2025-08-27 11:00:00+00:00;4,25285;1,96065;8,2932;3,8747;101,744;0,82095;149,605;1619,14;0,3541;10,49525;19,14;61,55;21,6948;66,2955;117,19;4,3448;37,63175;3,3528;35,485
2025-08-28 10:00:00+00:00;4,27895;1,96075;8,3099;3,8686;102,079;0,82595;150,515;1615,63;0,356;10,52375;19,415;61,855;21,7362;66,527;117,18;4,3717;37,7175;3,3585;35,5628
2025-08-28 11:00:00+00:00;4,28705;1,9606;8,32505;3,8817;102,2584;0,82755;150,805;1617,03;0,3565;10,52445;19,45;61,975;21,74;66,6145;117,18;4,3799;37,7565;3,3606;35,58675
2025-08-29 10:00:00+00:00;4,28755;1,9609;8,32595;3,8972;102,9578;0,82765;150,745;1624,69;0,3567;10,5285;19,45;62,03;21,8317;66,751;117,195;4,37995;37,8173;3,36225;35,66215
2025-08-29 11:00:00+00:00;4,28525;1,9607;8,3221;3,8952;102,8929;0,8272;150,675;1623,45;0,3566;10,5145;19,44;62,0;21,7999;66,7265;117,18;4,3777;37,81275;3,3614;35,65905
2025-09-01 10:00:00+00:00;4,304;1,96075;8,36035;3,9247;103,361;0,8308;151,395;1632,975;0,3581;10,54025;19,485;61,55;21,8178;67,006;117,18;4,3973;37,8638;3,36605;35,89575
2025-09-01 11:00:00+00:00;4,30495;1,9609;8,36165;3,9259;103,3906;0,831;151,43;1633,04;0,3581;10,54115;19,49;61,555;21,8085;67,0465;117,18;4,3982;37,8514;3,3664;35,91395
2025-09-02 10:00:00+00:00;4,27355;1,96065;8,3151;3,945;102,5777;0,8249;150,325;1624,08;0,35595;10,5117;19,335;61,535;21,8333;66,853;117,16;4,36595;37,6945;3,36065;35,71945
2025-09-02 11:00:00+00:00;4,2732;1,96075;8,313;3,9415;102,5729;0,82485;150,255;1623,235;0,3559;10,5236;19,335;61,56;21,8481;66,7605;117,18;4,36555;37,68705;3,3608;35,7094
2025-09-03 10:00:00+00:00;4,2809;1,9609;8,32765;3,9247;102,6461;0,82635;150,585;1619,57;0,35655;10,5818;19,495;61,545;21,8009;66,7865;117,19;4,3732;37,701;3,3628;35,78665
2025-09-03 11:00:00+00:00;4,277;1,96075;8,32185;3,9252;102,5457;0,8256;150,39;1618,365;0,35625;10,5901;19,48;61,56;21,7942;66,7265;117,18;4,36925;37,6962;3,362;35,7777
2025-09-04 10:00:00+00:00;4,2765;1,9607;8,31345;3,9168;102,6383;0,8255;150,43;1622,92;0,35605;10,59165;19,515;61,55;21,8505;66,488;117,18;4,3688;37,64765;3,3965;35,7347
2025-09-04 11:00:00+00:00;4,2796;1,96055;8,319;3,9208;102,6864;0,8261;150,53;1624,16;0,35635;10,5882;19,53;61,55;21,8603;66,543;117,18;4,372;37,65315;3,3974;35,7631
2025-09-05 10:00:00+00:00;4,2923;1,96055;8,3426;3,9031;103,151;0,82855;151,35;1624,655;0,3573;10,62415;19,615;61,545;21,8315;66,512;117,165;4,3847;37,6215;3,4005;35,6984
2025-09-05 11:00:00+00:00;4,29355;1,96075;8,34395;3,9029;103,1689;0,8288;151,38;1625,135;0,3574;10,62555;19,62;61,545;21,8326;66,515;117,18;4,386;37,6215;3,4012;35,6974
2025-09-08 10:00:00+00:00;4,3062;1,9609;8,35965;3,8986;103,1922;0,83125;151,415;1629,005;0,3581;10,58835;19,58;61,445;21,916;66,559;117,11;4,3991;37,3555;3,40115;35,6996
2025-09-08 11:00:00+00:00;4,3073;1,9608;8,3624;3,8994;103,2375;0,83145;151,515;1629,585;0,3582;10,58245;19,585;61,46;21,9083;66,5505;117,115;4,4002;37,2735;3,40205;35,7134
2025-09-09 10:00:00+00:00;4,32185;1,9607;8,38135;3,9245;103,6859;0,83425;152,02;1629,895;0,3591;10,56975;19,505;61,55;21,8783;66,949;117,15;4,4143;37,25725;3,40585;35,65015
2025-09-09 11:00:00+00:00;4,3165;1,9605;8,3705;3,9188;103,5986;0,83325;151,785;1628,43;0,3587;10,56725;19,48;61,545;21,8506;66,8415;117,145;4,4084;37,21275;3,4046;35,59215
2025-09-10 10:00:00+00:00;4,30265;1,9607;8,34215;3,9072;;0,83055;151,35;1626,405;0,3579;10,55985;19,5;61,56;21,8319;66,8515;117,175;4,3946;37,2287;3,40195;35,50045
2025-09-10 11:00:00+00:00;4,29725;1,9608;8,333;3,9031;103,1048;0,8296;151,11;1625,235;0,35745;10,55495;19,48;61,55;21,8141;66,8315;117,18;4,38955;37,181;3,40775;35,47825
2025-09-11 10:00:00+00:00;4,29215;1,96065;8,32585;3,901;103,3674;0,8285;150,99;1627,275;0,35705;10,53825;19,415;61,54;21,7747;66,81;117,17;4,38405;37,21385;3,4086;35,47485
2025-09-11 11:00:00+00:00;4,2915;1,96075;8,3238;3,9005;;0,8284;150,96;1627,115;0,35705;10,53795;19,41;61,555;21,7655;66,765;117,175;4,3835;37,20185;3,39935;35,47845
2025-09-12 10:00:00+00:00;4,30535;1,96085;8,3503;3,9045;103,4764;0,83115;151,4;1630,235;0,3581;10,5604;19,47;61,56;21,6721;66,973;117,15;4,398;37,1795;3,4036;35,52185
2025-09-12 11:00:00+00:00;4,30945;1,96075;8,35575;3,904;103,5741;0,83195;151,545;1631,625;0,35835;10,5649;19,49;61,55;21,6681;67,0535;117,205;4,4021;37,21;3,4045;35,5423
2025-09-15 10:00:00+00:00;4,31565;1,9607;8,36805;3,9245;103,6388;0,83305;151,805;1630,925;0,35875;10,5592;19,545;61,565;21,6498;67,2545;117,18;4,4072;37,45745;3,4052;35,52345
2025-09-15 11:00:00+00:00;4,3175;1,96075;8,37085;3,9247;103,6541;0,8334;151,795;1631,745;0,3588;10,5643;19,555;61,56;21,6483;67,2285;117,175;4,4091;37,48085;3,40545;35,52445
2025-09-16 10:00:00+00:00;4,3384;1,96035;8,4035;3,947;104,0215;0,83745;152,61;1631,815;0,36035;10,594;19,56;61,89;21,6727;67,292;117,15;4,4303;37,42335;3,411;35,5585
2025-09-16 11:00:00+00:00;4,33695;1,96075;8,4011;3,9493;103,9978;0,83715;152,49;1632,405;0,36025;10,592;19,555;61,865;21,6814;67,224;117,17;4,4288;37,4577;3,41115;35,5748
2025-09-17 10:00:00+00:00;4,3509;1,9608;8,4152;3,9476;;0,83985;153,04;1631,975;0,3612;10,6142;19,51;62,065;21,667;67,351;117,185;4,4438;37,5769;3,4141;35,59215
2025-09-17 11:00:00+00:00;4,34745;1,9606;8,4092;3,9518;;0,83915;152,86;1630,86;0,361;10,6163;19,51;62,015;21,6555;67,322;117,175;4,4406;37,57045;3,4129;35,56125
2025-09-18 10:00:00+00:00;4,34785;1,96085;8,41185;3,9585;104,3296;0,83935;152,95;1640,165;0,361;10,62675;19,575;62,0;21,6219;67,513;117,18;4,4401;37,6395;3,41445;35,5874
2025-09-18 11:00:00+00:00;4,34705;1,96065;8,4105;3,957;104,2878;0,83915;152,86;1640,03;0,36105;10,6183;19,57;61,99;21,5973;67,539;117,17;4,4393;37,65325;3,41405;35,58965
2025-09-19 10:00:00+00:00;4,3202;1,96095;8,36635;3,9281;103,6094;0,83395;151,965;1641,81;0,35915;10,6135;19,515;61,565;21,5984;67,2275;117,165;4,4112;37,46195;3,4142;35,52005
2025-09-19 11:00:00+00:00;4,31945;1,96065;8,3664;3,9216;103,6256;0,83375;151,945;1642,15;0,3591;10,6137;19,51;61,55;21,5919;67,182;117,145;4,4105;37,4545;3,4139;35,51285
2025-09-22 10:00:00+00:00;4,32515;1,9608;8,378;3,9463;103,9996;0,8349;152,495;1638,48;0,3591;10,61995;19,64;61,56;21,6557;67,0765;117,155;4,4164;37,4445;3,4156;35,595
2025-09-22 11:00:00+00:00;4,3246;1,96065;8,37505;3,9455;;0,83475;152,47;1637,88;0,35905;10,6314;19,64;61,54;21,6532;67,0205;117,155;4,4158;37,41775;3,4154;35,5999
2025-09-23 10:00:00+00:00;4,3347;1,9607;8,3919;3,9515;104,7569;0,8367;152,475;1644,63;0,3596;10,6491;19,635;61,615;21,6444;67,54;117,17;4,4265;37,5595;3,4195;35,71605
2025-09-23 11:00:00+00:00;4,3325;1,96075;8,3888;3,947;104,6528;0,8363;152,4;1644,075;0,3594;10,6472;19,625;61,61;21,6539;67,4605;117,16;4,4243;37,562;3,41755;35,68375
2025-09-24 10:00:00+00:00;4,3222;1,96055;8,3832;3,9416;104,3763;0,8343;152,05;1646,25;0,35855;10,642;19,62;61,61;21,6207;67,627;117,155;4,4139;37,6645;3,41555;35,66025
2025-09-24 11:00:00+00:00;4,3165;1,9608;8,3743;3,9368;104,2484;0,83325;151,84;1645,015;0,3581;10,6398;19,595;61,615;21,6071;67,548;117,17;4,40815;37,6254;3,4143;35,61095
2025-09-25 10:00:00+00:00;4,3141;1,9608;8,3666;3,9319;104,1554;0,83275;151,81;1648,31;0,3587;10,5959;19,6;61,61;21,6372;68,034;117,205;4,4053;37,7385;3,41415;35,74505
2025-09-25 11:00:00+00:00;4,3141;1,96065;8,3688;3,9242;104,1847;0,83275;151,815;1646,365;0,3587;10,6019;19,6;61,605;21,6454;68,2015;117,195;4,4053;37,7546;3,4141;35,7486
2025-09-26 10:00:00+00:00;4,28875;1,96065;8,3319;3,9324;103,5782;0,8279;150,95;1647,5;0,357;10,6157;19,57;61,61;21,5741;67,924;117,195;4,3793;37,6485;3,4089;35,6145
2025-09-26 11:00:00+00:00;4,28455;1,9608;8,325;3,9294;103,4797;0,82705;150,635;1647,1;0,3567;10,6202;19,55;61,615;21,5928;67,846;117,205;4,37495;37,6375;3,4079;35,59345
2025-09-29 10:00:00+00:00;4,30385;1,9608;8,3435;3,882;103,9924;0,8308;151,74;1641,75;0,3574;10,63675;19,58;61,61;21,5047;68,0735;117,2;4,39465;37,7948;3,40585;35,7384
2025-09-29 11:00:00+00:00;4,30455;1,9608;8,34705;3,8938;104,0138;0,8309;151,42;1642,195;0,35805;10,63745;19,585;61,61;21,5066;68,1835;117,195;4,3954;37,80125;3,4063;35,7187
2025-09-30 10:00:00+00:00;4,31545;1,9607;8,3658;3,8798;;0,83305;151,8;1648,555;0,35895;10,6716;19,61;61,61;21,5494;68,381;117,195;4,4062;38,074;3,40845;35,82625
2025-09-30 11:00:00+00:00;4,3153;1,9608;8,3656;3,8891;104,3613;0,833;151,79;1649,125;0,35905;10,6781;19,61;61,625;21,5385;68,41;117,21;4,406;38,0651;3,4088;35,83645
2025-10-01 10:00:00+00:00;4,30905;1,9607;;3,8869;104,057;0,8318;151,58;1649,095;0,35845;10,6652;19,54;61,595;21,4561;68,1515;117,165;4,3997;37,956;3,39745;35,73765
2025-10-01 11:00:00+00:00;4,30705;1,96075;;3,8879;104,0032;0,83135;151,45;1647,66;0,3583;10,6668;19,535;61,62;21,4449;68,1775;117,17;4,3976;37,9675;3,40405;35,71975
2025-10-02 10:00:00+00:00;4,3169;1,96075;;3,8911;104,2861;0,8333;151,925;1648,005;0,35925;10,6827;19,65;61,645;21,5962;68,3115;117,165;4,40775;38,0505;3,40635;35,75265
2025-10-02 11:00:00+00:00;4,3166;1,96075;;3,8901;;0,8332;151,835;1648,1;0,35925;10,6823;19,65;61,64;21,5977;68,288;117,17;4,40735;38,0255;3,40645;35,75075
2025-10-03 10:00:00+00:00;4,31105;1,96075;;3,8863;104,2017;0,8322;151,705;1650,175;0,35895;10,6897;19,66;61,63;21,5828;67,9795;117,175;4,402;38,0175;3,40635;35,6679
2025-10-03 11:00:00+00:00;4,31055;1,9608;;3,8827;;0,83215;151,645;1650,03;0,35905;10,6816;19,66;61,645;21,5735;67,988;117,17;4,40185;38,0085;3,425;35,66055
2025-10-06 10:00:00+00:00;4,28495;1,9607;;3,8254;103,5801;0,82715;150,665;1649,12;0,35655;10,65755;19,56;61,64;21,5131;68,0155;117,17;4,3752;37,8575;3,40205;35,6116
2025-10-06 11:00:00+00:00;4,28385;1,96065;;3,8244;;0,8269;150,635;1649,205;0,35645;10,6523;19,555;61,63;21,5042;68,043;117,165;4,3741;37,861;3,4017;35,60485
2025-10-07 10:00:00+00:00;4,28555;1,96075;;3,8218;103,5818;0,8272;150,74;1648,49;0,3573;10,6391;19,585;61,64;21,4359;67,808;117,175;4,3765;37,9295;3,40985;35,5007
2025-10-07 11:00:00+00:00;4,28755;1,96075;;3,8224;;0,82765;150,815;1649,08;0,3575;10,6409;19,47;61,635;21,4521;67,83;117,175;4,37855;37,96935;3,4037;35,51395
2025-10-08 10:00:00+00:00;4,26435;1,9608;;3,8101;103,0728;0,82315;150,345;1657,47;0,3547;10,5983;19,705;61,565;21,3853;67,347;117,18;4,355;37,7755;3,39935;35,5533
2025-10-08 11:00:00+00:00;4,2732;1,96095;;3,815;103,2327;0,82485;150,245;1657,585;0,3554;10,6024;19,75;61,7;21,4057;67,4745;117,17;4,3642;37,84;3,4297;35,5853
2025-10-09 10:00:00+00:00;4,27;1,96055;8,28205;3,7694;103,219;0,82425;150,55;1649,01;0,35515;10,5879;19,71;61,65;21,2943;67,6395;117,17;4,3605;37,8775;3,42865;35,45895
2025-10-09 11:00:00+00:00;4,2673;1,9607;8,2761;3,7677;;0,8237;150,05;1646,9;0,3549;10,601;19,695;61,61;21,2809;67,6165;117,17;4,3577;37,8405;3,4005;35,4314
2025-10-10 10:00:00+00:00;4,251;1,9607;8,245;3,7723;102,6362;0,8206;149,47;1645,495;0,3554;10,5999;19,655;61,37;21,2989;67,394;117,17;4,3408;37,868;3,40825;35,3937
2025-10-10 11:00:00+00:00;4,25025;1,96075;8,24185;3,7712;102,6597;0,8204;149,445;1645,2;0,3553;10,6049;19,645;61,36;21,2947;67,336;117,17;4,3402;37,8485;3,3969;35,3752
2025-10-13 10:00:00+00:00;4,25885;1,9609;8,27045;3,795;;0,8221;149,8;1654,395;0,35575;10,61695;19,625;61,615;21,4246;67,584;117,15;4,3486;37,7245;3,39775;35,56885
2025-10-13 11:00:00+00:00;4,2557;1,9612;8,26275;3,7939;102,7204;0,8215;149,745;1653,66;0,35555;10,614;19,61;61,57;21,3965;67,5105;117,155;4,3453;37,674;3,3965;35,54275
2025-10-14 10:00:00+00:00;4,24455;1,96085;8,25105;3,8411;102,609;0,8193;149,295;1656,97;0,3548;10,6191;19,41;61,41;21,5006;67,352;117,12;4,33385;37,896;3,39425;35,559
2025-10-14 11:00:00+00:00;4,24295;1,96065;8,2487;3,8515;102,5876;0,819;149,595;1657,1;0,35465;10,6176;19,41;61,38;21,5176;67,2875;117,115;4,3322;37,8895;3,4229;35,58095
2025-10-15 10:00:00+00:00;4,2724;1,9607;8,29025;3,8247;102,4657;0,8247;150,36;1654,91;0,3571;10,6495;19,68;61,61;21,4563;67,644;117,1;4,3625;37,8685;3,4007;35,5707
2025-10-15 11:00:00+00:00;4,2704;1,96065;8,286;3,8281;102,3224;0,8243;150,27;1654,395;0,3569;10,6736;19,67;61,58;21,4517;67,619;117,125;4,3604;37,84;3,3999;35,56195
2025-10-16 10:00:00+00:00;4,282;1,9607;8,30735;3,8493;102,3864;0,82655;150,625;1653,515;0,3565;10,7559;19,67;61,635;21,4945;67,7265;117,19;4,3723;37,9475;3,41235;35,73175
2025-10-16 11:00:00+00:00;4,2809;1,96075;8,3045;3,8461;102,4518;0,82635;150,645;1650,885;0,3564;10,7346;19,66;61,64;21,464;67,6825;117,195;4,3712;37,9345;3,41175;35,70975
2025-10-17 10:00:00+00:00;4,29725;1,96075;8,337;3,8844;102,9322;0,82955;151,11;1664,685;0,3576;10,7054;19,735;61,635;21,6731;68,066;117,18;4,3881;38,2125;3,4155;35,9026
2025-10-17 11:00:00+00:00;4,29365;1,96085;8,33005;3,8806;;0,82885;150,98;1663,225;0,3572;10,69045;19,715;61,64;21,6307;68,022;117,165;4,3843;38,239;3,4143;35,8649
2025-10-20 10:00:00+00:00;4,28345;1,96065;8,30675;3,8583;102,544;0,82685;150,615;1659,085;0,35685;10,73005;19,79;61,635;21,465;67,844;117,195;4,37395;38,1405;3,41215;35,70325
2025-10-20 11:00:00+00:00;4,2798;1,9607;8,299;3,8593;102,431;0,82615;150,495;1657,285;0,3566;10,72215;19,77;61,64;21,4407;67,762;117,195;4,3702;38,1345;3,4112;35,6761
2025-10-21 10:00:00+00:00;4,2686;1,96075;8,27245;3,8259;102,2468;0,824;150,09;1661,805;0,35595;10,7028;19,73;61,64;21,4121;67,7525;117,2;4,3585;38,0646;3,4095;35,62105
2025-10-21 11:00:00+00:00;4,2671;1,96075;8,27155;3,8234;;0,8237;150,1;1662,755;0,3559;10,6981;19,725;61,635;21,3964;67,717;117,2;4,357;38,06765;3,40895;35,61925
2025-10-22 10:00:00+00:00;4,2585;1,96075;8,26045;3,8249;101,7436;0,822;149,795;1659,67;0,3554;10,7125;19,765;61,55;21,3336;67,8375;117,23;4,3482;38,1215;3,4073;35,65155
2025-10-22 11:00:00+00:00;4,2559;1,9608;8,2561;3,8205;101,6974;0,82155;149,655;1659,525;0,35525;10,7162;19,755;61,64;21,3212;67,735;117,225;4,3458;38,1295;3,40675;35,6269
2025-10-23 10:00:00+00:00;4,25775;1,96055;8,25755;3,8338;101,8334;0,82185;150,125;1668,735;0,3554;10,73895;19,67;61,61;21,3551;67,9555;117,23;4,3477;38,0275;3,404;35,7161
2025-10-23 11:00:00+00:00;4,2561;1,9609;8,2549;3,8347;101,8332;0,82155;149,705;1669,35;0,35525;10,7266;19,665;61,585;21,3433;67,904;117,225;4,346;38,0245;3,40755;35,73815
2025-10-24 10:00:00+00:00;4,2649;1,9607;8,27085;3,8233;;0,8233;150,02;1671,245;0,35605;10,72525;19,88;61,715;21,3692;68,083;117,245;4,3544;38,05665;3,41085;35,80405
2025-10-24 11:00:00+00:00;4,2651;1,96075;8,27015;3,8202;101,9519;0,8233;149,96;1671,12;0,3561;10,7105;19,88;61,72;21,3623;68,085;117,26;4,3546;38,0465;3,4111;35,8068
2025-10-27 10:00:00+00:00;4,2741;1,96065;8,2698;3,7882;102,6872;0,825;150,35;1667,16;0,3568;10,7343;19,835;61,635;21,435;68,541;117,18;4,3638;38,07045;3,4066;35,7008
2025-10-27 11:00:00+00:00;4,2759;1,96075;8,27185;3,7932;102,7022;0,8254;150,41;1666,9;0,3569;10,7357;19,845;61,64;21,436;68,563;117,18;4,3657;38,05315;3,4051;35,7243
2025-10-28 10:00:00+00:00;4,2816;1,96065;8,2773;3,7986;102,8985;0,82645;150,605;1674,585;0,3573;10,7507;19,805;61,645;21,4755;68,971;117,24;4,3715;37,82115;3,39035;35,66695
2025-10-28 11:00:00+00:00;4,2842;1,96075;8,28095;3,7973;;0,82695;150,645;1674,065;0,35775;10,75315;19,815;61,645;21,5063;69,0205;117,24;4,3741;37,8365;3,42045;35,68955
2025-10-29 10:00:00+00:00;4,27615;1,9607;8,266;3,7842;102,6737;0,82545;150,415;1659,375;0,3571;10,74345;19,785;61,64;21,4669;68,2005;117,22;4,3659;37,56875;3,41405;35,60355
2025-10-29 11:00:00+00:00;4,27785;1,96075;8,27105;3,7871;;0,82585;150,435;1654,425;0,3573;10,74705;19,795;61,635;21,4729;68,2665;117,24;4,3682;37,5925;3,4216;35,63005
2025-10-30 10:00:00+00:00;4,26645;1,96075;8,2603;3,776;103,0375;0,82365;150,435;1659,13;0,356;10,7396;19,72;61,53;21,5022;68,4355;117,22;4,3567;37,6055;3,415;35,6665
2025-10-30 11:00:00+00:00;4,2623;1,96065;8,253;3,7735;102,972;0,8228;150,28;1660,045;0,3557;10,72685;19,7;61,465;21,4761;68,378;117,22;4,352;37,6421;3,414;35,63855
2025-10-31 10:00:00+00:00;4,25145;1,96065;8,2346;3,7517;102,7447;0,82065;149,545;1651,68;0,3549;10,72265;19,705;61,305;21,4641;67,9625;117,21;4,341;37,4294;3,41115;35,5665
2025-10-31 11:00:00+00:00;4,24995;1,96065;8,2309;3,7569;;0,8204;149,565;1652,51;0,3551;10,71675;19,7;61,285;21,4799;67,9185;117,21;4,3395;37,3801;3,4109;35,56115
2025-11-03 10:00:00+00:00;4,2298;1,96085;8,20195;3,7425;102,2371;0,8165;149,13;1645,675;0,35375;10,7092;19,61;61,645;21,3419;67,7535;117,22;4,3191;37,385;3,40445;35,54185
2025-11-03 11:00:00+00:00;4,2287;1,96075;8,20075;3,7464;102,2218;0,8164;149,11;1646,205;0,35365;10,7254;19,6;61,545;21,3286;67,7655;117,215;4,3185;37,416;3,37875;35,57405
2025-11-04 10:00:00+00:00;4,2243;1,96105;8,19365;3,7654;;0,8154;148,595;1654,985;0,3535;10,7041;19,635;61,455;21,443;67,345;117,215;4,31345;37,4375;3,40285;35,5197
2025-11-04 11:00:00+00:00;4,226;1,9608;8,1974;3,7559;102,0426;0,81575;148,65;1654,145;0,35355;10,7081;19,64;61,55;21,411;67,3875;117,21;4,3151;37,4215;3,4034;35,5152
2025-11-05 10:00:00+00:00;4,21765;1,96075;8,18495;3,76;101,7771;0,81425;148,325;1659,865;0,353;10,6807;19,685;61,545;21,4424;67,5445;117,21;4,3071;37,3675;3,40155;35,4986
2025-11-05 11:00:00+00:00;4,2179;1,9606;8,18485;3,7632;101,7914;0,8142;148,365;1659,47;0,35275;10,6993;19,68;61,535;21,4495;67,607;117,205;4,3068;37,368;3,40145;35,49895
2025-11-06 10:00:00+00:00;4,2279;1,96075;8,19845;3,7422;102,0164;0,8162;148,735;1666,96;0,3536;10,7218;19,705;61,74;21,393;68,0635;117,21;4,3175;37,2695;3,4043;35,58245
2025-11-06 11:00:00+00:00;4,22765;1,9607;8,19845;3,7406;102,0146;0,81615;148,78;1666,01;0,3536;10,7206;19,705;61,74;21,4029;67,774;117,21;4,31715;37,2555;3,4041;35,57935
2025-11-07 10:00:00+00:00;4,2377;1,96055;8,21875;3,7615;102,2977;0,818;149,065;1683,44;0,35425;10,7103;19,67;61,535;21,3987;68,0955;117,21;4,3271;37,31805;3,40655;35,75705
2025-11-07 11:00:00+00:00;4,2423;1,96085;8,225;3,7603;102,388;0,8189;149,225;1684,13;0,3546;10,7062;19,69;61,535;21,4001;68,257;117,22;4,3318;37,3525;3,4078;35,78885
2025-11-10 10:00:00+00:00;4,2487;1,9608;8,23675;3,7421;102,6031;0,8201;149,395;1681,915;0,35525;10,7145;19,635;61,55;21,2575;68,194;117,19;4,3384;37,4382;3,41475;35,8419
2025-11-10 11:00:00+00:00;4,2467;1,96065;8,23195;3,7401;102,5833;0,81975;149,325;1682,93;0,3551;10,7069;19,63;61,52;21,252;68,1785;117,185;4,3363;37,4233;3,40935;35,8503
2025-11-11 10:00:00+00:00;4,2481;1,96075;8,2356;3,7259;102,4554;0,8201;149,495;1695,915;0,3553;10,72205;19,625;61,545;21,261;68,215;117,175;4,3382;37,48285;3,41475;35,88195
2025-11-11 11:00:00+00:00;4,25065;1,9607;8,23985;3,727;102,5239;0,8206;149,48;1695,71;0,35545;10,7255;19,645;61,55;21,2708;68,2455;117,19;4,3408;37,4795;3,38375;35,91065
2025-11-12 10:00:00+00:00;4,24975;1,96075;8,23515;3,7028;102,5614;0,82035;149,49;1697,42;0,35545;10,7487;19,6;61,55;21,1662;68,4745;117,175;4,3393;37,607;3,3833;35,94145
2025-11-12 11:00:00+00:00;4,24945;1,96075;8,23465;3,7024;;0,8203;149,42;1697,245;0,3554;10,7483;19,595;61,54;21,1682;68,4725;117,175;4,3389;37,5725;3,38345;35,943
2025-11-13 10:00:00+00:00;4,2667;1,9608;8,2451;3,7186;103,0011;0,8236;150,085;1701,175;0,3563;10,7516;19,66;61,545;21,2163;68,3805;117,14;4,35665;37,515;3,41755;36,0971
2025-11-13 11:00:00+00:00;4,2656;1,96065;8,2449;3,7246;103,0168;0,8234;150,05;1701,955;0,35635;10,7466;19,545;61,535;21,2107;68,3685;117,135;4,3555;37,541;3,4167;36,1029
2025-11-14 10:00:00+00:00;4,2682;1,96055;8,2507;3,7598;103,1231;0,8239;150,6;1694,675;0,3564;10,7374;19,615;61,55;21,3264;68,618;117,175;4,3577;37,67525;3,4282;36,20135
2025-11-14 11:00:00+00:00;4,2658;1,96085;8,2464;3,7601;103,0273;0,82345;150,23;1694,18;0,35635;10,7277;19,605;61,545;21,3283;68,575;117,18;4,35525;37,6755;3,4145;36,21015
2025-11-17 10:00:00+00:00;4,2612;1,9607;8,24715;3,7456;102,8308;0,82255;150,18;1694,515;0,35585;10,7099;19,655;61,545;21,2445;68,389;117,165;4,3508;37,629;3,4267;36,1596
2025-11-17 11:00:00+00:00;4,259;1,9608;8,24275;3,7523;102,7913;0,8221;150,11;1696,495;0,35575;10,7044;19,645;61,54;21,246;68,3445;117,18;4,3485;37,6715;3,4262;36,16525
2025-11-18 10:00:00+00:00;4,2568;1,96075;8,242;3,7789;102,6981;0,8217;150,38;1699,135;0,35565;10,7083;19,67;61,545;21,3868;68,3595;117,175;4,3464;37,5865;3,41405;36,15805
2025-11-18 11:00:00+00:00;4,2543;1,96075;8,23665;3,7784;102,6147;0,8212;150,285;1697,15;0,35565;10,7042;19,655;61,55;21,3606;68,309;117,18;4,3438;37,555;3,40525;36,12585
2025-11-19 10:00:00+00:00;4,2513;1,9607;8,2302;3,7767;102,5449;0,8206;150,62;1699,795;0,3555;10,7159;19,69;61,55;21,22;68,2035;117,26;4,34085;37,508;3,4137;36,17145
2025-11-19 11:00:00+00:00;4,2495;1,9607;8,2278;3,7758;102,4762;0,8203;150,415;1699,49;0,35545;10,7145;19,68;61,545;21,2026;68,171;117,26;4,33885;37,524;3,41365;36,1616
2025-11-20 10:00:00+00:00;4,23405;1,96075;8,2025;3,7615;102,263;0,8174;149,815;1692,865;0,35425;10,7016;19,805;61,405;21,1467;68,075;117,255;4,32365;37,403;3,41045;35,9943
2025-11-20 11:00:00+00:00;4,2337;1,96075;8,2017;3,7549;102,2467;0,8172;149,845;1693,115;0,35425;10,7008;19,805;61,54;21,1494;68,048;117,28;4,3229;37,404;3,41475;36,01105
2025-11-21 10:00:00+00:00;4,2332;1,96085;8,19495;3,7945;103,1705;0,81715;149,2;1700,665;0,35415;10,7015;19,775;61,615;21,2621;67,9215;117,33;4,3225;37,4405;3,40965;36,21195
2025-11-21 11:00:00+00:00;4,2316;1,96085;8,19235;3,7904;103,2346;0,81685;149,485;1699,325;0,35395;10,7001;19,77;61,59;21,2498;67,874;117,33;4,32085;37,4555;3,4094;36,1863
2025-11-24 10:00:00+00:00;4,23605;1,96105;8,1969;3,7789;102,9062;0,8177;149,355;1706,025;0,3545;10,7016;19,855;61,615;21,2973;67,962;117,3;4,3256;37,4707;3,4253;36,28975
2025-11-24 11:00:00+00:00;4,2387;1,9607;8,2016;3,7855;;0,8182;149,97;1705,33;0,35475;10,6969;19,815;61,54;21,3107;67,9885;117,3;4,3284;37,5153;3,4111;36,3041
2025-11-25 10:00:00+00:00;4,236;1,9606;8,1741;3,7694;102,9021;0,8177;149,705;1690,65;0,35425;10,6939;19,79;61,535;21,3274;67,872;117,295;4,3258;37,266;3,40915;36,2371
2025-11-25 11:00:00+00:00;4,23785;1,96075;8,1758;3,7732;102,916;0,8181;149,54;1690,77;0,3544;10,6996;19,8;61,54;21,3146;67,8845;117,3;4,3276;37,2925;3,4183;36,2586
2025-11-26 10:00:00+00:00;4,25015;1,96085;8,19275;3,7998;103,3161;0,82055;149,985;1704,41;0,35535;10,7155;19,71;61,575;21,2931;68,0615;117,31;4,3407;37,299;3,4133;36,2675
2025-11-26 11:00:00+00:00;4,2503;1,96075;8,1936;3,7978;103,3037;0,82055;149,985;1706,45;0,35545;10,71615;19,71;61,575;21,2861;68,0905;117,305;4,3407;37,3055;3,41355;36,2501
2025-11-27 10:00:00+00:00;4,2522;1,96075;8,20015;3,7886;103,3909;0,82085;150,16;1692,785;0,35555;10,7061;19,65;61,54;21,2506;68,022;117,37;4,3425;37,3245;3,413;36,29775
2025-11-27 11:00:00+00:00;4,25475;1,96075;8,20575;3,793;103,5011;0,8213;150,605;1692,69;0,35575;10,7197;19,66;61,54;21,2519;68,0865;117,375;4,3451;37,34425;3,40585;36,31745
2025-11-28 10:00:00+00:00;4,2484;1,96035;8,1842;3,7695;103,4992;0,8201;150,085;1701,525;0,35525;10,7381;19,645;61,425;21,2287;67,7965;117,395;4,3394;37,23995;3,4117;36,3771
2025-11-28 11:00:00+00:00;4,2459;1,96015;8,1797;3,7711;103,3933;0,8196;149,705;1700,245;0,35505;10,7315;19,635;61,39;21,2027;67,8135;117,405;4,3367;37,2319;3,411;36,35735
2025-12-01 10:00:00+00:00;4,2681;1,96075;8,21855;3,7967;104,0832;0,8239;150,31;1707,945;0,3566;10,7474;19,715;61,71;21,2502;68,015;117,065;4,3612;37,1905;3,43335;36,493
2025-12-01 11:00:00+00:00;4,27065;1,96065;8,2243;3,7943;104,1236;0,8244;151,035;1708,28;0,3568;10,7505;19,725;61,75;21,2563;68,055;117,055;4,3638;37,181;3,4214;36,5127
2025-12-02 10:00:00+00:00;4,26405;1,96045;8,21015;3,7794;104,3449;0,8231;149,995;1704,28;0,35645;10,75;19,715;61,655;21,2636;68,024;117,36;4,358;37,1575;3,4324;36,4585
2025-12-02 11:00:00+00:00;4,2626;1,9609;8,20565;3,7764;104,4003;0,8228;150,05;1704,73;0,3563;10,74055;19,715;61,65;21,2547;68,0805;117,4;4,3566;37,1835;3,4323;36,4517
2025-12-03 10:00:00+00:00;4,2774;1,96075;8,22775;3,7751;105,0411;0,8257;150,76;1706,78;0,3575;10,7443;19,79;61,655;21,2698;68,6115;117,435;4,3705;37,186;3,43565;36,424
2025-12-03 11:00:00+00:00;4,28255;1,96055;8,23755;3,7791;105,1658;0,8267;151,345;1707,815;0,3578;10,7489;19,81;61,65;21,2872;68,691;117,455;4,37575;37,218;3,43685;36,4585
2025-12-04 10:00:00+00:00;4,2897;1,96095;8,2603;3,7779;105,0835;0,8281;151,075;1718,99;0,3584;10,7596;19,87;61,68;21,3263;68,938;117,52;4,3832;37,4195;3,4384;36,544
2025-12-04 11:00:00+00:00;4,2853;1,96075;8,25145;3,7757;;0,8272;150,975;1719,265;0,3579;10,7612;19,85;61,605;21,3116;68,8755;117,31;4,3787;37,378;3,42225;36,52275
2025-12-05 10:00:00+00:00;4,2809;1,96075;8,2402;3,7597;104,8888;0,8264;150,705;1715,235;0,3578;10,7549;19,835;61,595;21,2318;68,802;117,435;4,3742;37,1175;3,43635;36,41765
2025-12-05 11:00:00+00:00;4,27905;1,96095;8,2374;3,7592;104,8056;0,826;150,75;1715,575;0,35755;10,7474;19,825;61,61;21,2201;68,802;117,325;4,3723;37,111;3,43615;36,43695
2025-12-08 10:00:00+00:00;4,27825;1,96125;8,2344;3,7567;104,9393;0,8263;150,6;1709,62;0,35785;10,7561;19,75;61,655;21,1968;68,7745;117,365;4,3726;37,1025;3,4173;36,27225
2025-12-08 11:00:00+00:00;4,27915;1,96075;8,235;3,7483;;0,82605;150,59;1710,04;0,3578;10,757;19,755;61,67;21,1951;68,765;117,32;4,37355;37,1045;3,418;36,26025
2025-12-09 10:00:00+00:00;4,27995;1,96065;8,23165;3,7423;;0,8262;150,615;1710,475;0,3577;10,7648;19,79;61,695;21,266;69,181;117,455;4,3731;37,077;3,4201;36,2909
2025-12-09 11:00:00+00:00;4,27665;1,9608;8,22565;3,741;104,6352;0,82555;150,56;1709,165;0,3575;10,7705;19,77;61,65;21,2652;69,045;117,255;4,3698;37,052;3,41945;36,2769
2025-12-10 10:00:00+00:00;4,27275;1,96055;8,2188;3,7497;104,6573;0,8249;150,375;1710,62;0,3573;10,7502;19,805;61,5;21,1897;68,8475;117,44;4,3661;37,043;3,417;36,2892
2025-12-10 11:00:00+00:00;4,2732;1,9608;8,2185;3,7533;104,6622;0,8249;150,375;1710,6;0,3573;10,7518;19,805;61,555;21,1801;68,9285;117,455;4,3661;37,0495;3,4171;36,28685
2025-12-11 10:00:00+00:00;4,2977;1,96055;8,26085;3,764;105,7598;0,8296;151,185;1722,355;0,359;10,7581;19,93;61,955;21,2811;68,993;117,38;4,39135;37,1525;3,42665;36,56485
2025-12-11 11:00:00+00:00;4,2999;1,96085;8,26345;3,7604;;0,8301;151,495;1723,905;0,3592;10,76;19,94;61,985;21,2948;69,088;117,385;4,3936;37,1835;3,42835;36,5801
2025-12-12 10:00:00+00:00;4,30875;1,96075;8,2788;3,7576;106,0787;0,83175;;1729,765;0,3599;10,7799;19,83;61,57;21,1509;69,321;117,37;4,4024;37,049;3,4263;36,59525
2025-12-12 11:00:00+00:00;4,3073;1,96065;8,2746;3,7597;106,1206;0,8315;;1732,235;0,3598;10,79975;19,825;61,49;21,1572;69,254;117,26;4,40085;37,006;3,42245;36,5605
2025-12-15 10:00:00+00:00;4,3133;1,96085;8,2766;3,7711;106,5537;0,83265;151,97;1719,44;0,36005;10,7902;19,825;61,59;21,1059;69,2645;117,25;4,4065;36,908;3,4266;36,79045
2025-12-15 11:00:00+00:00;4,3126;1,96085;8,27545;3,7713;106,5555;0,83255;151,35;1720,23;0,36;10,7794;19,82;61,605;21,1123;69,194;117,23;4,4057;36,9145;3,42655;36,78535
2025-12-16 10:00:00+00:00;4,3189;1,9607;8,28035;3,7828;107,0421;0,83375;151,58;1735,01;0,36085;10,7619;19,805;61,665;21,1285;69,036;117,41;4,41135;37,0645;3,42255;36,97185
2025-12-16 11:00:00+00:00;4,3177;1,96055;8,2789;3,7839;106,9259;0,8335;151,535;1732,635;0,3604;10,7572;19,795;61,64;21,1071;68,9585;117,43;4,41005;37,0495;3,42305;36,94795
2025-12-17 10:00:00+00:00;4,30315;1,96075;8,2529;3,7752;105,8937;0,83065;151,07;1732,565;0,3595;10,7294;19,775;61,245;21,0528;68,76;117,385;4,39455;36,904;3,40185;36,8269
2025-12-17 11:00:00+00:00;4,30665;1,9609;8,2604;3,7781;105,9981;0,8314;151,095;1734,405;0,3599;10,733;19,785;61,3;21,0627;68,839;117,32;4,3985;36,951;3,40495;36,83295
2025-12-18 10:00:00+00:00;4,30455;1,96065;8,2531;3,7796;105,7908;0,83105;151,08;1730,02;0,3599;10,7253;19,765;61,27;21,1024;68,756;117,225;4,3964;36,885;3,40295;36,94105
2025-12-18 11:00:00+00:00;4,30595;1,96065;8,25555;3,7797;105,869;0,8313;151,13;1730,56;0,3601;10,7446;19,775;61,29;21,1128;68,7575;117,1;4,3974;36,8845;3,41895;36,9779
2025-12-19 10:00:00+00:00;4,3018;1,95785;8,2465;3,7587;;0,8304;150,975;1731,75;0,35995;10,7251;19,83;61,565;21,1219;68,7845;117,385;4,3931;36,858;3,4188;36,95995
2025-12-19 11:00:00+00:00;4,30345;1,9578;8,24965;3,7607;105,0389;0,83075;;1732,3;0,3601;10,7272;19,835;61,575;21,1222;68,792;117,385;4,3946;36,868;3,3962;36,96365
2025-12-22 10:00:00+00:00;4,3085;1,95795;8,2557;3,7601;105,172;0,8318;151,22;1737,08;0,3608;10,7436;19,86;61,575;21,1108;68,9455;117,405;4,3998;36,577;3,41045;36,97885
2025-12-22 11:00:00+00:00;4,30945;1,95785;8,258;3,7559;105,2606;0,8319;151,245;1737,25;0,36085;10,7445;19,865;61,565;21,1052;68,9495;117,405;4,4004;36,6;3,4103;36,9758
2025-12-23 10:00:00+00:00;4,33135;1,95795;8,28995;3,7666;105,7382;0,83615;152,025;1746,68;0,36215;10,7479;19,85;61,58;21,1669;69,3675;117,38;4,4236;36,7055;3,40445;37,13815
2025-12-23 11:00:00+00:00;4,33275;1,95775;8,2924;3,7635;105,6457;0,83645;152,07;1747,175;0,3622;10,753;19,855;61,565;21,1822;69,3975;117,385;4,4249;36,704;3,40465;37,1409
2025-12-24 10:00:00+00:00;4,33365;1,9579;8,2766;3,7553;105,946;0,83665;152,1;1707,885;0,3625;10,7547;19,795;61,71;21,1184;69,3295;117,38;4,4258;36,579;3,40465;37,04255
2025-12-24 11:00:00+00:00;4,33205;1,95775;8,27365;3,7524;105,8417;0,8363;152,165;1709,73;0,3623;10,7531;19,79;61,685;21,1027;69,2875;117,385;4,42415;36,577;3,4077;37,0379
2025-12-25 10:00:00+00:00;4,3282;1,9578;;3,7625;;0,83555;;;0,36195;;;;;;117,38;4,42005;;3,3942;
2025-12-25 11:00:00+00:00;4,3282;1,9578;8,2606;3,761;;0,83555;;1702,21;0,36195;;;;;;117,38;4,42005;;3,3942;
2025-12-26 10:00:00+00:00;4,32305;1,95785;8,2477;3,7582;;0,8345;;1701,59;0,36175;10,744;19,66;61,555;21,1028;69,173;117,38;4,41475;36,5705;3,4026;37,0112
2025-12-26 11:00:00+00:00;4,32455;1,9579;8,2516;3,7633;;0,8348;;1701,285;0,36185;10,74525;19,665;61,575;21,1089;69,168;117,38;4,4163;36,558;3,39525;36,99785
2025-12-29 10:00:00+00:00;4,32505;1,9578;8,2515;3,7655;105,9636;0,83495;151,8;1691,07;0,36215;10,7145;19,745;61,565;21,0872;69,3035;117,315;4,4168;37,0545;3,3951;36,9354
2025-12-29 11:00:00+00:00;4,3205;1,9579;8,24075;3,7633;105,7817;0,834;151,81;1688,335;0,36185;10,71395;19,725;61,565;21,0593;69,228;117,325;4,4121;37,016;3,40155;36,8786
2025-12-30 10:00:00+00:00;4,32265;1,9579;8,2252;3,7389;105,6362;0,83445;151,77;1703,23;0,3624;10,71345;19,76;61,56;21,1469;69,273;117,295;4,41405;37,082;3,3903;36,8872
2025-12-30 11:00:00+00:00;4,32415;1,95785;8,2297;3,7446;105,6147;0,83475;151,83;1699,285;0,36245;10,71025;19,76;61,57;21,1479;69,2935;117,305;4,41555;36,983;3,3907;36,8679
2025-12-31 10:00:00+00:00;4,3098;1,95785;8,20135;3,7293;105,4683;0,83205;151,44;1693,25;0,361;10,7093;19,75;61,57;21,0975;69,086;117,31;4,401;37,0275;3,3885;36,84435
2025-12-31 11:00:00+00:00;4,31125;1,958;8,20365;3,7414;105,5083;0,8323;151,43;1697,705;0,36135;10,7085;19,755;61,57;21,0913;69,13;117,315;4,4025;37,139;3,3889;36,81585
2026-01-01 10:00:00+00:00;;1,95785;;3,7389;;0,83275;;;;;;;;;117,3;4,405;;;
2026-01-01 11:00:00+00:00;;1,95785;;3,7357;;0,83275;;;;;;;;;117,3;4,405;;;
2026-01-02 10:00:00+00:00;4,3049;1,95775;;3,7226;105,7196;0,83105;151,2;1694,065;0,3603;10,7227;19,725;61,565;21,0238;68,9265;117,3;4,3957;36,8045;3,3869;36,8262
2026-01-02 11:00:00+00:00;4,3049;1,95785;;3,7239;105,7008;0,83105;151,2;1694,145;0,3603;10,7227;19,725;61,565;21,0145;69,0025;117,3;4,3957;36,788;3,3869;36,8215
2026-01-05 10:00:00+00:00;4,2908;1,95765;8,1601;3,7112;105,467;0,82825;150,705;1690,56;0,35915;10,7098;19,695;61,555;21,0447;69,022;117,2;4,3813;36,59385;3,3824;36,75505
2026-01-05 11:00:00+00:00;4,29355;1,9578;8,16685;3,6999;105,5034;0,8288;150,795;1692,055;0,35925;10,7139;19,71;61,575;21,0216;69,052;117,305;4,38415;36,5881;3,38265;36,7787
2026-01-06 10:00:00+00:00;4,3022;1,95795;8,18145;3,7004;105,6049;0,83045;151,1;1695,9;0,35995;10,7507;19,785;61,71;21,0336;69,35;117,305;4,393;36,608;3,38375;36,9077
2026-01-06 11:00:00+00:00;4,30125;1,95785;8,1799;3,71;105,5567;0,8303;151,065;1695,235;0,35985;10,7514;19,775;61,695;21,042;69,3165;117,3;4,392;36,602;3,3837;36,86935
2026-01-07 10:00:00+00:00;4,2923;1,95785;8,1722;3,7141;105,0374;0,82855;150,75;1689,89;0,357;10,7598;19,54;61,57;21,0121;69,341;117,3;4,38255;36,553;3,3815;36,7513
2026-01-07 11:00:00+00:00;4,293;1,95785;8,17275;3,712;105,0673;0,82865;150,775;1690,89;0,3571;10,7607;19,54;61,58;21,0078;69,3575;117,305;4,38315;36,6;3,3817;36,74475
2026-01-08 10:00:00+00:00;4,2895;1,95775;8,1554;3,7102;105,1268;0,828;150,66;1697,05;0,3569;10,7531;19,5;61,525;20,9852;69,1705;117,32;4,3794;36,81355;3,3818;36,8445
2026-01-08 11:00:00+00:00;4,2899;1,95795;8,15505;3,711;105,0216;0,8281;150,6;1696,795;0,35695;10,7589;19,505;61,535;20,9833;69,167;117,32;4,3798;36,7713;3,36415;36,8558
2026-01-09 10:00:00+00:00;4,2765;1,95795;8,13045;3,6885;104,9807;0,8255;150,665;1698,315;0,3558;10,7512;19,735;61,62;20,9718;68,931;117,32;4,36625;36,593;3,3525;36,78605
2026-01-09 11:00:00+00:00;4,2776;1,95785;8,1326;3,6884;104,9882;0,8257;150,23;1698,905;0,3559;10,7444;19,74;61,635;20,9784;69,0125;117,32;4,3674;36,615;3,3727;36,79785
2026-01-12 10:00:00+00:00;4,2908;1,95785;8,14605;3,689;105,3336;0,82825;150,69;1716,26;0,3572;10,7599;19,68;61,595;20,9266;69,2125;117,35;4,3809;36,4872;3,37655;36,9665
2026-01-12 11:00:00+00:00;4,2921;1,95795;8,14845;3,6857;;0,8285;151,205;1713,37;0,35735;10,7517;19,69;61,565;20,9198;69,2185;117,355;4,3822;36,5244;3,37665;36,97175
2026-01-13 10:00:00+00:00;4,28805;1,95795;8,1439;3,6655;105,2988;0,8277;150,6;1719,305;0,357;10,7475;19,915;61,575;20,9032;69,2525;117,335;4,3782;36,73965;3,36055;36,8739
2026-01-13 11:00:00+00:00;4,2849;1,95785;8,13935;3,6718;;0,82715;150,49;1718,835;0,35675;10,7377;19,895;61,565;20,8924;69,2175;117,35;4,375;36,6985;3,3754;36,85755
2026-01-14 10:00:00+00:00;4,279;1,9577;8,12295;3,6662;105,2009;0,82595;150,285;1715,52;0,35625;10,729;19,915;61,555;20,7543;69,2455;117,375;4,3691;36,6276;3,3647;36,82915
2026-01-14 11:00:00+00:00;4,2807;1,95795;8,1263;3,6761;105,3046;0,8263;150,345;1719,575;0,3564;10,7305;19,925;61,565;20,7719;69,3565;117,39;4,3708;36,6417;3,36525;36,869
2026-01-15 10:00:00+00:00;4,27385;1,95805;8,1086;3,6717;105,0823;0,825;;1706,925;0,35585;10,7206;19,91;61,57;20,7004;69,1485;117,375;4,364;36,5315;3,36295;36,73645
2026-01-15 11:00:00+00:00;4,27325;1,95775;8,10725;3,672;105,0202;0,825;;1704,575;0,3558;10,7152;19,91;61,565;20,7009;69,156;117,37;4,3637;36,485;3,3734;36,70535
2026-01-16 10:00:00+00:00;4,2642;1,9578;8,09095;3,6446;;0,8231;149,765;1710,26;0,355;10,7007;19,905;61,57;20,5133;68,923;117,34;4,3537;36,457;3,3652;36,7023
2026-01-16 11:00:00+00:00;4,2658;1,95805;8,09365;3,6421;105,4905;0,82345;149,81;1711,54;0,35515;10,7021;19,915;61,575;20,5051;68,962;117,39;4,3554;36,4825;3,35785;36,7072
2026-01-19 10:00:00+00:00;4,2694;1,95785;8,09435;3,6775;105,6796;0,82415;150,415;1714,79;0,3555;10,7084;19,855;61,59;20,5109;69,116;117,31;4,359;36,331;3,36655;36,68535
2026-01-19 11:00:00+00:00;4,26925;1,95765;8,0942;3,6796;105,7218;0,82415;150,415;1712,53;0,3555;10,7084;19,855;61,59;20,5204;69,1005;117,31;4,359;36,33085;3,3664;36,6726
2026-01-20 10:00:00+00:00;4,3081;1,95805;8,1628;3,7286;106,666;0,83155;151,3;1734,25;0,35855;10,7431;19,98;61,57;20,68;69,6655;117,56;4,3984;36,44785;3,37735;37,08245
2026-01-20 11:00:00+00:00;4,3088;1,9578;8,16395;3,7238;;0,83175;151,33;1730,935;0,3586;10,7441;19,98;61,64;20,6837;69,708;117,37;4,3991;36,4275;3,37765;37,09925
2026-01-21 10:00:00+00:00;4,2989;1,95775;8,15215;3,7096;107,332;0,82985;150,98;1719,775;0,3576;10,74;19,84;61,635;20,5344;69,3435;117,4;4,389;36,382;3,371;37,0139
2026-01-21 11:00:00+00:00;4,2996;1,95785;8,1532;3,7101;107,3563;0,82995;151,015;1719,015;0,3577;10,7409;19,84;61,635;20,5346;69,3525;117,395;4,38975;36,42325;3,37935;37,01205
2026-01-22 10:00:00+00:00;4,295;1,9577;8,14645;3,6713;107,1543;0,8291;150,85;1717,685;0,3574;10,7313;19,96;61,635;20,4179;69,173;117,395;4,3851;36,7065;3,36985;37,0076
2026-01-22 11:00:00+00:00;4,2952;1,95775;8,15595;3,67;;0,8291;150,85;1717,535;0,3574;10,7313;19,96;61,64;20,4351;69,1565;117,405;4,38525;36,649;3,37;36,9834
2026-01-23 10:00:00+00:00;4,3103;1,95785;8,1723;3,6869;107,8872;0,83205;151,32;1721,825;0,3587;10,746;19,975;61,705;20,4843;69,364;117,4;4,4006;36,5956;3,3816;37,04975
2026-01-23 11:00:00+00:00;4,31045;1,95795;8,1739;3,688;107,8136;0,83205;151,385;1722,185;0,3587;10,7453;19,975;61,71;20,477;69,326;117,4;4,4008;36,6315;3,37285;37,0713
2026-01-26 10:00:00+00:00;4,35805;1,95795;8,25195;3,7268;108,7177;0,84125;153,06;1705,6;0,36195;10,7803;20,015;61,64;20,6179;69,9685;117,405;4,4493;36,8719;3,39215;37,29765
2026-01-26 11:00:00+00:00;4,3562;1,95785;8,24875;3,7211;108,6762;0,84085;152,995;1707,175;0,3618;10,7712;20,005;61,645;20,5996;69,9725;117,405;4,4474;36,8401;3,379;37,30565
2026-01-27 10:00:00+00:00;4,3659;1,95785;8,2676;3,6936;109,0225;0,84275;153,335;1716,335;0,3626;10,7825;20,04;61,645;20,589;70,2115;117,395;4,4573;36,88975;3,38185;37,3914
2026-01-27 11:00:00+00:00;4,36595;1,95755;8,26835;3,695;108,9479;0,8429;153,37;1715,965;0,36265;10,7914;20,045;61,66;20,6036;70,2305;117,395;4,4581;36,87215;3,3818;37,3549
2026-01-28 10:00:00+00:00;4,40375;1,95805;8,3275;3,7093;110,0278;0,8501;154,665;1714,055;0,3654;10,8204;20,105;61,86;20,5809;70,4075;117,4;4,4966;37,2274;3,40245;37,5643
2026-01-28 11:00:00+00:00;4,40265;1,95775;8,3279;3,7047;110,0405;0,8498;154,635;1713,47;0,3653;10,8196;20,1;61,64;20,5804;70,397;117,405;4,49545;37,2526;3,3902;37,5717
2026-01-29 10:00:00+00:00;4,39145;1,95785;8,3052;3,6866;109,9479;0,84765;154,17;1712,29;0,36435;10,8209;20,11;61,59;20,5068;70,523;117,405;4,4841;37,2788;3,3873;37,53825
2026-01-29 11:00:00+00:00;4,3863;1,95775;8,2957;3,6867;109,8799;0,8467;154,045;1715,49;0,3639;10,8189;20,085;61,52;20,5118;70,446;117,4;4,47885;37,3335;3,3863;37,5767
2026-01-30 10:00:00+00:00;4,3735;1,9573;8,28105;3,6935;109,5831;0,8443;153,64;1721,205;0,3629;10,8265;20,03;61,66;20,6473;70,1965;117,38;4,4665;37,4643;3,37865;37,49745
2026-01-30 11:00:00+00:00;4,3783;1,95795;8,2878;3,6903;109,614;0,84525;153,725;1719,31;0,3633;10,83075;20,05;61,655;20,6256;70,199;117,4;4,4714;37,41565;3,38535;37,50985
2026-02-02 10:00:00+00:00;4,3573;1,9583;;3,6768;108,5626;0,84105;153,025;1723,195;0,3622;10,81125;20,085;61,665;20,6495;69,83;117,435;4,4493;37,451;3,37895;37,442
2026-02-02 11:00:00+00:00;4,35895;1,95765;8,2404;3,6857;108,6525;0,8414;153,095;1723,175;0,3623;10,8155;20,09;61,68;20,6751;69,8085;117,435;4,4507;37,4665;3,3802;37,48825
2026-02-03 10:00:00+00:00;4,33145;1,95795;8,18285;3,6468;106,459;0,83615;152,075;1710,495;0,36025;10,8101;19,975;61,66;20,4555;69,7455;117,45;4,4229;37,1849;3,37105;37,25485
2026-02-03 11:00:00+00:00;4,3291;1,95795;8,179;3,6464;106,3552;0,8357;152,01;1709,52;0,36005;10,801;19,965;61,66;20,4562;69,6795;117,445;4,4204;37,21;3,37065;37,2261
2026-02-04 10:00:00+00:00;4,34055;1,95775;8,2052;3,6513;;0,83785;152,45;1720,295;0,36095;10,8222;19,995;61,675;20,3933;69,6715;117,415;4,4317;37,38625;3,3771;37,30785
2026-02-04 11:00:00+00:00;4,3393;1,958;8,2027;3,6495;;0,83765;152,4;1721,585;0,36085;10,8208;19,99;61,66;20,4012;69,6895;117,41;4,4304;37,36175;3,37705;37,3204
2026-02-05 10:00:00+00:00;4,3279;1,9579;8,1788;3,6693;106,4389;0,83545;151,935;1726,61;0,3601;10,82205;20,025;61,665;20,4661;69,1745;117,25;4,41875;37,48015;3,37675;37,35445
2026-02-05 11:00:00+00:00;4,32935;1,95785;8,18315;3,6672;106,4827;0,83565;151,99;1727,59;0,3602;10,8199;20,035;61,65;20,4685;69,1995;117,29;4,42025;37,4149;3,38585;37,37305
2026-02-06 10:00:00+00:00;4,33155;1,95805;8,18235;3,6875;106,9058;0,83615;152,6;1729,26;0,3604;10,8284;20,11;61,66;20,4674;69,0325;117,395;4,4225;37,31735;3,3774;37,35195
2026-02-06 11:00:00+00:00;4,3312;1,95785;8,1837;3,6869;106,9081;0,83605;152,59;1729,91;0,3604;10,8205;20,105;61,655;20,4605;69,0445;117,375;4,4221;37,322;3,38625;37,3547
2026-02-09 10:00:00+00:00;4,35735;1,95785;8,21565;3,6842;107,6706;0,84105;153,03;1739,175;0,3624;10,8403;20,15;61,66;20,4681;69,4585;117,36;4,4491;37,053;3,3844;37,4942
2026-02-09 11:00:00+00:00;4,3555;1,95755;8,2132;3,6828;107,5913;0,84075;152,97;1741,23;0,3623;10,84605;20,14;61,655;20,4703;69,3625;117,365;4,4472;37,078;3,38385;37,51395
2026-02-10 10:00:00+00:00;4,3768;1,95795;8,237;3,6776;107,9255;0,84485;153,715;1739,68;0,3636;10,8554;20,17;61,66;20,4992;69,748;117,315;4,4693;37,1265;3,3876;37,59855
2026-02-10 11:00:00+00:00;4,3746;1,9578;;3,6732;107,8609;0,84445;153,64;1740,61;0,3634;10,8412;20,16;61,655;20,4816;69,6985;117,38;4,4671;37,089;3,39585;37,5439
2026-02-11 10:00:00+00:00;4,37755;1,9578;8,23655;3,6692;108,0816;0,84495;153,74;1727,99;0,36355;10,8481;20,14;61,66;20,4423;69,415;117,315;4,4697;37,041;3,38465;37,4082
2026-02-11 11:00:00+00:00;4,37825;1,9578;8,23875;3,6688;108,0427;0,84515;153,77;1726,615;0,3636;10,8485;20,14;61,64;20,4307;69,4495;117,315;4,4705;37,0;3,385;37,4014
2026-02-12 10:00:00+00:00;4,3658;1,9579;8,20375;3,6471;107,6803;0,84275;153,27;1707,16;0,3627;10,8456;20,14;61,65;20,4018;68,9205;117,325;4,4576;36,769;3,38155;37,2733
2026-02-12 11:00:00+00:00;4,3623;1,95775;8,1972;3,6445;107,5868;0,84205;153,205;1704,335;0,3624;10,8422;20,125;61,655;20,3857;68,855;117,37;4,45405;36,7815;3,38085;37,2435
2026-02-13 10:00:00+00:00;4,3559;1,9579;;3,6545;107,5003;0,8409;153,01;1713,82;0,3619;10,8394;20,14;61,66;20,4289;68,7085;117,44;4,448;36,8625;3,3866;37,2811
2026-02-13 11:00:00+00:00;4,35495;1,95785;8,19185;3,659;107,5046;0,8406;152,955;1713,86;0,3618;10,8387;20,135;61,66;20,4413;68,6835;117,415;4,4465;36,8975;3,3793;37,26145
2026-02-16 10:00:00+00:00;4,3579;1,95795;;3,6571;107,5449;0,8413;153,07;1711,055;0,3621;10,8448;20,135;61,66;20,359;68,8135;117,42;4,45;36,8985;3,3871;37,22005
2026-02-16 11:00:00+00:00;4,35885;1,95795;;3,6593;107,6166;0,84135;153,085;1710,535;0,3621;10,8449;20,135;61,655;20,3496;68,796;117,43;4,4504;36,924;3,38725;37,23275
2026-02-17 10:00:00+00:00;4,35005;1,9579;;3,6686;107,3904;0,83965;152,765;1706,2;0,3614;10,793;20,16;61,65;20,3465;68,614;117,19;4,4415;36,989;3,38745;37,1479
2026-02-17 11:00:00+00:00;4,3499;1,9579;;3,6761;;0,83965;152,775;1709,25;0,3614;10,7983;20,16;61,655;20,3596;68,6105;117,19;4,4415;37,0245;3,38745;37,16215
2026-02-18 10:00:00+00:00;4,34735;1,95775;;3,656;107,329;0,83915;152,685;1709,64;0,36135;10,8091;20,185;61,655;20,2352;68,503;117,42;4,439;37,056;3,378;37,1982
2026-02-18 11:00:00+00:00;4,34605;1,95795;;3,659;;0,8389;152,635;1708,03;0,36125;10,8405;20,18;61,66;20,231;68,4755;117,42;4,4375;37,0445;3,37285;37,20965
2026-02-19 10:00:00+00:00;4,3345;1,95785;;3,7048;107,6091;0,83665;152,23;1707,95;0,3605;10,7923;20,205;61,56;20,3332;68,4705;117,42;4,4264;36,796;3,3766;37,25695
2026-02-19 11:00:00+00:00;4,32975;1,95775;;3,7069;107,4752;0,83575;152,065;1706,885;0,3601;10,80005;20,185;61,495;20,3182;68,399;117,425;4,421;36,77;3,3808;37,20525
2026-02-20 10:00:00+00:00;4,3216;1,95775;;3,6768;107,0877;0,83425;151,78;1704,305;0,3594;10,7995;20,21;61,66;20,2828;68,434;117,42;4,413;36,707;3,3791;37,0217
2026-02-20 11:00:00+00:00;4,3205;1,95765;;3,6728;106,9966;0,83395;151,68;1703,355;0,3593;10,7827;20,2;61,65;20,2694;68,4065;117,39;4,4116;36,6935;3,3782;37,0582
2026-02-23 10:00:00+00:00;4,3345;1,95785;;3,6747;;0,83665;152,235;1703,06;0,3603;10,7985;20,14;61,655;20,23;67,977;117,43;4,427;36,6005;3,38165;37,11175
2026-02-23 11:00:00+00:00;4,3333;1,95785;;3,6748;107,2258;0,83645;152,66;1701,565;0,3602;10,7972;20,13;61,66;20,2523;67,955;117,435;4,42585;36,597;3,38155;37,0996
2026-02-24 10:00:00+00:00;4,32945;1,95755;8,1114;3,6722;107,2142;0,83565;152,53;1699,375;0,3601;10,7974;20,17;61,655;20,353;68,0655;117,42;4,422;36,5545;3,3814;37,0277
2026-02-24 11:00:00+00:00;4,3283;1,95775;8,10905;3,6715;107,1511;0,83545;152,01;1700,845;0,36;10,8069;20,16;61,65;20,3584;68,041;117,44;4,42065;36,575;3,3812;37,0324
2026-02-25 10:00:00+00:00;4,3294;1,95765;;3,6538;;0,83565;152,055;1689,3;0,3601;10,81;20,19;61,65;20,2432;67,8415;117,41;4,422;36,6395;3,38035;36,94755
2026-02-25 11:00:00+00:00;4,32635;1,9579;8,09335;3,6519;107,1256;0,83525;151,91;1687,5;0,3599;10,8013;20,18;61,655;20,2386;67,791;117,42;4,4194;36,627;3,3801;36,8973
2026-02-26 10:00:00+00:00;4,3329;1,95755;8,0712;3,6612;107,2468;0,8364;152,115;1684,54;0,3604;10,8107;20,195;61,655;20,2679;67,9505;117,42;4,4242;36,618;3,3823;36,84045
2026-02-26 11:00:00+00:00;4,33365;1,95765;8,0747;3,6682;107,2934;0,83665;152,16;1684,805;0,3605;10,8125;20,2;61,66;20,2713;67,9835;117,425;4,4255;36,643;3,3695;36,85375
2026-02-27 10:00:00+00:00;4,33245;1,95795;8,0934;3,7025;107,3268;0,8364;152,18;1698,62;0,3604;10,80475;20,19;61,665;20,2816;68,031;117,43;4,4242;36,671;3,383;36,94665
2026-02-27 11:00:00+00:00;4,33315;1,9579;8,0939;3,705;;0,8365;152,145;1699,83;0,36045;10,798;20,195;61,655;20,2844;68,0115;117,45;4,4249;36,687;3,3834;37,0343
2026-03-02 10:00:00+00:00;4,31145;1,9582;8,0782;3,6119;107,4308;0,83225;151,54;1710,43;0,3588;10,7915;20,14;61,68;20,3081;68,326;117,375;4,406;36,91625;3,37915;37,03575
2026-03-02 11:00:00+00:00;4,3118;1,95805;8,0778;3,6134;107,3917;0,8323;151,55;1710,14;0,3589;10,808;20,145;61,66;20,284;68,3465;117,38;4,40635;36,925;3,3735;37,02595
2026-03-03 10:00:00+00:00;4,26375;1,9583;8,00815;;106,8724;0,823;149,91;1715,28;0,35525;10,7704;20,08;61,135;20,2851;67,895;117,44;4,3566;36,7913;3,36735;36,81015
2026-03-03 11:00:00+00:00;4,2573;1,9579;;3,6009;106,7943;0,82175;150,155;1718,58;0,3547;10,7701;20,05;61,045;20,2727;67,778;117,435;4,3497;36,76215;3,36565;36,75465
2026-03-04 10:00:00+00:00;4,26525;1,95785;;3,5795;106,9975;0,8233;150,035;1702,96;0,35555;10,78755;20,095;61,155;20,468;67,9775;117,4;4,3594;36,5126;3,3665;36,7334
2026-03-04 11:00:00+00:00;4,2729;1,95775;;3,5802;107,116;0,82465;150,305;1705,69;0,3562;10,7952;20,13;61,265;20,4683;67,9055;117,405;4,36665;36,6294;3,3738;36,8359
2026-03-05 10:00:00+00:00;4,26895;1,95785;8,0116;3,5759;106,4688;0,82415;150,18;1706,02;0,3559;10,7856;20,105;61,66;20,5088;67,955;117,405;4,36375;36,7231;3,37315;36,8841
2026-03-05 11:00:00+00:00;4,26295;1,95715;8,0057;3,5675;106,2825;0,823;149,86;1705,965;0,3554;10,7797;20,075;61,64;20,4782;67,867;117,36;4,3567;36,6826;3,3711;36,8615
2026-03-06 10:00:00+00:00;4,2509;1,9577;7,99915;3,5776;106,2129;0,82055;149,58;1720,805;0,3544;10,7705;20,015;61,48;20,5865;68,3755;117,38;4,3436;36,97285;3,37925;36,7813
2026-03-06 11:00:00+00:00;4,25235;1,95755;7,9981;3,575;106,2093;0,8208;149,53;1718,37;0,3545;10,7935;20,025;61,505;20,5672;68,405;117,385;4,3451;36,9685;3,37885;36,80795
2026-03-09 10:00:00+00:00;4,24375;1,9607;7,99135;3,5933;106,6948;0,81915;149,27;1719,625;0,35395;10,8109;20,02;61,38;20,6668;68,717;117,435;4,3374;37,07805;3,3617;36,82445
2026-03-09 11:00:00+00:00;4,24635;1,96105;7,99745;3,603;106,7366;0,81965;149,3;1722,05;0,35415;10,8516;20,035;61,42;20,6725;68,7565;117,42;4,34035;37,09025;3,3787;36,87495
2026-03-10 10:00:00+00:00;4,2789;1,96075;8,0078;3,5901;;0,82595;150,575;1715,39;0,35665;10,8562;20,05;61,645;20,4286;68,679;117,395;4,37265;36,8345;3,395;37,04075
2026-03-10 11:00:00+00:00;4,2751;1,9608;8,00115;3,5904;106,9423;0,8252;150,43;1711,1;0,35635;10,8524;20,03;61,65;20,4234;68,615;117,4;4,3681;36,858;3,3937;36,96895
2026-03-11 10:00:00+00:00;4,2579;1,96095;7,96675;3,6059;106,72;0,82185;149,89;1709,845;0,35485;10,856;19,985;61,655;20,4664;68,711;117,41;4,3502;36,796;3,38985;36,8653
2026-03-11 11:00:00+00:00;4,2636;1,96045;7,97065;3,6017;106,7653;0,823;150,085;1709,205;0,35535;10,84925;20,01;61,65;20,4095;68,7405;117,41;4,3558;36,807;3,39185;36,8631
2026-03-12 10:00:00+00:00;4,24555;1,96075;7,9429;3,6102;106,5797;0,8196;149,465;1707,185;0,3543;10,8284;20,075;61,655;20,4505;68,6805;117,395;4,338;36,7897;3,38665;36,74115
2026-03-12 11:00:00+00:00;4,24505;1,96085;7,9412;3,6042;106,5298;0,8195;149,395;1708,81;0,35425;10,8277;20,07;61,665;20,4709;68,6675;117,4;4,33745;36,776;3,3865;36,7537
2026-03-13 10:00:00+00:00;4,208;1,96085;7,8997;3,6005;105,9196;0,8122;148,07;1712,82;0,3511;10,8081;19,985;61,67;20,475;68,3985;117,37;4,2988;36,997;3,37755;36,7023
2026-03-13 11:00:00+00:00;4,21005;1,96105;7,90115;3,5896;105,7935;0,8126;148,135;1712,02;0,3513;10,8068;19,995;61,67;20,4608;68,436;117,425;4,3006;37,011;3,37825;36,6958
2026-03-16 10:00:00+00:00;4,2056;1,9608;;3,5902;105,8105;0,81175;148,095;1712,975;0,3515;10,794;20,065;61,66;20,4281;68,4625;117,445;4,2962;37,2493;3,35275;36,70435
2026-03-16 11:00:00+00:00;4,21445;1,96075;7,9078;3,586;105,9207;0,81345;148,52;1712,04;0,3522;10,782;20,105;61,655;20,4376;68,603;117,44;4,30525;37,2471;3,3793;36,7446
2026-03-17 10:00:00+00:00;4,2276;1,96085;7,92815;3,5796;106,3426;0,81615;149,19;1716,52;0,35315;10,7966;20,08;61,675;20,3314;68,7335;117,435;4,31985;37,25405;3,38285;36,75235
2026-03-17 11:00:00+00:00;4,22555;1,96075;7,9275;3,5797;106,3227;0,81575;149,055;1716,16;0,353;10,7839;20,07;61,65;20,3556;68,665;117,435;4,3178;37,303;3,3819;36,74055
2026-03-18 10:00:00+00:00;4,23765;1,96075;7,9303;3,5608;106,886;0,8181;149,48;1717,22;0,35375;10,8045;20,115;61,735;20,3148;68,735;117,43;4,33235;37,3555;3,3602;36,7928
2026-03-18 11:00:00+00:00;4,2385;1,9608;7,9336;3,5636;;0,81825;149,57;1719,115;0,35385;10,7997;20,125;61,745;20,3438;68,8135;117,43;4,3333;37,441;3,39335;36,8031
2026-03-19 10:00:00+00:00;4,215;1,961;7,9143;3,5736;106,9946;0,8137;148,74;1717,875;0,3519;10,77345;20,115;61,66;20,4176;68,9985;117,45;4,30965;37,6455;3,37905;36,6564
2026-03-19 11:00:00+00:00;4,2137;1,96075;7,91335;3,5757;106,9979;0,8135;148,7;1720,455;0,3518;10,7768;20,105;61,65;20,4216;68,993;117,445;4,30875;37,6962;3,37905;36,6785
2026-03-20 10:00:00+00:00;4,2401;1,96015;7,9544;3,5915;108,2268;0,8185;;1729,485;0,354;10,7988;20,105;61,905;20,5643;69,0715;117,445;4,33485;37,85155;3,3608;36,91815
2026-03-20 11:00:00+00:00;4,2449;1,9605;7,9652;3,5936;108,187;0,81945;;1732,74;0,35435;10,8161;20,13;61,975;20,6017;69,197;117,44;4,3397;37,8695;3,3616;36,9262
2026-03-23 10:00:00+00:00;4,22155;1,96055;7,944;3,6166;108,0216;0,81485;149,005;1741,725;0,3524;10,794;20,1;61,65;20,7454;69,375;117,415;4,3154;37,942;3,35635;36,93165
2026-03-23 11:00:00+00:00;4,22045;1,96085;7,9394;3,6204;108,0263;0,81465;148,95;1741,03;0,3523;10,794;20,095;61,67;20,7646;69,363;117,415;4,3143;37,9245;3,35655;36,91965
2026-03-24 10:00:00+00:00;4,2592;1,96075;7,98895;3,6175;108,8504;0,8221;150,405;1735,5;0,3555;10,8116;20,235;61,595;20,6911;69,4585;117,405;4,35295;37,7555;3,39085;37,0534
2026-03-24 11:00:00+00:00;4,25825;1,96115;7,98855;3,6151;108,6583;0,8219;150,355;1733,83;0,35545;10,7995;20,275;61,575;20,6703;69,4805;117,415;4,35185;37,6715;3,39055;37,0427
2026-03-25 10:00:00+00:00;4,26135;1,96105;8,00565;3,6188;109,0394;0,82265;150,485;1739,93;0,3556;10,8032;20,29;61,62;20,5532;69,7;117,41;4,3532;37,8705;3,36585;37,0867
2026-03-25 11:00:00+00:00;4,26265;1,96095;8,00535;3,6182;109,2501;0,82195;150,465;1739,32;0,3557;10,8014;20,29;61,635;20,5701;69,7175;117,415;4,354;37,807;3,366;37,0645
2026-03-26 10:00:00+00:00;4,24495;1,9607;7,98345;3,6174;108,7729;0,8195;149,91;1739,34;0,35445;10,7741;20,3;61,555;20,5919;69,584;117,415;4,3363;37,9585;3,3813;36,91435
2026-03-26 11:00:00+00:00;4,2451;1,9611;7,98395;3,616;108,7867;0,81955;150,5;1739,19;0,35445;10,7726;20,3;61,56;20,5913;69,584;117,43;4,3365;37,9035;3,38145;36,92755
2026-03-27 10:00:00+00:00;4,23075;1,96085;7,95815;3,6216;109,226;0,81675;149,65;1736,24;0,35325;10,7571;20,235;61,655;20,7356;;117,395;4,3229;37,886;3,3696;36,8502
2026-03-27 11:00:00+00:00;4,2271;1,9607;7,95415;3,6213;109,041;0,81605;149,63;1737,265;0,35295;10,7554;20,215;61,655;20,7591;69,6845;117,395;4,3191;37,906;3,37215;36,81705
2026-03-30 10:00:00+00:00;4,22075;1,96065;7,94305;3,6338;108,9833;0,8148;149,345;1742,445;0,35275;10,7632;20,255;61,65;20,7725;69,81;117,43;4,3128;37,7586;3,3725;36,80705
2026-03-30 11:00:00+00:00;4,2195;1,96065;7,94055;3,6366;108,7827;0,8146;149,355;1742,13;0,35265;10,772;20,245;61,655;20,7666;69,7905;117,405;4,3115;37,7787;3,37155;36,80385
2026-03-31 10:00:00+00:00;4,21205;1,96075;7,9236;3,6368;107,8038;0,81315;149,095;1756,075;0,35205;10,7465;20,315;61,695;20,7459;69,668;117,415;4,3034;37,82;3,36615;36,765
2026-03-31 11:00:00+00:00;4,20875;1,96085;7,9172;3,6364;107,7796;0,8125;148,98;1754,985;0,3518;10,7485;20,295;61,645;20,7372;69,6015;117,415;4,3005;37,7535;3,36355;36,77285
2026-04-01 10:00:00+00:00;4,25905;1,96075;7,97155;3,6348;108,2209;0,82225;150,77;1746,97;0,3557;10,8113;20,425;61,665;20,7109;69,785;117,4;4,35245;37,759;3,39345;37,0559
2026-04-01 11:00:00+00:00;4,25995;1,96085;7,97515;3,632;108,2697;0,8224;150,74;1746,475;0,3558;10,8053;20,435;61,66;20,7242;69,7885;117,4;4,35345;37,732;3,38575;37,0848
2026-04-02 10:00:00+00:00;4,23255;1,96065;7,9477;3,6223;107,3024;0,8171;149,825;1744,35;0,35365;10,7925;20,275;61,185;20,6666;69,9035;117,395;4,32665;37,743;3,3591;36,8392
2026-04-02 11:00:00+00:00;4,22815;1,96075;7,94245;3,6317;107,2679;0,8162;149,66;1746,1;0,35325;10,788;20,255;61,12;20,6623;69,8415;117,395;4,32215;37,7445;3,35825;36,81355
2026-04-03 10:00:00+00:00;4,23945;1,96085;7,9434;3,6195;;0,8184;;1743,185;0,3542;10,8065;20,275;61,655;20,6067;69,521;117,4;4,3342;37,624;3,38165;36,878
2026-04-03 11:00:00+00:00;4,24015;1,9607;7,94415;3,6203;;0,81855;;1742,165;0,3543;10,843;20,28;61,66;20,6239;69,533;117,395;4,3351;37,6085;3,3611;36,8879
2026-04-06 10:00:00+00:00;4,24265;1,9608;;3,6188;;0,8189;;1736,21;0,35455;10,8341;20,245;61,785;20,5382;69,383;117,355;4,33655;37,5205;3,38245;36,93155
2026-04-06 11:00:00+00:00;4,24215;1,96085;;3,6255;;0,81885;;1737,025;0,3545;10,8391;20,24;61,775;20,5427;69,383;117,36;4,33595;37,5245;3,3825;36,87365
2026-04-07 10:00:00+00:00;4,24635;1,96055;7,9351;3,6277;107,5093;0,81975;150,365;1732,085;0,3549;10,831;20,2;61,655;20,4885;69,6525;117,37;4,3414;37,6065;3,3834;36,9325
2026-04-07 11:00:00+00:00;4,243;1,9609;7,9322;3,6349;107,4527;0,8191;150,25;1733,065;0,3546;10,8274;20,18;61,655;20,5027;69,598;117,38;4,338;37,637;3,3811;36,9442
2026-04-08 10:00:00+00:00;4,29005;1,9609;7,97855;3,6059;108,1282;0,82815;151,145;1727,62;0,358;10,8654;20,115;62,29;20,3979;69,4495;117,375;4,3833;37,402;3,3937;37,1082
2026-04-08 11:00:00+00:00;4,29255;1,96075;7,9836;3,609;107,9718;0,82865;151,24;1728,615;0,3582;10,868;20,125;62,325;20,417;69,501;117,375;4,3859;37,3835;3,39385;37,11875
2026-04-09 10:00:00+00:00;4,288;1,96095;7,9875;3,6055;108,1768;0,8278;150,905;1727,26;0,35785;10,86575;20,16;62,26;20,3678;69,81;117,38;4,38135;37,459;3,3678;37,1363
2026-04-09 11:00:00+00:00;4,28595;1,96065;7,9846;3,6037;108,1534;0,8274;150,84;1728,825;0,3577;10,8554;20,15;62,23;20,3741;69,777;117,43;4,3793;37,4755;3,3662;37,12345
2026-04-10 10:00:00+00:00;4,30185;1,96075;7,99855;3,5693;108,6118;0,83035;151,255;1736,05;0,35895;10,8729;20,18;62,455;20,3411;70,192;117,52;4,395;37,635;3,3974;37,19925
2026-04-10 11:00:00+00:00;4,30215;1,96065;7,9982;3,5673;108,7289;0,8304;151,27;1739,425;0,359;10,866;20,18;62,455;20,3281;70,2135;117,53;4,39535;37,633;3,394;37,22935
2026-04-13 10:00:00+00:00;4,29225;1,96075;7,98295;3,5741;109,1274;0,8285;151,85;1737,985;0,3582;10,857;19,97;62,315;20,2955;70,273;117,255;4,38535;37,679;3,3926;37,15405
2026-04-13 11:00:00+00:00;4,29535;1,96065;7,9901;3,5739;109,1278;0,8291;151,505;1738,395;0,3585;10,8599;19,985;62,36;20,303;70,3215;117,34;4,3885;37,695;3,39305;37,1729
2026-04-14 10:00:00+00:00;4,3295;1,96065;8,036;3,5591;109,7865;0,8358;152,49;1734,975;0,36115;10,8981;20,19;62,865;20,3496;70,5495;117,43;4,424;37,7925;3,4044;37,21985
2026-04-14 11:00:00+00:00;4,33265;1,9609;8,0406;3,5617;;0,83645;152,59;1735,55;0,3614;10,90325;20,2;62,91;20,3456;70,6275;117,435;4,4271;37,8275;3,3818;37,25255
2026-04-15 10:00:00+00:00;4,3275;1,9607;8,03615;3,5528;109,9901;0,8353;152,395;1740,44;0,36095;10,8817;20,145;61,655;20,358;70,783;117,395;4,42005;37,839;3,3957;37,25665
2026-04-15 11:00:00+00:00;4,3253;1,96065;8,03395;3,5419;110,0377;0,8349;152,205;1738,96;0,36075;10,8798;20,135;61,66;20,3745;70,782;117,395;4,4178;37,829;3,394;37,27185
2026-04-16 10:00:00+00:00;4,32655;1,9607;8,0338;3,5259;109,7793;0,83445;152,245;1739,465;0,3607;10,8658;20,13;61,655;20,3544;70,6575;117,405;4,4191;37,6925;3,40405;37,2122
2026-04-16 11:00:00+00:00;4,3275;1,9607;8,03615;3,5301;109,8684;0,8353;152,155;1740,09;0,36075;10,8667;20,135;61,66;20,3515;70,66;117,395;4,4201;37,7095;3,4041;37,23305
2026-04-17 10:00:00+00:00;4,3313;1,96065;8,0457;3,5291;109,502;0,83605;152,235;1744,78;0,3611;10,8748;20,27;61,655;20,3266;70,8665;117,33;4,4234;37,8345;3,39705;37,20845
2026-04-17 11:00:00+00:00;4,3322;1,96065;8,0473;3,5261;109,5162;0,8362;152,265;1745,2;0,36115;10,8715;20,275;61,655;20,3203;70,86;117,33;4,42435;37,8265;3,39755;37,2211
2026-04-20 10:00:00+00:00;4,3214;1,9608;8,02095;3,5324;109,5557;0,83415;152,365;1732,16;0,3604;10,8644;20,15;61,655;20,412;70,428;117,39;4,41305;37,7539;3,3941;37,0456
2026-04-20 11:00:00+00:00;4,3236;1,9608;8,02515;3,5344;109,551;0,83455;152,025;1732,64;0,3606;10,8661;20,16;61,655;20,4283;70,535;117,38;4,4153;37,77605;3,39465;37,0551
2026-04-21 10:00:00+00:00;4,31885;1,96065;8,0148;3,5159;109,9382;0,83365;151,74;1729,015;0,3602;10,8481;20,22;61,655;20,3708;70,393;117,4;4,4102;37,74905;3,3929;36,95775
2026-04-21 11:00:00+00:00;4,31995;1,96075;8,01635;3,5175;;0,83385;151,835;1727,22;0,3603;10,8484;20,23;61,66;20,368;70,3865;117,395;4,4118;37,6985;3,37495;36,9554
2026-04-22 10:00:00+00:00;4,31485;1,9607;8,0153;;110,1839;0,83285;151,68;1736,795;0,36;10,8459;20,295;61,565;20,3279;70,6395;117,4;4,4057;37,811;3,3924;37,02185
2026-04-22 11:00:00+00:00;4,31575;1,9606;8,0179;3,5255;110,2206;0,83305;151,625;1737,865;0,36005;10,8474;20,13;61,58;20,3234;70,649;117,395;4,40665;37,81285;3,37975;37,0086
2026-04-23 10:00:00+00:00;4,29555;1,96075;7,99165;3,5176;110,0698;0,8291;151,04;1730,775;0,35855;10,824;20,29;61,675;20,3376;70,715;117,415;4,3863;37,9605;3,38685;36,9394
2026-04-23 11:00:00+00:00;4,29095;1,96075;7,9862;3,5149;;0,82825;151,455;1731,315;0,3582;10,8132;20,27;61,63;20,324;70,6335;117,42;4,3816;37,9115;3,38555;36,8859
2026-04-24 10:00:00+00:00;4,29245;1,96065;7,99025;3,4975;110,1425;0,82855;151,095;1732,94;0,3583;10,8112;20,32;61,655;20,3851;70,986;117,425;4,38315;37,897;3,37255;36,79105
2026-04-24 11:00:00+00:00;4,2984;1,9609;8,0013;3,4984;110,3108;0,82985;151,33;1734,495;0,35885;10,8176;20,35;61,68;20,3886;71,108;117,42;4,38985;37,9405;3,38815;36,8512
2026-04-27 10:00:00+00:00;4,31295;1,9608;8,01195;3,5053;110,6028;0,83255;151,645;1727,31;0,3598;10,8338;20,325;61,88;20,381;71,3365;117,375;4,4042;37,9736;3,3911;36,91565
2026-04-27 11:00:00+00:00;4,3146;1,96075;;3,4988;110,6485;0,8328;151,885;1726,615;0,3599;10,8368;20,33;61,9;20,3871;71,347;117,33;4,4059;37,93825;3,39125;36,9181
2026-04-28 10:00:00+00:00;4,29495;1,96075;7,99525;3,4918;110,5458;0,82905;151,015;1723,81;0,3583;10,8227;20,22;61,665;20,3757;71,6665;117,415;4,3857;38,0075;3,37315;36,8704
2026-04-28 11:00:00+00:00;4,2957;1,96075;7,9958;3,4947;110,568;0,82915;151,105;1724,69;0,3583;10,8092;20,23;61,665;20,3762;71,677;117,42;4,38645;38,0204;3,37325;36,8755
2026-04-29 10:00:00+00:00;4,29605;1,9609;7,99445;3,4685;110,9532;0,82935;151,07;1731,7;0,3586;10,83375;20,14;61,65;20,3704;72,0945;117,42;4,38715;38,2333;3,3734;36,96995
2026-04-29 11:00:00+00:00;4,3002;1,96065;8,0017;3,4679;111,0494;0,8301;151,145;1731,335;0,3589;10,8098;20,155;61,705;20,3721;72,141;117,41;4,3909;38,2415;3,37415;36,9594
2026-04-30 10:00:00+00:00;4,2956;1,96075;7,9862;3,4708;110,9998;0,82915;151,04;1726,52;0,35875;10,8023;20,15;61,685;20,4908;71,8285;117,435;4,3862;38,11985;3,37325;36,9983
2026-04-30 11:00:00+00:00;4,30355;1,9607;7,9986;3,4734;111,1943;0,8307;151,315;1726,735;0,3594;10,8067;20,185;61,67;20,5174;71,984;117,655;4,3945;38,137;3,3836;37,0433
2026-05-01 10:00:00+00:00;4,30915;1,96075;8,01325;3,4612;;0,8318;;1729,355;0,3599;10,82155;20,12;61,765;20,5082;72,0865;117,38;4,4001;38,2535;3,3763;37,1482
2026-05-01 11:00:00+00:00;4,3135;1,96075;8,02215;3,462;;0,8327;;1730,645;0,36025;10,85025;20,13;61,83;20,5047;72,1805;117,385;4,4048;38,2605;3,3772;37,1878
2026-05-04 10:00:00+00:00;4,3036;1,96085;;3,4622;111,4096;0,8307;151,325;1723,215;0,3589;10,8066;20,17;61,66;20,4582;72,153;117,415;4,3943;38,1325;3,3751;37,0499
2026-05-04 11:00:00+00:00;4,2995;1,9607;;3,4633;111,3067;0,8299;151,18;1723,715;0,35855;10,8159;20,15;61,655;20,4627;72,165;117,42;4,3905;38,1785;3,3845;37,01865
2026-05-05 10:00:00+00:00;4,29315;1,96065;;3,446;111,3824;0,82875;150,96;1722,19;0,3582;10,8007;20,175;61,65;20,4317;71,9445;117,37;4,38595;38,2285;3,38305;36,9384
2026-05-05 11:00:00+00:00;4,2926;1,96075;;3,4428;111,3763;0,8286;150,93;1722,185;0,35815;10,7931;20,17;61,65;20,4145;71,9795;117,395;4,3852;38,2035;3,3828;36,9344
2026-05-06 10:00:00+00:00;4,3246;1,9605;8,0213;3,421;111,4082;0,83485;152,07;1705,085;0,3607;10,8005;20,25;61,645;20,3002;71,5055;117,38;4,4182;;3,38975;36,9841
2026-05-06 11:00:00+00:00;4,32975;1,9608;;3,4215;111,5407;0,8358;152,25;1698,08;0,3611;10,8053;20,265;61,65;20,2807;71,501;117,375;4,4225;;3,3905;37,0006
2026-05-07 10:00:00+00:00;4,32215;1,96065;;3,4178;110,9289;0,83435;151,99;1707,895;0,3603;10,7807;20,245;61,645;20,268;71,0115;117,41;4,4138;37,8357;3,38945;36,9386
2026-05-07 11:00:00+00:00;4,32145;1,96065;8,00445;3,4211;;0,83425;151,965;1708,32;0,3603;10,7661;20,245;61,65;20,2644;71,001;117,4;4,4133;37,825;3,389;36,95035
2026-05-08 10:00:00+00:00;4,32285;1,96075;8,00525;3,4198;111,197;0,83445;152,01;1727,31;0,3604;10,7461;20,13;61,655;20,289;71,31;117,375;4,4155;37,90235;3,39015;36,9131
2026-05-08 11:00:00+00:00;4,3211;1,96075;8,0016;3,4159;111,1625;0,8342;152,0;1725,075;0,36025;10,7586;20,12;61,655;20,2704;71,1975;117,385;4,4138;37,8835;3,39;36,9166
2026-05-11 10:00:00+00:00;4,3209;1,96075;7,9981;3,4269;112,1405;0,83415;151,945;1734,155;0,3603;10,721;20,165;61,64;20,2534;71,1985;117,405;4,4136;38,163;3,39045;36,9515
2026-05-11 11:00:00+00:00;4,3224;1,96075;7,99895;3,4236;;0,83445;152,055;1734,425;0,3604;10,7222;20,17;61,66;20,2483;71,698;117,395;4,4155;38,154;3,391;36,9629
2026-05-12 10:00:00+00:00;4,31395;1,96075;7,97985;3,4185;112,3327;0,8328;151,71;1750,335;0,35975;10,7095;20,105;61,65;20,2502;72,2185;117,375;4,4075;38,0685;3,3897;37,0367
2026-05-12 11:00:00+00:00;4,31235;1,9607;7,97665;3,4158;112,2773;0,8324;151,57;1749,31;0,35955;10,70725;20,095;61,655;20,2468;72,162;117,375;4,4053;38,081;3,38905;37,03305
2026-05-13 10:00:00+00:00;4,2992;1,9607;7,9503;3,4004;;0,82995;151,24;1743,375;0,3586;10,7231;20,075;61,48;20,1745;71,9035;117,38;4,39245;37,869;3,38415;36,909
2026-05-13 11:00:00+00:00;4,3021;1,96085;7,95595;3,4023;112,1123;0,83055;151,335;1744,18;0,35885;10,7353;20,09;61,52;20,1822;71,912;117,385;4,39545;37,907;3,38685;36,94125
2026-05-14 10:00:00+00:00;4,29975;1,96065;7,9444;3,4029;;0,83005;151,9;1746,275;0,35865;10,7353;20,125;61,6;20,1271;72,1555;117,38;4,3925;37,8575;3,38615;36,91335
2026-05-14 11:00:00+00:00;4,29975;1,96065;7,9451;3,4005;112,1141;0,8301;151,195;1746,635;0,35865;10,74125;20,125;61,6;20,1262;72,124;117,375;4,39265;37,859;3,386;36,91025
2026-05-15 10:00:00+00:00;4,2711;1,96095;7,91935;3,3947;;0,8245;150,3;1744,235;0,35625;10,7175;20,12;61,185;20,2056;71,7995;117,37;4,3637;37,9735;3,37805;36,6837
2026-05-15 11:00:00+00:00;4,27835;1,9606;7,92605;3,3853;111,7945;0,82595;150,155;1742,515;0,3569;10,7382;20,15;61,29;20,1671;71,829;117,38;4,3712;37,961;3,37965;36,69785
2026-05-18 10:00:00+00:00;4,2732;1,96075;7,9129;3,3995;112,1129;0,82495;151,085;1745,25;0,357;10,7125;20,14;61,51;20,1466;71,7915;117,38;4,3666;37,98405;3,3784;36,78055
2026-05-18 11:00:00+00:00;4,2706;1,96075;7,9091;3,389;112,0348;0,82445;150,64;1745,31;0,35675;10,7105;20,13;61,47;20,147;71,762;117,38;4,364;38,0061;3,38105;36,7526
2026-05-19 10:00:00+00:00;4,26755;1,9609;7,90885;3,375;112,1635;0,8238;151,46;1752,205;0,3565;10,7213;20,105;61,425;20,133;71,7205;117,435;4,3606;37,92895;3,35755;36,79315
2026-05-19 11:00:00+00:00;4,2688;1,9608;7,9089;3,3837;;0,824;150,79;1752,265;0,3566;10,721;20,105;61,44;20,1269;71,7355;117,435;4,3613;37,92675;3,37935;36,786
2026-05-20 10:00:00+00:00;4,25625;1,96085;7,88505;3,3872;112,2061;0,82165;150,135;1746,06;0,35555;10,6974;20,145;61,58;20,1448;71,5;117,4;4,3488;37,881;3,3759;36,67105
2026-05-20 11:00:00+00:00;4,261;1,9607;7,8927;3,3894;112,3209;0,8225;150,105;1746,27;0,3559;10,7007;20,165;61,635;20,1435;71,567;117,41;4,3531;37,9001;3,37705;36,70165
2026-05-21 10:00:00+00:00;4,27025;1,96075;7,90415;3,3795;111,8633;0,82435;150,8;1748,99;0,3567;10,7233;20,165;61,78;20,1149;71,5355;117,43;4,363;37,9447;3,37925;36,6727
2026-05-21 11:00:00+00:00;4,263;1,9607;7,89665;3,383;;0,82295;149,615;1751,07;0,3561;10,7111;20,135;61,675;20,137;71,4985;117,44;4,3555;37,9535;3,3772;36,63515
2026-05-22 10:00:00+00:00;4,262;1,96075;7,8857;3,3815;111,0415;0,8228;150,625;1760,535;0,35605;10,703;20,13;61,715;20,1161;71,6;117,395;4,35495;37,8915;3,3759;36,5298
2026-05-22 11:00:00+00:00;4,25875;1,96065;7,88075;3,3814;110,967;0,82215;150,52;1759,36;0,3558;10,7002;20,115;61,675;20,1077;71,508;117,395;4,35175;37,882;3,37605;36,50535
2026-05-25 10:00:00+00:00;4,27565;1,96075;7,8977;3,364;110,8702;0,82545;150,82;1761,91;0,35705;10,709;20,215;61,92;20,1187;71,4265;117,48;4,36855;37,8074;3,3578;36,5896
2026-05-25 11:00:00+00:00;4,27615;1,9608;7,9;3,3625;;0,82545;150,825;1762,315;0,3571;10,7095;20,215;61,92;20,112;71,398;117,48;4,36875;37,809;3,3704;36,5877
2026-05-26 10:00:00+00:00;4,27625;1,96075;7,89965;3,342;;0,8255;150,84;1751,34;0,3571;10,7094;20,155;61,655;20,1299;71,678;117,395;4,3689;38,00145;3,37065;36,61025
2026-05-26 11:00:00+00:00;4,27545;1,96065;7,89725;3,3331;111,3927;0,82535;150,81;1748,515;0,357;10,7119;20,15;61,645;20,1198;71,6495;117,405;4,3684;37,97295;3,36985;36,5888
2026-05-27 10:00:00+00:00;4,2771;1,9608;7,8964;3,3035;111,4243;0,8256;150,855;1743,94;0,35715;10,6888;20,17;61,65;20,1374;71,4375;117,405;4,3697;37,9175;3,3717;36,56955
2026-05-27 11:00:00+00:00;4,27455;1,96075;7,89265;3,3057;111,3785;0,8252;150,78;1743,535;0,35695;10,6929;20,155;61,65;20,1374;71,4885;117,395;4,3675;37,955;3,3711;36,54605
2026-05-28 10:00:00+00:00;4,26505;1,9608;7,87435;3,291;111,129;0,82335;150,335;1744,11;0,3562;10,697;20,14;61,66;20,1999;71,5175;117,4;4,3579;37,9695;3,3689;36,48575
2026-05-28 11:00:00+00:00;4,2626;1,96085;7,8683;3,289;111,0548;0,8228;150,285;1744,36;0,3559;10,69425;20,125;61,665;20,1995;71,4515;117,4;4,3549;37,97445;3,3681;36,48615
2026-05-29 10:00:00+00:00;4,27495;1,9608;7,87705;3,2616;110,6169;0,82525;150,795;1756,07;0,357;10,70625;20,14;61,705;20,1698;71,677;117,4;4,36815;37,8875;3,38205;36,5519
2026-05-29 11:00:00+00:00;4,2771;1,96085;7,8798;3,2662;110,6086;0,8256;150,73;1756,285;0,35715;10,70775;20,15;61,73;20,1842;71,7375;117,405;4,36985;37,8985;3,38215;36,55095
2026-06-01 10:00:00+00:00;4,2789;1,96075;7,8816;3,2805;110,673;0,826;;1757,825;0,3573;10,6969;20,1;61,655;20,1891;72,03;117,465;4,3722;37,9585;3,35945;36,48005
2026-06-01 11:00:00+00:00;4,2775;1,96075;7,8805;3,2749;;0,82575;;1756,785;0,3572;10,699;20,09;61,655;20,1886;71,9165;117,47;4,3709;37,916;3,3584;36,4563
2026-06-02 10:00:00+00:00;4,27635;1,96075;7,87395;3,284;;0,8255;150,655;1766,9;0,3572;10,6965;20,135;61,65;20,1369;71,8225;117,405;4,3693;37,9425;3,3813;36,61915
2026-06-02 11:00:00+00:00;4,2766;1,9607;7,874;3,2875;;0,82555;150,67;1766,655;0,3572;10,6914;20,14;61,655;20,1364;71,8225;117,4;4,37;37,956;3,38175;36,6227
2026-06-03 10:00:00+00:00;4,2656;1,96075;7,8634;3,3272;111,1528;0,82345;150,34;1777,905;0,3563;10,6872;20,135;61,665;20,0769;71,754;117,4;4,3598;38,0785;3,3786;36,4935
2026-06-03 11:00:00+00:00;4,2667;1,96065;7,86405;3,329;;0,82355;150,835;1775,83;0,3564;10,6882;20,145;61,66;20,0847;71,7655;117,405;4,3605;38,0495;3,37875;36,45335
2026-06-04 10:00:00+00:00;4,26975;1,96075;7,8745;3,3583;;0,8243;150,795;1785,365;0,35685;10,6967;20,14;61,66;20,094;71,6295;117,41;4,36505;37,98055;3,3779;36,63045
2026-06-04 11:00:00+00:00;4,2726;1,96075;7,8798;3,3627;111,4205;0,8247;150,46;1784,405;0,35705;10,6982;20,15;61,66;20,108;71,6485;117,38;4,3671;37,984;3,37835;36,635
2026-06-05 10:00:00+00:00;4,2748;1,96085;7,8768;3,3725;110,5133;0,8252;150,555;1789,515;0,35725;10,7027;20,185;61,66;20,1133;71,443;117,335;4,3699;37,97675;3,3795;36,62715
2026-06-05 11:00:00+00:00;4,275;1,9607;7,8759;3,376;;0,82525;150,57;1790,08;0,3573;10,7034;20,185;61,66;20,1021;71,4965;117,38;4,3703;37,9705;3,37925;36,63615
2026-06-08 10:00:00+00:00;4,2283;1,96085;7,80995;3,388;110,1708;0,8162;148,9;1765,62;0,3537;10,6626;20,06;60,975;20,1004;71,0155;117,38;4,32315;37,8095;3,3687;36,328
2026-06-08 11:00:00+00:00;4,233;1,96085;7,81955;3,381;110,3087;0,81715;149,08;1769,05;0,3541;10,6617;20,075;61,055;20,0988;71,131;117,375;4,3284;37,8296;3,37005;36,3353
2026-06-09 10:00:00+00:00;4,246;1,96075;7,82755;3,3989;110,2409;0,81965;150,005;1759,33;0,3552;10,6878;20,1;61,61;20,1066;71,0385;117,38;4,34025;37,97045;3,37395;36,5073
2026-06-09 11:00:00+00:00;4,2482;1,9607;7,8328;3,3981;110,2962;0,8201;149,68;1762,75;0,3554;10,6907;20,115;61,65;20,1144;71,174;117,38;4,3425;37,9755;3,37445;36,524
2026-06-10 10:00:00+00:00;4,245;1,96075;7,8347;3,4341;110,1044;0,81945;149,56;1760,185;0,3551;10,7004;20,115;61,6;20,1516;70,9545;117,36;4,3392;37,99985;3,37365;36,5695
2026-06-10 11:00:00+00:00;4,2425;1,96075;7,8302;3,4363;110,0545;0,819;149,48;1758,15;0,3549;10,6983;20,105;61,565;20,1444;70,8185;117,355;4,3361;37,994;3,3729;36,5466
2026-06-11 10:00:00+00:00;4,2357;1,9609;7,81625;3,416;110,4366;0,8177;149,295;1765,59;0,35435;10,6938;20,08;61,66;20,0766;70,7125;117,34;4,32915;38,0035;3,37315;36,48115
2026-06-11 11:00:00+00:00;4,23535;1,9607;7,8163;3,4183;;0,8176;149,285;1765,13;0,3543;10,6937;20,075;61,68;20,0702;70,7325;117,335;4,3288;37,9975;3,3731;36,48725
2026-06-12 10:00:00+00:00;4,25445;1,96075;7,83235;3,3755;110,1812;0,8213;150,47;1759,435;0,3559;10,72595;20,235;61,65;19,9233;70,222;117,54;4,3486;37,84785;3,37735;36,66335
2026-06-12 11:00:00+00:00;4,2509;1,9607;7,82685;3,376;110,0804;0,82055;149,87;1760,31;0,3556;10,722;20,215;61,65;19,9158;70,368;117,43;4,3435;37,87;3,37625;36,6251
2026-06-15 10:00:00+00:00;4,2624;1,96075;7,8436;3,3745;109,93;0,82285;150,3;1758,24;0,35625;10,7357;20,185;61,645;19,9638;69,877;117,38;4,3553;37,7955;3,37925;36,60645
2026-06-15 11:00:00+00:00;4,2649;1,96085;7,84775;3,3765;109,9831;0,8233;150,325;1757,145;0,35645;10,737;20,2;61,68;19,9573;70,0335;117,38;4,3575;37,7915;3,3799;36,6014
2026-06-16 10:00:00+00:00;4,26115;1,9608;7,83955;3,3779;109,6947;0,8225;150,23;1747,68;0,3561;10,7309;20,24;61,66;19,9541;69,8325;117,375;4,35345;37,72645;3,37765;36,54435
2026-06-16 11:00:00+00:00;4,2642;1,96065;7,8462;3,3781;109,7961;0,8232;150,185;1748,455;0,3564;10,7323;20,26;61,655;19,9526;69,9125;117,38;4,3571;37,72085;3,3804;36,5719
2026-06-17 10:00:00+00:00;4,2616;1,9609;7,84055;3,3847;109,679;0,8227;150,26;1758,635;0,35615;10,7193;20,21;61,67;19,9809;70,1315;117,39;4,3546;37,81125;3,3791;36,6578
2026-06-17 11:00:00+00:00;4,2593;1,96085;7,83785;3,383;;0,8223;150,245;1758,795;0,356;10,7172;20,2;61,66;19,9646;70,078;117,385;4,3523;37,80205;3,395;36,64345
2026-06-18 10:00:00+00:00;4,2148;1,9607;7,76705;3,3789;;0,81365;148,615;1763,23;0,35265;10,6794;20,09;61,65;19,8926;69,541;117,445;4,3073;37,59;3,36815;36,26645
2026-06-18 11:00:00+00:00;4,21;1,96085;7,75975;3,376;108,1296;0,81265;148,435;1764,69;0,3522;10,6741;20,065;61,66;19,8885;69,502;117,465;4,302;37,58555;3,37445;36,23485
2026-06-19 10:00:00+00:00;4,2094;1,96075;7,7611;3,3904;108,1082;0,8126;148,42;1752,49;0,3522;10,6826;20,24;61,66;19,884;69,6325;117,4;4,30165;37,6355;3,36705;36,23285
2026-06-19 11:00:00+00:00;4,2098;1,9606;7,76245;3,3971;108,121;0,8127;148,38;1753,98;0,35225;10,6836;20,245;61,675;19,893;69,636;117,39;4,30245;37,6765;3,388;36,23985
2026-06-22 10:00:00+00:00;4,208;1,9608;7,76255;3,4025;108,4701;0,81235;148,315;1761,555;0,3525;10,6815;20,15;61,655;19,8691;69,9305;117,385;4,3016;37,72095;3,3661;36,23775
2026-06-22 11:00:00+00:00;4,2069;1,9607;7,76315;3,4025;108,4579;0,8121;148,22;1760,815;0,3524;10,6829;20,14;61,645;19,858;69,9125;117,38;4,3005;37,71395;3,3664;36,22485
2026-06-23 10:00:00+00:00;4,191;1,96065;7,7406;3,4139;108,1125;0,8091;147,665;1751,34;0,35105;10,6725;20,09;61,565;19,9206;69,8535;117,37;4,28305;37,812;3,3502;36,106
2026-06-23 11:00:00+00:00;4,1878;1,9608;7,7353;3,415;108,0154;0,80835;147,69;1752,225;0,35075;10,6684;20,075;61,51;19,9292;69,5075;117,385;4,2798;37,8395;3,34935;36,0812
2026-06-24 10:00:00+00:00;4,16695;1,96065;7,7273;3,3889;107,4164;0,8044;146,93;1755,43;0,34935;10,6649;20,095;61,655;19,9895;69,1925;117,38;4,2585;37,93535;3,36615;36,0122
2026-06-24 11:00:00+00:00;4,1645;1,9604;;3,3926;107,3662;0,80395;146,79;1756,32;0,34915;10,6626;20,085;61,645;19,9925;69,153;117,38;4,2571;37,8966;3,34315;35,9938
2026-06-25 10:00:00+00:00;4,17245;1,96085;7,7238;3,3786;107,228;0,8055;147,175;1751,725;0,3498;10,6769;20,165;61,65;20,0016;;117,375;4,26515;37,89745;3,35265;36,1507
2026-06-25 11:00:00+00:00;4,1663;1,96055;7,7168;3,3797;107,0944;0,8043;147,075;1750,23;0,3493;10,6789;20,14;61,65;20,0099;;117,375;4,2591;37,87475;3,35385;36,117
2026-06-26 10:00:00+00:00;4,18915;1,96085;7,75605;3,4177;107,6703;0,8087;147,71;1753,475;0,3512;10,7029;20,225;61,81;19,9879;69,8955;117,38;4,2835;38,05495;3,36005;36,3229
2026-06-26 11:00:00+00:00;4,1886;1,96065;7,7567;3,4171;107,6623;0,8086;147,75;1754,11;0,35115;10,6945;20,22;61,795;19,9766;69,881;117,38;4,2829;38,047;3,3812;36,3192
2026-06-29 10:00:00+00:00;4,18805;1,9608;;3,409;107,8134;0,8085;147,675;1759,935;0,3511;10,6793;20,155;61,665;19,9403;69,8035;117,385;4,2824;37,95655;3,35835;36,3806
2026-06-29 11:00:00+00:00;4,18885;1,96085;;3,404;107,8371;0,8087;148,165;1759,775;0,3512;10,6806;20,16;61,67;19,9323;69,7795;117,375;4,2833;37,9415;3,36235;36,3703
2026-06-30 10:00:00+00:00;4,1858;1,96065;;3,3995;107,8926;0,8081;147,54;1767,43;0,35095;10,7049;20,14;61,63;19,8983;69,929;117,36;4,281;37,8625;3,36055;36,2851
2026-06-30 11:00:00+00:00;4,1878;1,96075;;3,396;107,9441;0,80845;147,6;1768,65;0,3511;10,7087;20,145;61,66;19,9029;69,9485;117,36;4,2828;37,87745;3,36115;36,2942
2026-07-01 10:00:00+00:00;4,1819;1,9607;;3,3895;108,4602;0,8073;147,4;1773,71;0,3506;10,7044;20,135;61,66;19,9644;70,1945;117,36;4,2777;38,0224;3,35835;36,299
2026-07-01 11:00:00+00:00;4,1858;1,96085;;3,3956;108,5759;0,8081;147,765;1775,52;0,35095;10,7046;20,155;61,655;19,962;70,255;117,36;4,2818;38,0205;3,36175;36,2851
2026-07-02 10:00:00+00:00;4,19;1,96065;;3,4252;108,8328;0,80885;147,925;1765,425;0,35125;10,6927;20,205;61,65;20,0238;70,25;117,355;4,28355;38,00505;3,3574;36,4102
2026-07-02 11:00:00+00:00;4,1904;1,96065;;3,425;108,8509;0,80895;147,525;1765,5;0,3513;10,693;20,205;61,65;20,0156;70,25;117,355;4,2839;38,0067;3,36255;36,39745
2026-07-03 10:00:00+00:00;4,2023;1,96085;7,7621;3,429;108,9412;0,81125;147,945;1752,425;0,3523;10,6946;20,125;61,655;19,9583;70,3;117,38;4,296;37,90735;3,3728;36,54
2026-07-03 11:00:00+00:00;4,2043;1,9608;7,7642;3,4329;;0,8116;148,02;1753,185;0,35245;10,704;20,135;61,655;19,9641;70,326;117,38;4,2981;37,9455;3,3618;36,5347
2026-07-06 10:00:00+00:00;4,19235;1,96085;7,7533;3,429;;0,80925;147,585;1749,42;0,3511;10,6901;20,125;61,495;19,946;70,218;117,365;4,2865;38,059;3,37;36,58415
2026-07-06 11:00:00+00:00;4,1944;1,96095;7,7609;3,434;;0,8097;147,61;1748,54;0,3513;10,69175;20,135;61,535;19,9572;70,241;117,355;4,289;38,0474;3,3704;36,59015
2026-07-07 10:00:00+00:00;4,1955;1,9608;7,76175;3,454;108,4923;0,8099;147,65;1735,175;0,3514;10,687;20,1;61,55;19,8955;70,187;117,345;4,2892;38,0435;3,3697;36,69455
2026-07-07 11:00:00+00:00;4,199;1,96075;7,76715;3,4586;;0,8106;147,77;1730,59;0,3517;10,6902;20,115;61,605;19,9073;70,2455;117,36;4,29275;38,0725;3,37075;36,68735
2026-07-08 10:00:00+00:00;4,18935;1,96095;7,7565;3,4811;109,0005;0,80875;147,885;1721,015;0,35105;10,6786;20,065;61,525;20,08;70,2625;117,345;4,28345;38,1885;3,36895;36,5909
2026-07-08 11:00:00+00:00;4,19015;1,96075;7,7558;3,4757;109,0134;0,8088;147,39;1719,23;0,3511;10,6789;20,07;61,53;20,0536;70,253;117,36;4,2837;38,19395;3,3691;36,59115
2026-07-09 10:00:00+00:00;4,1974;1,96075;7,76485;3,4619;109,0279;0,8103;148,185;1728,625;0,3517;10,6837;20,075;61,64;20,0595;70,4105;117,345;4,2914;38,211;3,3573;36,78765
2026-07-09 11:00:00+00:00;4,1951;1,96075;7,7625;3,4696;108,9621;0,80985;147,69;1729,255;0,35155;10,6811;20,065;61,61;20,0704;70,3685;117,35;4,2889;38,2197;3,36005;36,80445
2026-07-10 10:00:00+00:00;4,19715;1,96085;7,74385;3,4303;108,9326;0,81025;147,595;1719,535;0,3517;10,67775;20,085;61,615;20,0164;70,366;117,385;4,2903;38,0781;3,3595;36,74105
2026-07-10 11:00:00+00:00;4,1992;1,9608;7,74675;3,4309;;0,81065;147,655;1719,365;0,35185;10,6758;20,095;61,645;20,0283;70,396;117,37;4,2924;38,084;3,3595;36,74845
2026-07-13 10:00:00+00:00;4,1983;1,9608;7,7472;3,459;109,3147;0,8105;148,15;1706,05;0,3518;10,6371;20,065;61,635;19,9798;70,395;117,38;4,292;38,124;3,37415;36,67795
2026-07-13 11:00:00+00:00;4,1995;1,96075;7,7494;3,461;109,3376;0,8107;147,66;1707,245;0,3519;10,6379;20,065;61,645;19,9841;70,4065;117,385;4,2929;38,1479;3,3749;36,702
2026-07-14 10:00:00+00:00;4,18725;1,9607;7,729;3,4333;109,6815;0,8083;147,53;1704,335;0,3509;10,6379;20,105;61,465;19,9667;70,355;117,335;4,2821;38,2215;3,37405;36,67245
2026-07-14 11:00:00+00:00;4,1836;1,96065;7,72305;3,4351;109,5862;0,8076;147,39;1705,255;0,35055;10,6345;20,09;61,415;19,9677;70,303;117,345;4,27835;38,199;3,3664;36,6574
2026-07-15 10:00:00+00:00;4,19355;1,9608;7,7354;3,42;109,9009;0,8095;147,69;1705,6;0,35125;10,6455;20,075;61,555;19,8876;70,425;117,36;4,2894;38,39875;3,3693;36,79405
2026-07-15 11:00:00+00:00;4,19335;1,96085;7,73445;3,423;109,8943;0,8095;147,67;1702,79;0,35125;10,6537;20,075;61,555;19,8878;70,4205;117,365;4,2871;38,3935;3,37545;36,79125
2026-07-16 10:00:00+00:00;4,2111;1,96075;7,7585;3,4432;;0,81295;148,25;1695,475;0,3526;10,6743;20,13;61,82;19,9652;70,676;117,365;4,3061;38,4897;3,37295;36,94
2026-07-16 11:00:00+00:00;4,20945;1,9607;7,75555;3,4451;110,3197;0,81255;148,185;1694,24;0,3524;10,6725;20,12;61,785;19,9647;70,629;117,365;4,3034;38,47005;3,37215;36,936
2026-07-17 10:00:00+00:00;4,2012;1,9607;7,7521;3,4877;110,1366;0,811;147,905;1698,695;0,35175;10,6587;20,115;61,675;19,9927;70,46;117,36;4,296;38,4505;3,37085;37,0429
2026-07-17 11:00:00+00:00;4,19705;1,96075;7,746;3,4843;110,0345;0,81025;147,7;1698,45;0,3514;10,661;20,1;61,615;19,9736;70,3925;117,36;4,2919;38,4335;3,36975;36,9696
2026-07-20 10:00:00+00:00;4,1978;1,96075;7,7433;3,4865;110,2505;0,8104;147,79;1693,925;0,3516;10,6775;20,11;61,655;19,9927;70,4995;117,36;4,2923;38,4485;3,3759;36,92805
2026-07-20 11:00:00+00:00;4,19935;1,96075;;3,4839;110,2713;0,8106;147,77;1693,34;0,3517;10,67825;20,115;61,6;19,9904;70,527;117,36;4,2934;38,448;3,35955;36,94345
2026-07-21 10:00:00+00:00;4,1953;1,96065;7,729;3,4812;;0,8098;147,685;1687,255;0,35145;10,7025;20,1;61,585;19,8564;70,548;117,365;4,2882;38,44075;3,35945;36,9262
2026-07-21 11:00:00+00:00;4,1944;1,96065;7,7285;3,4814;109,9157;0,8097;147,66;1687,44;0,3514;10,7075;20,095;61,58;19,8542;70,5275;117,365;4,2876;38,43685;3,35955;36,91105
2026-07-22 10:00:00+00:00;4,1887;1,96075;7,72425;3,4967;;0,8086;147,525;1689,97;0,35105;10,7034;20,055;61,59;19,8715;70,443;117,36;4,2805;38,56315;3,377;37,01725
2026-07-22 11:00:00+00:00;4,188;1,9608;;3,4921;110,1139;0,8085;147,495;1687,76;0,351;10,69945;20,05;61,585;19,8657;70,4375;117,355;4,2798;38,55925;3,3764;37,00615
2026-07-23 10:00:00+00:00;4,1916;1,96065;7,7262;3,5068;110,201;0,8091;147,445;1676,595;0,35125;10,6888;20,1;61,605;19,9165;70,464;117,425;4,2836;38,58115;3,36;36,84705
2026-07-23 11:00:00+00:00;4,1882;1,96075;;3,5007;110,137;0,8085;147,675;1675,65;0,351;10,6821;20,08;61,56;19,8892;70,421;117,425;4,2804;38,5445;3,35905;36,8219
2026-07-24 10:00:00+00:00;4,1825;1,96055;7,7139;3,478;109,9759;0,80745;147,935;1665,205;0,35055;10,6596;20,13;61,475;19,9022;70,422;117,375;4,2751;38,3425;3,35845;36,8475
2026-07-24 11:00:00+00:00;4,1803;1,9607;7,70995;3,4785;109,9218;0,807;147,35;1663,195;0,35035;10,66045;20,115;61,44;19,8891;70,403;117,375;4,2729;38,3585;3,3577;36,83035
2026-07-27 10:00:00+00:00;4,1852;1,96065;7,71185;3,4455;109,2953;0,808;147,58;1674,375;0,3508;10,6592;20,025;61,545;19,8708;70,352;117,41;4,2778;38,2592;3,37355;36,82505
2026-07-27 11:00:00+00:00;4,1854;1,96085;7,7118;3,455;109,2999;0,808;147,695;1675,485;0,3508;10,6596;20,025;61,55;19,8763;70,315;117,41;4,2778;38,2535;3,3662;36,8262
2026-07-28 10:00:00+00:00;4,1705;1,96055;7,68965;3,4784;108,8548;0,8051;147,22;1658,63;0,3497;10,6503;20,1;61,545;19,8537;69,9925;117,405;4,263;38,21;3,36175;36,80885
2026-07-28 11:00:00+00:00;4,1723;1,96065;7,6938;3,4732;;0,8045;147,35;1658,44;0,34985;10,6847;20,11;61,54;19,8644;70,034;117,41;4,2651;38,2065;3,3632;36,8262
2026-07-29 10:00:00+00:00;4,1839;1,9607;7,7073;3,4822;108,9578;0,8076;147,455;1652,275;0,3507;10,6762;20,155;61,54;19,8862;69,9125;117,37;4,2764;38,1645;3,36655;36,9342
2026-07-29 11:00:00+00:00;4,18215;1,96075;7,70615;3,4889;108,9061;0,8073;147,275;1652,8;0,3505;10,6756;20,145;61,545;19,8858;69,921;117,36;4,2745;38,1715;3,3651;36,9396
2026-07-30 10:00:00+00:00;4,211;1,96075;7,74595;3,5301;109,7029;0,8129;148,3;1645,775;0,3528;10,7481;20,19;61,54;19,9616;70,534;117,41;4,305;38,5235;3,3796;37,30595
2026-07-30 11:00:00+00:00;4,2143;1,96075;7,7522;3,5281;109,7961;0,8135;148,94;1645,165;0,35305;10,7654;20,21;61,55;19,9654;70,573;117,41;4,30855;38,5027;3,3803;37,2864
2026-07-31 10:00:00+00:00;4,2254;1,95785;7,7675;3,5112;109,7319;0,81565;148,805;1653,585;0,354;10,7362;20,1;61,475;19,9409;70,463;117,41;4,3199;38,4176;3,38295;37,1752
2026-07-31 11:00:00+00:00;4,2243;1,95795;7,76545;3,5088;109,7032;0,8154;148,765;1656,46;0,3539;10,7351;20,1;61,465;19,9395;70,443;117,41;4,3187;38,4275;3,38265;37,17585
2026-08-03 10:00:00+00:00;4,2318;1,9579;7,78175;3,523;109,8498;0,8169;149,095;1646,32;0,3545;10,7274;20,115;61,82;19,9743;70,2195;117,36;4,32675;38,4403;3,38415;37,4108
2026-08-03 11:00:00+00:00;4,2323;1,9579;7,7828;3,5245;109,8727;0,81705;149,085;1645,025;0,3546;10,7347;20,125;61,83;19,9806;70,248;117,365;4,3276;38,431;3,38455;37,40345
2026-08-04 10:00:00+00:00;4,2271;1,95795;7,7732;3,4971;109,7652;0,81595;148,915;1648,215;0,35355;10,7172;20,145;61,54;19,9042;70,418;117,37;4,3224;38,46;3,3833;37,3209
2026-08-04 11:00:00+00:00;4,2283;1,95785;7,77575;3,496;109,8115;0,8162;148,98;1646,305;0,35365;10,7185;20,155;61,535;19,9147;70,43;117,36;4,3239;38,455;3,38365;37,3286
2026-08-05 10:00:00+00:00;4,2379;1,9578;7,7895;3,4664;109,7667;0,8181;149,315;1644,915;0,3544;10,7338;20,05;61,54;19,8804;70,1035;117,395;4,3337;38,31525;3,3669;37,3079
2026-08-05 11:00:00+00:00;4,2386;1,95785;7,7911;3,4704;;0,8182;149,335;1644,855;0,3544;10,7377;20,05;61,55;19,8867;70,125;117,4;4,33425;38,2988;3,36675;37,33005
2026-08-06 10:00:00+00:00;4,2377;1,9579;;3,4742;109,8759;0,8181;149,31;1644,06;0,35435;10,7421;20,08;61,54;19,9172;70,168;117,365;4,3333;38,1434;3,36725;37,2382
2026-08-06 11:00:00+00:00;4,2394;1,9581;7,7912;3,4741;109,9158;0,8184;149,365;1643,075;0,3545;10,7486;20,085;61,55;19,9141;70,182;117,37;4,335;38,1566;3,3674;37,20655
2026-08-07 10:00:00+00:00;4,2346;1,95795;7,78135;3,4615;109,7618;0,8174;149,24;1632,505;0,35405;10,7517;20,05;61,545;19,7914;70,203;117,34;4,3286;38,1065;3,3668;37,20525
2026-08-07 11:00:00+00:00;4,2339;1,95795;7,77995;3,4617;109,7562;0,81735;149,11;1632,76;0,354;10,7516;20,045;61,545;19,7836;70,211;117,39;4,3282;38,1015;3,36665;37,20545
2026-08-10 10:00:00+00:00;4,24455;1,9579;7,7943;3,4655;110,1354;0,8194;149,55;1638,255;0,3549;10,7538;20,085;61,545;19,8197;70,209;117,4;4,3401;38,133;3,37985;37,25865
2026-08-10 11:00:00+00:00;4,2443;1,9579;7,7947;3,4665;110,1345;0,8193;149,48;1637,845;0,3549;10,7581;20,085;61,55;19,8153;70,2165;117,395;4,3397;38,1545;3,37955;37,25535
2026-08-11 10:00:00+00:00;4,2367;1,95785;7,78295;3,4645;110,0996;0,8179;149,1;1634,585;0,3543;10,7246;20,035;61,54;19,769;70,6545;117,365;4,3315;38,261;3,3677;37,2163
2026-08-11 11:00:00+00:00;4,2363;1,95785;7,78285;3,4659;110,091;0,8178;149,715;1631,755;0,35425;10,7206;20,035;61,535;19,7612;70,657;117,36;4,331;38,2414;3,3675;37,2207
2026-08-12 10:00:00+00:00;4,2365;1,95775;7,7794;3,4535;109,9727;0,8179;149,615;1633,365;0,35445;10,7224;20,0;61,54;19,6754;70,619;117,315;4,3311;38,1365;3,3854;37,157
2026-08-12 11:00:00+00:00;4,2364;1,95775;7,77935;3,4501;109,9632;0,8178;149,085;1633,98;0,3544;10,7329;19,995;61,54;19,6774;70,6115;117,32;4,33075;38,13715;3,3822;37,1653
2026-08-13 10:00:00+00:00;4,2363;1,95775;7,7793;3,4438;;0,8178;149,255;1639,735;0,3544;10,7339;20,025;61,54;19,6761;70,733;117,32;4,33075;38,22245;3,3853;37,06035
2026-08-13 11:00:00+00:00;4,2367;1,95785;7,7786;3,4403;;0,8179;149,1;1639,685;0,35445;10,7199;20,025;61,54;19,6719;70,7405;117,32;4,3313;38,21875;3,38555;37,0617
2026-08-14 10:00:00+00:00;4,2433;1,9579;7,78915;3,411;110,2646;0,8192;149,625;1631,88;0,355;10,7325;20,035;61,54;19,6529;70,9785;117,345;4,3376;38,3073;3,3694;36,98665
2026-08-14 11:00:00+00:00;4,2444;1,9579;7,7912;3,4113;110,2851;0,8194;149,605;1632,265;0,3551;10,7342;20,04;61,55;19,6542;70,993;117,34;4,3387;38,3135;3,36955;36,99165
