Timestamp;EUR=TRB;EURGBP=TRB;EURCHF=TRB;EURCZK=TRB;EURHUF=TRB;EURPLN=TRB;EURAUD=TRB;EURCAD=TRB;EURDKK=TRB;EURHKD=TRB;EURJPY=TRB;EURNOK=TRB;EURNZD=TRB;EURRON=TRB;EURSEK=TRB;EURSGD=TRB;EURTRY=TRB;EURZAR=TRB
2025-08-18 10:00:00+00:00;1,16805;0,86265;0,94305;24,472;395,72;4,2534;1,79335;1,61155;7,4638;9,1365;172,155;11,9179;1,9672;5,0594;11,1811;1,4981;47,762;20,5661
2025-08-18 11:00:00+00:00;1,16815;0,8628;0,9429;24,471;395,61;4,2517;1,7942;1,61135;7,4639;9,1325;172,215;11,897;1,9675;5,0591;11,1703;1,4982;47,7492;20,5817
2025-08-19 10:00:00+00:00;1,1681;0,8641;0,94115;24,467;393,7;4,2431;1,7997;1,61405;7,4646;9,1143;172,58;11,8999;1,9715;5,0577;11,1346;1,4987;47,7611;20,5812
2025-08-19 11:00:00+00:00;1,1689;0,86435;0,94105;24,463;393,525;4,2441;1,80105;1,61425;7,4646;9,1194;172,685;11,9279;1,9733;5,0587;11,1467;1,4995;47,7838;20,5563
2025-08-20 10:00:00+00:00;1,1645;0,8626;0,94005;24,49;394,935;4,2528;1,8093;1,6157;7,4647;9,1007;171,72;11,9499;1,9971;5,061;11,1638;1,497;47,6554;20,618
2025-08-20 11:00:00+00:00;1,16485;0,8632;0,9403;24,483;394,4;4,2486;1,8106;1,61635;7,4648;9,1025;171,73;11,9567;1,9994;5,0592;11,1684;1,4973;47,6666;20,6254
2025-08-21 10:00:00+00:00;1,1654;0,86505;0,9386;24,53;395,765;4,2508;1,81415;1,61735;7,4641;9,1054;172,115;11,8677;2,0001;5,0572;11,1679;1,4997;47,7134;20,6249
2025-08-21 11:00:00+00:00;1,16525;0,8651;0,9391;24,532;395,72;4,2533;1,81215;1,6173;7,4641;9,1043;172,28;11,8578;1,9993;5,0554;11,1693;1,4995;47,7049;20,6264
2025-08-22 10:00:00+00:00;1,15985;0,86475;0,93885;24,585;396,175;4,2635;1,80665;1,61365;7,4644;9,0678;172,485;11,854;1,998;5,0534;11,1831;1,4953;47,5686;20,4731
2025-08-22 11:00:00+00:00;1,1597;0,8648;0,9382;24,583;396,12;4,262;1,8069;1,61375;7,4646;9,0675;172,38;11,8489;1,998;5,0533;11,1784;1,4949;47,6027;20,4516
2025-08-25 10:00:00+00:00;1,16935;0,8666;0,93825;24,54;397,505;4,2657;1,80205;1,61755;7,4643;9,1342;172,3;11,8294;1,9956;5,0541;11,1446;1,5007;47,9507;20,511
2025-08-25 11:00:00+00:00;1,16885;0,8664;0,9382;24,549;397,645;4,2636;1,80085;1,61675;7,4642;9,13;172,33;11,824;1,9946;5,0539;11,1364;1,5004;47,9128;20,5022
2025-08-26 10:00:00+00:00;1,1642;0,86385;0,9382;24,542;396,69;4,2618;1,7952;1,61215;7,4644;9,0819;171,775;11,8329;1,991;5,0552;11,1658;1,4971;47,773;20,5287
2025-08-26 11:00:00+00:00;1,16445;0,86405;0,93845;24,54;396,97;4,2617;1,7959;1,6128;7,4641;9,0839;171,88;11,8456;1,9906;5,0556;11,1643;1,4973;47,7797;20,5501
2025-08-27 10:00:00+00:00;1,1589;0,8624;0,93505;24,53;396,43;4,2682;1,79115;1,60545;7,4646;9,0217;171,605;11,7937;1,9885;5,0622;11,1194;1,4937;47,5701;20,5715
2025-08-27 11:00:00+00:00;1,1579;0,86265;0,93445;24,536;396,91;4,2718;1,79075;1,6039;7,4646;9,0118;171,515;11,7903;1,9892;5,0624;11,1115;1,4932;47,5345;20,5669
2025-08-28 10:00:00+00:00;1,165;0,8628;0,93265;24,548;396,975;4,2632;1,78695;1,6043;7,465;9,0814;171,405;11,754;1,9866;5,0672;11,07;1,4962;47,8285;20,6191
2025-08-28 11:00:00+00:00;1,1672;0,86315;0,9331;24,54;396,86;4,2633;1,7878;1,606;7,4648;9,0978;171,47;11,7545;1,9868;5,0665;11,081;1,4976;47,9181;20,6176
2025-08-29 10:00:00+00:00;1,1673;0,8673;0,9355;24,489;397,065;4,2678;1,7881;1,6057;7,4645;9,0993;171,72;11,7544;1,9829;5,0728;11,062;1,5001;48,0342;20,7335
2025-08-29 11:00:00+00:00;1,1667;0,8668;0,9363;24,47;397,075;4,2675;1,7875;1,60425;7,4644;9,095;171,745;11,7419;1,9823;5,0727;11,0533;1,4996;48,0099;20,7159
2025-09-01 10:00:00+00:00;1,17185;0,8661;0,93675;24,433;395,545;4,2539;1,7872;1,61005;7,4648;9,1372;172,385;11,7254;1,9828;5,0724;11,026;1,5038;48,1851;20,5884
2025-09-01 11:00:00+00:00;1,172;0,8665;0,9369;24,436;395,21;4,2554;1,78735;1,6102;7,4647;9,1382;172,44;11,739;1,9841;5,0725;11,0266;1,5042;48,1868;20,6029
2025-09-02 10:00:00+00:00;1,16355;0,86885;0,9368;24,481;396,16;4,2669;1,78735;1,60285;7,4632;9,0816;172,895;11,6442;1,9869;5,0791;11,0046;1,4993;47,8968;20,6235
2025-09-02 11:00:00+00:00;1,1634;0,8696;0,93595;24,483;395,945;4,2675;1,78645;1,6023;7,4633;9,0815;172,885;11,6434;1,9864;5,0803;11,0011;1,4989;47,8853;20,619
2025-09-03 10:00:00+00:00;1,16545;0,8694;0,93665;24,448;393,71;4,2518;1,7845;1,6079;7,4631;9,093;173,13;11,6851;1,9876;5,0776;11,0023;1,5015;47,9691;20,5438
2025-09-03 11:00:00+00:00;1,16445;0,8687;0,93675;24,439;393,42;4,2524;1,7833;1,60675;7,4632;9,0858;173,16;11,6882;1,9869;5,0792;10,9983;1,501;47,923;20,5321
2025-09-04 10:00:00+00:00;1,16435;0,86645;0,93715;24,449;393,83;4,2541;1,7862;1,60895;7,4643;9,0803;172,715;11,7579;1,9872;5,0768;11,015;1,5012;47,9386;20,7204
2025-09-04 11:00:00+00:00;1,1651;0,8665;0,93795;24,439;393,06;4,2503;1,78755;1,61005;7,4643;9,0871;172,795;11,7669;1,989;5,0763;11,0188;1,5019;47,974;20,7146
2025-09-05 10:00:00+00:00;1,16875;0,86695;0,93855;24,433;393,03;4,254;1,7859;1,6123;7,4651;9,1195;173,175;11,7392;1,9888;5,0786;10,9987;1,504;48,2104;20,6732
2025-09-05 11:00:00+00:00;1,16895;0,8673;0,93875;24,424;393,05;4,2525;1,78645;1,6124;7,4651;9,1213;173,185;11,7478;1,9897;5,0782;11,0022;1,5039;48,2333;20,6566
2025-09-08 10:00:00+00:00;1,1723;0,8678;0,93365;24,372;393,45;4,2528;1,78105;1,6197;7,466;9,1367;173,235;11,728;1,9794;5,0718;11,0144;1,5055;48,3766;20,5692
2025-09-08 11:00:00+00:00;1,1727;0,86675;0,93275;24,368;393,515;4,2527;1,78035;1,619;7,4658;9,1397;173,32;11,7034;1,9772;5,0721;10,9987;1,5061;48,3985;20,5937
2025-09-09 10:00:00+00:00;1,17665;0,8661;0,933;24,318;393,655;4,2519;1,778;1,62395;7,4669;9,1649;172,22;11,7255;1,9751;5,0733;10,9989;1,5064;48,5698;20,5576
2025-09-09 11:00:00+00:00;1,1752;0,86575;0,93275;24,317;393,28;4,2542;1,777;1,6228;7,4668;9,151;172,185;11,7168;1,9739;5,074;11,0031;1,505;48,5154;20,5215
2025-09-10 10:00:00+00:00;1,1714;0,865;0,93335;24,389;393,675;4,259;1,77275;1,62225;7,4656;9,1247;172,695;11,6243;1,9696;5,0729;10,9422;1,5028;48,3708;20,5616
2025-09-10 11:00:00+00:00;1,17;0,8643;0,9336;24,375;393,6;4,2619;1,7722;1,6214;7,4656;9,1136;172,57;11,6164;1,9704;5,0735;10,9433;1,5016;48,3046;20,5545
2025-09-11 10:00:00+00:00;1,16855;0,86555;0,93415;24,421;393,05;4,2672;1,7694;1,6221;7,465;9,102;172,915;11,6012;1,9713;5,0708;10,9501;1,5015;48,255;20,5081
2025-09-11 11:00:00+00:00;1,16845;0,8645;0,9343;24,402;392,935;4,2675;1,7689;1,62205;7,465;9,1018;172,905;11,6082;1,9714;5,0715;10,9596;1,5014;48,2411;20,4953
2025-09-12 10:00:00+00:00;1,1723;0,8653;0,9348;24,341;391,495;4,2585;1,7626;1,6224;7,4647;9,1238;173,415;11,5827;1,9684;5,0696;10,9469;1,5039;48,4956;20,366
2025-09-12 11:00:00+00:00;1,1734;0,86545;0,9347;24,314;390,84;4,2529;1,76465;1,62335;7,4643;9,1319;173,395;11,5835;1,9705;5,0704;10,9414;1,5051;48,5443;20,3551
2025-09-15 10:00:00+00:00;1,1749;0,8642;0,9344;24,327;389,57;4,2477;1,7653;1,62495;7,4645;9,1399;173,135;11,5624;1,9724;5,0634;10,9334;1,5058;48,5385;20,371
2025-09-15 11:00:00+00:00;1,1755;0,8639;0,9344;24,332;389,765;4,2483;1,7658;1,6249;7,4645;9,1437;173,26;11,5599;1,973;5,0639;10,9149;1,5063;48,5548;20,3906
2025-09-16 10:00:00+00:00;1,18115;0,8659;0,9347;24,317;389,8;4,2498;1,77155;1,62585;7,4645;9,1915;173,58;11,6133;1,9777;5,063;10,9352;1,5092;48,7964;20,5108
2025-09-16 11:00:00+00:00;1,1807;0,86655;0,9342;24,324;390,06;4,2512;1,77135;1,62495;7,4649;9,1887;173,63;11,6023;1,9774;5,0629;10,9321;1,5094;48,7639;20,5071
2025-09-17 10:00:00+00:00;1,18455;0,8679;0,93175;24,325;389,88;4,2541;1,77525;1,6291;7,4644;9,2096;173,285;11,6345;1,9822;5,0668;10,958;1,512;48,9093;20,5906
2025-09-17 11:00:00+00:00;1,18365;0,86755;0,93135;24,322;390,04;4,2546;1,77455;1,6282;7,4643;9,2038;173,105;11,6288;1,9813;5,0679;10,9592;1,5111;48,8827;20,5735
2025-09-18 10:00:00+00:00;1,1838;0,8675;0,93255;24,325;388,755;4,2567;1,7795;1,63045;7,4645;9,2072;174,325;11,6091;2,0044;5,0692;10,9818;1,5138;48,9122;20,5466
2025-09-18 11:00:00+00:00;1,18365;0,86655;0,9329;24,312;388,54;4,2546;1,77825;1,62975;7,4644;9,2055;174,345;11,5782;2,0044;5,0684;10,9759;1,5136;48,8984;20,5032
2025-09-19 10:00:00+00:00;1,1762;0,8709;0,9349;24,286;390,96;4,2651;1,7808;1,6244;7,4641;9,1465;174,0;11,6524;2,0013;5,0719;11,0491;1,5101;48,6849;20,4101
2025-09-19 11:00:00+00:00;1,176;0,87145;0,93515;24,277;390,69;4,2635;1,7808;1,62365;7,464;9,145;174,02;11,654;2,0017;5,0743;11,0441;1,5101;48,692;20,4078
2025-09-22 10:00:00+00:00;1,17755;0,87215;0,93535;24,266;389,395;4,264;1,7851;1,626;7,4636;9,1503;174,135;11,6886;2,0088;5,0748;11,0545;1,5109;48,7382;20,3451
2025-09-22 11:00:00+00:00;1,1774;0,87225;0,93455;24,254;389,255;4,261;1,7852;1,62545;7,4635;9,1492;174,08;11,6978;2,0098;5,0753;11,0488;1,5106;48,7162;20,3476
2025-09-23 10:00:00+00:00;1,18015;0,87385;0,9348;24,252;389,015;4,2545;1,7867;1,63205;7,4643;9,1754;174,21;11,6687;2,0123;5,0772;10,993;1,5141;48,8782;20,4251
2025-09-23 11:00:00+00:00;1,17955;0,87305;0,93465;24,253;388,82;4,2566;1,78525;1,6307;7,4643;9,1707;174,265;11,66;2,0108;5,0773;10,9759;1,5137;48,8506;20,4212
2025-09-24 10:00:00+00:00;1,17685;0,87325;0,93465;24,288;390,525;4,2659;1,78005;1,63215;7,4638;9,1517;174,53;11,6853;2,0142;5,0781;11,021;1,5138;48,7956;20,3118
2025-09-24 11:00:00+00:00;1,1752;0,87275;0,93415;24,304;391,735;4,2695;1,7791;1,63035;7,4638;9,1397;174,4;11,6792;2,0128;5,0793;11,0232;1,5127;48,6868;20,3394
2025-09-25 10:00:00+00:00;1,17455;0,87335;0,93455;24,277;390,575;4,2588;1,7804;1,63165;7,464;9,1353;174,76;11,6822;2,0169;5,0748;11,0307;1,5133;48,7112;20,3257
2025-09-25 11:00:00+00:00;1,17455;0,8736;0,9346;24,285;390,625;4,2626;1,7823;1,63195;7,4639;9,1346;174,8;11,6819;2,0192;5,0752;11,0443;1,5137;48,712;20,3366
2025-09-26 10:00:00+00:00;1,16775;0,87465;0,9338;24,303;391,225;4,2671;1,78925;1,6291;7,4635;9,0858;174,925;11,7259;2,0274;5,0773;11,0582;1,5102;48,5475;20,3815
2025-09-26 11:00:00+00:00;1,1665;0,87395;0,93345;24,322;392,06;4,2717;1,7882;1,62805;7,4635;9,075;174,84;11,7099;2,026;5,0781;11,0489;1,5095;48,4789;20,3883
2025-09-29 10:00:00+00:00;1,17175;0,8724;0,93375;24,302;391,17;4,2704;1,7843;1,63125;7,4642;9,1196;174,12;11,673;2,0247;5,0784;11,0101;1,512;48,7156;20,2421
2025-09-29 11:00:00+00:00;1,17195;0,87275;0,93475;24,299;391,165;4,2692;1,78575;1,632;7,4643;9,1208;174,24;11,6773;2,0262;5,0769;11,0303;1,5126;48,7371;20,2566
2025-09-30 10:00:00+00:00;1,1749;0,8738;0,9365;24,331;390,575;4,2719;1,7768;1,63485;7,4648;9,1415;173,83;11,7382;2,027;5,0812;11,069;1,5152;48,8636;20,3109
2025-09-30 11:00:00+00:00;1,17485;0,87425;0,93695;24,343;390,465;4,2709;1,77735;1,63535;7,4648;9,1412;173,91;11,7331;2,0277;5,0806;11,0641;1,5152;48,8521;20,2856
2025-10-01 10:00:00+00:00;1,1732;0,8714;0,93475;24,286;388,715;4,2575;1,7741;1,6339;7,4653;9,13;172,7;11,6917;2,0189;5,0824;11,0409;1,512;48,7876;20,1711
2025-10-01 11:00:00+00:00;1,17265;0,87035;0,9356;24,267;388,305;4,256;1,7739;1,63375;7,4653;9,1255;172,45;11,6653;2,0189;5,0822;11,0299;1,5116;48,7723;20,165
2025-10-02 10:00:00+00:00;1,1753;0,87075;0,9352;24,255;388,955;4,2583;1,7769;1,63775;7,4668;9,1449;172,345;11,6604;2,0138;5,0837;10,9904;1,5125;48,8978;20,2116
2025-10-02 11:00:00+00:00;1,1752;0,87165;0,9348;24,249;388,65;4,2572;1,777;1,63745;7,4667;9,1436;172,315;11,6651;2,0152;5,0825;10,988;1,5122;48,8997;20,1928
2025-10-03 10:00:00+00:00;1,17375;0,87245;0,9354;24,268;388,66;4,2553;1,7767;1,6389;7,4666;9,1342;172,95;11,695;2,0116;5,0889;11,011;1,5131;48,9317;20,2373
2025-10-03 11:00:00+00:00;1,1737;0,8725;0,93495;24,272;388,64;4,2537;1,7774;1,63925;7,4667;9,1341;172,9;11,6784;2,0123;5,0931;11,0091;1,513;48,9153;20,2274
2025-10-06 10:00:00+00:00;1,16665;0,86835;0,93195;24,308;388,85;4,2543;1,76855;1,62785;7,4664;9,0803;175,44;11,626;2,0062;5,0884;10,9845;1,5096;48,6467;20,1503
2025-10-06 11:00:00+00:00;1,16635;0,869;0,93135;24,314;389,36;4,2533;1,7688;1,6277;7,4667;9,0788;175,31;11,6225;2,0058;5,0891;10,9879;1,5094;48,6253;20,1356
2025-10-07 10:00:00+00:00;1,1667;0,8679;0,93095;24,333;392,15;4,2557;1,7692;1,628;7,4656;9,0812;175,88;11,6039;2,0071;5,0919;10,9455;1,508;48,6556;20,0514
2025-10-07 11:00:00+00:00;1,16725;0,8694;0,9307;24,335;392,18;4,2544;1,7706;1,6285;7,4663;9,0852;175,995;11,606;2,0092;5,0917;10,9411;1,5089;48,688;20,0663
2025-10-08 10:00:00+00:00;1,16095;0,86615;0,9299;24,379;392,93;4,2524;1,76965;1,62025;7,4666;9,0363;177,615;11,6111;2,0153;5,096;10,9552;1,5055;48,4318;19,9498
2025-10-08 11:00:00+00:00;1,1634;0,8674;0,93035;24,362;392,5;4,2517;1,7692;1,6224;7,4666;9,0544;177,705;11,6183;2,015;5,096;10,9567;1,5071;48,5326;19,9674
2025-10-09 10:00:00+00:00;1,16255;0,8684;0,93095;24,313;390,705;4,2534;1,7626;1,6212;7,4668;9,0452;177,33;11,6236;2,0114;5,0944;10,994;1,5059;;19,8823
2025-10-09 11:00:00+00:00;1,1618;0,8694;0,93015;24,323;391,375;4,254;1,7616;1,6203;7,4668;9,0393;177,36;11,6249;2,0103;5,0939;10,9864;1,5053;;19,8635
2025-10-10 10:00:00+00:00;1,15735;0,8708;0,93255;24,315;390,415;4,2588;1,7663;1,62245;7,467;9,006;176,835;11,6845;2,0128;5,0925;11,0216;1,5029;48,4051;19,9571
2025-10-10 11:00:00+00:00;1,15715;0,8722;0,9327;24,301;390,4;4,2585;1,76625;1,62215;7,467;9,0052;176,74;11,6893;2,0129;5,093;11,0236;1,5026;48,3973;19,9423
2025-10-13 10:00:00+00:00;1,1595;0,86935;0,93125;24,33;392,255;4,2618;1,7775;1,6232;7,4677;9,0165;176,43;11,6739;2,0223;5,0895;11,0219;1,5049;48,4727;20,0551
2025-10-13 11:00:00+00:00;1,1586;0,86825;0,9313;24,34;392,19;4,26;1,77675;1,6222;7,468;9,0098;176,245;11,6724;2,0216;5,0902;11,0178;1,5041;48,4359;20,0562
2025-10-14 10:00:00+00:00;1,15555;0,8711;0,92935;24,332;392,62;4,2616;1,79195;1,6257;7,4681;8,9841;175,765;11,7569;2,0324;5,0879;11,0071;1,5034;48,3366;20,173
2025-10-14 11:00:00+00:00;1,15515;0,87095;0,9289;24,323;393,3;4,2629;1,7925;1,62595;7,4684;8,9817;175,54;11,7796;2,0316;5,0891;11,0373;1,5035;48,3225;20,2105
2025-10-15 10:00:00+00:00;1,16325;0,87145;0,9309;24,263;390,34;4,2554;1,78345;1,63285;7,4686;9,0449;176,075;11,7432;2,0303;5,0883;11,0327;1,5073;48,6797;20,1328
2025-10-15 11:00:00+00:00;1,1627;0,86995;0,9308;24,273;390,55;4,2574;1,78265;1,63205;7,4686;9,0372;175,975;11,7276;2,0295;5,0886;11,0281;1,5069;48,6483;20,1176
2025-10-16 10:00:00+00:00;1,1658;0,8678;0,92845;24,312;389,89;4,2514;1,7916;1,63655;7,4689;9,0601;176,36;11,7457;2,0319;5,0878;11,0281;1,5104;48,7875;20,2112
2025-10-16 11:00:00+00:00;1,1655;0,86775;0,92895;24,287;389,74;4,2494;1,7908;1,63625;7,4689;9,0593;176,19;11,7335;2,0313;5,0875;11,0066;1,51;48,7904;20,1708
2025-10-17 10:00:00+00:00;1,17;0,871;0,9234;24,321;390,695;4,2536;1,8092;1,6424;7,4692;9,0886;175,13;11,7912;2,0426;5,0889;11,0614;1,5144;49,0752;20,4032
2025-10-17 11:00:00+00:00;1,169;0,8703;0,92365;24,307;390,905;4,2531;1,80405;1,6404;7,4691;9,0801;175,28;11,77;2,0391;5,0883;11,0586;1,5135;49,0312;20,3753
2025-10-20 10:00:00+00:00;1,1662;0,8683;0,92465;24,298;389,745;4,2433;1,796;1,6363;7,4683;9,0599;175,84;11,7288;2,035;5,0887;10,9936;1,5094;48,9257;20,1847
2025-10-20 11:00:00+00:00;1,1652;0,8691;0,92385;24,294;389,665;4,2451;1,7956;1,63505;7,4684;9,0529;175,575;11,7289;2,0344;5,0896;10,989;1,5087;48,8878;20,2019
2025-10-21 10:00:00+00:00;1,16215;0,8683;0,9234;24,313;389,48;4,2358;1,7914;1,63325;7,4689;9,0309;176,405;11,6934;2,0332;5,0829;10,9527;1,5072;48,7756;20,1233
2025-10-21 11:00:00+00:00;1,1618;0,8681;0,9231;24,32;389,55;4,2381;1,7906;1,63245;7,4689;9,0287;176,49;11,6814;2,0321;5,0831;10,9364;1,5072;48,7603;20,1117
2025-10-22 10:00:00+00:00;1,15935;0,8705;0,92315;24,299;389,245;4,2334;1,78485;1,62445;7,4691;9,008;176,0;11,6439;2,0177;5,0827;10,9423;1,5055;48,6733;20,2286
2025-10-22 11:00:00+00:00;1,1587;0,8704;0,92335;24,31;389,295;4,2321;1,7857;1,62445;7,4693;9,0033;175,94;11,6452;2,0183;5,0826;10,9364;1,5054;48,6387;20,2504
2025-10-23 10:00:00+00:00;1,15925;0,8685;0,9251;24,309;390,52;4,2347;1,78015;1,62215;7,4693;9,0094;176,89;11,5782;2,0168;5,0825;10,9162;1,5063;48,6729;20,1272
2025-10-23 11:00:00+00:00;1,15875;0,8688;0,92515;24,308;390,575;4,2341;1,78135;1,62165;7,4693;9,0051;177,005;11,5788;2,018;5,0823;10,9187;1,5063;48,6494;20,1195
2025-10-24 10:00:00+00:00;1,1612;0,87155;0,9244;24,334;389,775;4,2353;1,7876;1,6279;7,4697;9,0226;177,625;11,6192;2,0227;5,0833;10,8996;1,5087;48,743;20,1541
2025-10-24 11:00:00+00:00;1,1612;0,87205;0,92495;24,335;389,745;4,242;1,7875;1,62835;7,4698;9,0223;177,64;11,6203;2,0226;5,0828;10,9016;1,5092;48,7371;20,148
2025-10-27 10:00:00+00:00;1,16365;0,8721;0,9264;24,314;389,695;4,2349;1,77475;1,62605;7,4695;9,0393;177,775;11,6439;2,0195;5,0845;10,9099;1,5087;48,8042;20,0432
2025-10-27 11:00:00+00:00;1,16415;0,87245;0,9268;24,317;389,325;4,2344;1,7758;1,6273;7,4695;9,0427;177,83;11,656;2,0204;5,0846;10,9229;1,5092;48,8054;20,028
2025-10-28 10:00:00+00:00;1,1657;0,8753;0,9249;24,323;388,46;4,2346;1,77775;1,6315;7,4695;9,0573;177,07;11,6651;2,0193;5,084;10,9264;1,5092;48,9218;20,1078
2025-10-28 11:00:00+00:00;1,16635;0,8754;0,92565;24,319;388,395;4,2369;1,77815;1,63225;7,4692;9,0629;177,15;11,6633;2,0198;5,0846;10,9246;1,51;48,9493;20,1021
2025-10-29 10:00:00+00:00;1,1642;0,8806;0,9269;24,322;388,355;4,2376;1,7639;1,6231;7,4688;9,0462;177,205;11,6463;2,0132;5,0824;10,9083;1,5072;48,8311;19,8989
2025-10-29 11:00:00+00:00;1,1648;0,8812;0,92725;24,321;388,2;4,2388;1,76455;1,62335;7,4688;9,0509;177,32;11,6383;2,0131;5,0825;10,8972;1,5077;48,8688;19,9167
2025-10-30 10:00:00+00:00;1,16165;0,8808;0,928;24,356;388,45;4,2421;1,76855;1,62035;7,4677;9,0238;178,665;11,6654;2,0145;5,0858;10,9318;1,5088;48,7751;20,0327
2025-10-30 11:00:00+00:00;1,16045;0,88075;0,92845;24,352;388,37;4,2432;1,76745;1,61945;7,4677;9,0146;178,685;11,6631;2,0136;5,086;10,9368;1,5083;48,7105;20,0444
2025-10-31 10:00:00+00:00;1,1575;0,8806;0,928;24,323;388,145;4,2544;1,76955;1,62105;7,4677;8,995;178,39;11,6647;2,0223;5,0844;10,9273;1,5054;48,6765;20,0468
2025-10-31 11:00:00+00:00;1,1571;0,88125;0,92835;24,322;387,97;4,2566;1,76885;1,6212;7,4676;8,9921;178,325;11,672;2,0214;5,0854;10,9278;1,5052;48,665;20,0639
2025-11-03 10:00:00+00:00;1,1516;0,87745;0,9296;24,341;387,025;4,2526;1,75905;1,6167;7,4679;8,9523;177,525;11,6497;2,0148;5,0863;10,943;1,501;48,4337;19,9359
2025-11-03 11:00:00+00:00;1,1514;0,87695;0,93005;24,334;387,11;4,2526;1,7592;1,6172;7,4679;8,9503;177,515;11,6556;2,0144;5,0862;10,9459;1,5013;48,4312;19,9241
2025-11-04 10:00:00+00:00;1,1501;0,88045;0,9301;24,355;388,345;4,2579;1,77105;1,61845;7,4657;8,9415;176,5;11,7315;2,0318;5,0863;10,9647;1,5015;48,4115;20,0949
2025-11-04 11:00:00+00:00;1,15055;0,88;0,9299;24,351;388,28;4,2562;1,76925;1,61885;7,4657;8,9448;176,68;11,7312;2,0301;5,0864;10,9709;1,5018;48,4282;20,0606
2025-11-05 10:00:00+00:00;1,14845;0,881;0,93095;24,356;387,62;4,2594;1,77225;1,62235;7,4655;8,9293;176,515;11,7299;2,0339;5,0852;11,0022;1,5008;48,3774;20,0884
2025-11-05 11:00:00+00:00;1,1484;0,8816;0,931;24,354;387,57;4,2591;1,7724;1,62285;7,4654;8,9287;176,415;11,7394;2,0346;5,0853;11,0099;1,501;48,3523;20,0793
2025-11-06 10:00:00+00:00;1,1512;0,88025;0,93125;24,37;386,595;4,2565;1,76755;1,62275;7,4664;8,9513;176,98;11,7108;2,0336;5,0855;10,9791;1,5029;48,4929;20,0042
2025-11-06 11:00:00+00:00;1,1511;0,87995;0,93155;24,358;386,65;4,2568;1,7687;1,62245;7,4663;8,9498;176,97;11,7121;2,0344;5,0848;10,9871;1,5026;48,4851;19,9964
2025-11-07 10:00:00+00:00;1,15375;0,8809;0,93235;24,348;386,205;4,2483;1,7802;1,62865;7,4665;8,9737;177,06;11,7823;2,0546;5,0856;11,0441;1,504;48,6864;20,0017
2025-11-07 11:00:00+00:00;1,155;0,88115;0,9323;24,342;385,515;4,2497;1,7809;1,62985;7,4664;8,9825;177,1;11,7837;2,0555;5,086;11,0414;1,505;48,7538;20,0046
2025-11-10 10:00:00+00:00;1,15675;0,87825;0,93235;24,29;383,17;4,235;1,7698;1,6209;7,4673;8,9914;178,34;11,6847;2,0483;5,0842;10,9897;1,5068;48,8494;19,8818
2025-11-10 11:00:00+00:00;1,1562;0,87855;0,9321;24,288;383,355;4,2333;1,77005;1,6209;7,4671;8,9888;178,25;11,6953;2,0489;5,0852;10,9955;1,5066;48,8263;19,884
2025-11-11 10:00:00+00:00;1,1567;0,8808;0,92885;24,298;386,04;4,2342;1,774;1,62305;7,4679;8,9905;178,5;11,678;2,0495;5,0844;10,9812;1,5065;48,8584;19,8505
2025-11-11 11:00:00+00:00;1,1574;0,88095;0,92825;24,283;385,625;4,2317;1,77435;1,62375;7,4679;8,9972;178,515;11,6801;2,0503;5,0845;10,9812;1,5068;48,8791;19,8641
2025-11-12 10:00:00+00:00;1,15705;0,88215;0,92465;24,245;385,47;4,2314;1,7709;1,6218;7,4675;8,9913;179,15;11,6381;2,0457;5,085;10,9356;1,5086;48,8814;19,8265
2025-11-12 11:00:00+00:00;1,15695;0,88155;0,92505;24,256;385,38;4,2295;1,77115;1,62165;7,4671;8,9912;179,185;11,6383;2,0454;5,0844;10,9303;1,5085;48,8777;19,8241
2025-11-13 10:00:00+00:00;1,16165;0,88295;0,92405;24,21;384,0;4,2307;1,76735;1,62515;7,4674;9,0272;179,53;11,6729;2,0471;5,0837;10,9258;1,5106;49,084;19,721
2025-11-13 11:00:00+00:00;1,16135;0,88295;0,92395;24,213;383,85;4,2303;1,7683;1,62515;7,4675;9,0244;179,63;11,6754;2,048;5,0837;10,9299;1,5108;49,0624;19,7147
2025-11-14 10:00:00+00:00;1,16205;0,88315;0,92065;24,188;384,69;4,2277;1,78215;1,6309;7,4679;9,0329;179,765;11,7156;2,0478;5,0845;10,9907;1,5127;49,1979;19,8722
2025-11-14 11:00:00+00:00;1,1614;0,8837;0,92035;24,187;384,54;4,233;1,78225;1,63045;7,4678;9,028;179,71;11,7099;2,0475;5,0856;10,9923;1,5124;49,1645;19,8965
2025-11-17 10:00:00+00:00;1,16015;0,8812;0,9217;24,165;383,94;4,2231;1,77925;1,62715;7,4674;9,0183;179,53;11,7122;2,0461;5,0845;10,9508;1,5102;49,153;19,8047
2025-11-17 11:00:00+00:00;1,15955;0,88165;0,92275;24,176;384,055;4,2265;1,7812;1,627;7,4676;9,0142;179,565;11,7173;2,0485;5,084;10,9525;1,5105;49,0886;19,8005
2025-11-18 10:00:00+00:00;1,15895;0,8812;0,9229;24,171;384,7;4,2339;1,7841;1,62655;7,4684;9,0233;179,91;11,7477;2,0457;5,0852;10,9975;1,5097;49,0779;19,9658
2025-11-18 11:00:00+00:00;1,15825;0,8809;0,9234;24,181;384,6;4,2377;1,782;1,6255;7,4684;9,0173;180,01;11,7449;2,0452;5,0856;10,9974;1,509;49,0363;19,9209
2025-11-19 10:00:00+00:00;1,15745;0,8817;0,92755;24,178;383,575;4,2421;1,78425;1,6203;7,469;9,0147;180,495;11,708;2,0546;5,0886;10,982;1,5093;49,0278;19,8644
2025-11-19 11:00:00+00:00;1,15695;0,88285;0,929;24,183;383,53;4,2425;1,78405;1,62015;7,4692;9,0091;180,785;11,7169;2,0565;5,0888;10,9908;1,5097;49,0026;19,8823
2025-11-20 10:00:00+00:00;1,15285;0,88135;0,9286;24,175;382,215;4,2283;1,77805;1,61965;7,4689;8,9758;181,19;11,7341;2,0527;5,0883;11,0025;1,5063;48,8464;19,8267
2025-11-20 11:00:00+00:00;1,15265;0,8817;0,92955;24,175;382,365;4,2322;1,77785;1,61935;7,4688;8,9742;181,43;11,7208;2,0518;5,089;10,9926;1,5064;48,8465;19,8472
2025-11-21 10:00:00+00:00;1,15255;0,88255;0,92815;24,242;384,36;4,2512;1,7914;1,62435;7,469;8,9731;180,61;11,8272;2,0606;5,0894;11,0386;1,5075;48,9159;19,9954
2025-11-21 11:00:00+00:00;1,1521;0,8818;0,92815;24,227;383,77;4,251;1,7897;1,62355;7,469;8,9695;180,65;11,822;2,0586;5,089;11,0358;1,507;48,8885;19,9877
2025-11-24 10:00:00+00:00;1,1533;0,88085;0,93075;24,212;382,945;4,2339;1,78885;1,6276;7,4688;8,977;180,735;11,8192;2,0596;5,0871;11,0038;1,5055;48,964;19,9844
2025-11-24 11:00:00+00:00;1,15405;0,88145;0,93065;24,185;382,585;4,2331;1,78925;1,62835;7,4688;8,9822;180,865;11,809;2,0583;5,0867;11,011;1,5058;48,9845;19,9902
2025-11-25 10:00:00+00:00;1,15335;0,8783;0,93365;24,148;382,085;4,2296;1,7859;1,62795;7,4692;8,9686;180,295;11,8091;2,0569;5,0885;11,0287;1,5023;48,9644;19,9026
2025-11-25 11:00:00+00:00;1,15385;0,879;0,93435;24,147;382,075;4,2292;1,7874;1,6283;7,469;8,9741;180,435;11,8139;2,0585;5,089;11,0368;1,5023;48,9796;19,9
2025-11-26 10:00:00+00:00;1,1573;0,87835;0,93315;24,175;382,055;4,2344;1,78055;1,62975;7,4686;9,0009;181,035;11,8255;2,039;5,0899;11,0192;1,5029;49,1235;19,8526
2025-11-26 11:00:00+00:00;1,1573;0,87935;0,9335;24,18;382,03;4,2323;1,78275;1,63015;7,4687;9,0011;181,09;11,8358;2,0415;5,0901;11,0344;1,5029;49,1257;19,8448
2025-11-27 10:00:00+00:00;1,15775;0,87625;0,93285;24,171;381,745;4,227;1,77455;1,6262;7,4688;9,0046;181,02;11,7986;2,0258;5,0903;10,9863;1,5029;49,1431;19,8903
2025-11-27 11:00:00+00:00;1,1585;0,87595;0,93345;24,158;381,69;4,228;1,7757;1,62665;7,4688;9,0105;181,04;11,7786;2,0289;5,0903;10,9833;1,5034;49,1786;19,8734
2025-11-28 10:00:00+00:00;1,1567;0,87595;0,93265;24,178;381,31;4,2371;1,7728;1,62395;7,4687;9,0039;180,81;11,7638;2,026;5,0904;10,9933;1,5015;49,1753;19,8342
2025-11-28 11:00:00+00:00;1,15595;0,87515;0,9328;24,173;381,43;4,2391;1,7719;1,624;7,4689;8,9979;180,64;11,7652;2,0259;5,0905;10,9866;1,5011;49,1756;19,8292
2025-12-01 10:00:00+00:00;1,16205;0,8783;0,9331;24,15;380,495;4,2284;1,77405;1,6251;7,4688;9,0504;180,47;11,772;2,0254;5,0906;10,9751;1,5054;49,3577;19,8559
2025-12-01 11:00:00+00:00;1,1627;0,8791;0,9334;24,157;380,555;4,2289;1,775;1,62575;7,4686;9,0555;180,52;11,7798;2,0281;5,09;10,9695;1,5061;49,3966;19,8707
2025-12-02 10:00:00+00:00;1,161;0,8789;0,93365;24,169;380,95;4,2405;1,77295;1,62615;7,4684;9,0405;181,07;11,781;2,0304;5,0886;10,9767;1,5062;49,2538;19,8841
2025-12-02 11:00:00+00:00;1,16055;0,8796;0,93425;24,164;381,31;4,2413;1,77295;1,6255;7,4684;9,0367;181,095;11,7853;2,0313;5,0892;10,979;1,5065;49,2428;19,883
2025-12-03 10:00:00+00:00;1,1646;0,87715;0,93365;24,134;380,655;4,2307;1,76935;1,6251;7,4688;9,0661;181,22;11,7558;2,0281;5,0899;10,9462;1,5083;49,4381;19,9141
2025-12-03 11:00:00+00:00;1,16595;0,87795;0,93375;24,133;380,785;4,2319;1,7699;1,626;7,4688;9,0765;181,29;11,7463;2,0286;5,0907;10,9429;1,5096;49,501;19,9274
2025-12-04 10:00:00+00:00;1,16795;0,875;0,9339;24,19;381,655;4,2299;1,76505;1,63015;7,4686;9,09;180,82;11,7661;2,0226;5,0921;10,9621;1,5125;49,574;19,8369
2025-12-04 11:00:00+00:00;1,16675;0,87435;0,934;24,196;382,35;4,2313;1,76505;1,62925;7,4686;9,0815;180,56;11,7582;2,0229;5,0929;10,9546;1,5114;49,5298;19,8412
2025-12-05 10:00:00+00:00;1,16555;0,8733;0,93545;24,19;382,065;4,2323;1,75795;1,62505;7,4688;9,0732;180,56;11,7766;2,0185;5,0923;10,9609;1,5093;49,5549;19,7339
2025-12-05 11:00:00+00:00;1,16505;0,8735;0,93545;24,197;382,0;4,2314;1,75575;1,62455;7,4688;9,0694;180,725;11,7842;2,0168;5,0922;10,9615;1,509;49,5347;19,7364
2025-12-08 10:00:00+00:00;1,1649;0,8747;0,9369;24,237;382,6;4,229;1,7555;1,6102;7,4687;9,0632;181,145;11,7886;2,014;5,0889;10,951;1,5102;49,5602;19,785
2025-12-08 11:00:00+00:00;1,1651;0,8747;0,937;24,238;382,585;4,2299;1,7557;1,61065;7,4689;9,0647;181,18;11,7892;2,015;5,0897;10,951;1,5104;49,5767;19,7821
2025-12-09 10:00:00+00:00;1,1653;0,87315;0,9388;24,268;383,545;4,2335;1,75375;1,6128;7,4689;9,067;181,895;11,774;2,0117;5,0898;10,8861;1,5108;49,6272;19,834
2025-12-09 11:00:00+00:00;1,1644;0,87315;0,939;24,262;383,67;4,2313;1,7541;1,6119;7,4688;9,0599;181,73;11,773;2,0119;5,0894;10,8942;1,5097;49,5698;19,8341
2025-12-10 10:00:00+00:00;1,1634;0,8741;0,937;24,251;383,92;4,2278;1,75;1,6119;7,469;9,0523;182,475;11,817;2,0109;5,0887;10,8822;1,5081;49,5588;19,8084
2025-12-10 11:00:00+00:00;1,16345;0,874;0,9369;24,251;383,675;4,2258;1,7505;1,61175;7,4691;9,0531;182,375;11,8052;2,0115;5,0895;10,8686;1,508;49,548;19,7754
2025-12-11 10:00:00+00:00;1,17015;0,87515;0,9339;24,218;381,83;4,2285;1,75945;1,6155;7,469;9,1068;182,38;11,8127;2,016;5,0897;10,8337;1,5145;49,8692;19,7871
2025-12-11 11:00:00+00:00;1,1707;0,8751;0,93315;24,218;381,19;4,2268;1,75925;1,6159;7,469;9,1105;182,465;11,8337;2,0163;5,0899;10,8357;1,515;49,8915;19,7989
2025-12-12 10:00:00+00:00;1,17315;0,8767;0,93255;24,236;383,8;4,2271;1,7592;1,6143;7,4698;9,1346;182,875;11,8416;2,0175;5,0901;10,8819;1,5152;50,086;19,7726
2025-12-12 11:00:00+00:00;1,17275;0,87675;0,93285;24,233;384,045;4,225;1,7586;1,61345;7,4699;9,1306;182,865;11,8568;2,018;5,0901;10,8922;1,5149;50,0709;19,7775
2025-12-15 10:00:00+00:00;1,17435;0,8772;0,935;24,285;385,12;4,2191;1,7665;1,61655;7,4704;9,1392;182,02;11,8936;2,0299;5,0903;10,908;1,514;50,1464;19,7552
2025-12-15 11:00:00+00:00;1,1742;0,8776;0,935;24,286;385,17;4,2188;1,7669;1,6174;7,4704;9,1379;182,1;11,9083;2,0297;5,0916;10,9161;1,5139;50,1455;19,7421
2025-12-16 10:00:00+00:00;1,17595;0,8767;0,9356;24,332;384,91;4,2236;1,7726;1,6198;7,4713;9,1475;182,05;11,9576;2,0331;5,091;10,9353;1,5167;50,2337;19,7554
2025-12-16 11:00:00+00:00;1,17565;0,8759;0,93595;24,336;384,735;4,2198;1,7717;1,61965;7,4709;9,1454;182,09;11,9745;2,0331;5,0919;10,9499;1,5161;50,2158;19,7274
2025-12-17 10:00:00+00:00;1,17155;0,8792;0,93485;24,34;386,965;4,2161;1,77155;1,614;7,4713;9,1151;182,215;11,96;2,0305;5,0926;10,941;1,5141;50,0515;19,6168
2025-12-17 11:00:00+00:00;1,1726;0,87935;0,93405;24,372;386,705;4,2164;1,7715;1,61605;7,4714;9,1228;182,315;11,9685;2,0297;5,0922;10,9444;1,5149;50,0987;19,6184
2025-12-18 10:00:00+00:00;1,1721;0,87815;0,93355;24,41;389,985;4,2073;1,77435;1,6151;7,4719;9,1204;182,765;11,952;2,0336;5,0913;10,9114;1,5138;50,0916;19,6639
2025-12-18 11:00:00+00:00;1,17245;0,878;0,9322;24,401;389,03;4,2037;1,7742;1,6152;7,4716;9,1233;182,74;11,9556;2,0328;5,0908;10,9069;1,5136;50,1088;19,6568
2025-12-19 10:00:00+00:00;1,17125;0,8753;0,93125;24,363;387,25;4,2091;1,7727;1,61565;7,4712;9,1124;184,16;11,9311;2,0376;5,0894;10,9027;1,514;50,1497;19,6642
2025-12-19 11:00:00+00:00;1,1717;0,87565;0,93135;24,342;386,65;4,2121;1,7732;1,61605;7,4712;9,1168;184,33;11,9298;2,0377;5,0894;10,9146;1,5142;50,1623;19,6566
2025-12-22 10:00:00+00:00;1,17315;0,87355;0,93065;24,332;387,14;4,21;1,7669;1,61565;7,4707;9,1264;184,69;11,889;2,0286;5,0873;10,8607;1,5138;50,2218;19,5947
2025-12-22 11:00:00+00:00;1,17335;0,8735;0,9309;24,341;387,42;4,211;1,76695;1,6154;7,4706;9,1279;184,69;11,8876;2,0286;5,0879;10,8632;1,5139;50,2352;19,5918
2025-12-23 10:00:00+00:00;1,1794;0,87325;0,92965;24,344;391,055;4,2276;1,76215;1,616;7,4703;9,1728;183,92;11,885;2,0202;5,0879;10,8338;1,5152;50,5077;19,6568
2025-12-23 11:00:00+00:00;1,17975;0,87295;0,929;24,357;391,015;4,2259;1,76195;1,61565;7,4703;9,1753;183,88;11,8716;2,0201;5,0904;10,8296;1,5158;50,5312;19,6818
2025-12-24 10:00:00+00:00;1,18;0,87285;0,9277;24,281;389,78;4,2161;1,758;1,6136;7,4695;9,1759;183,82;11,7976;2,0185;5,0893;10,803;1,5139;50,5637;19,6432
2025-12-24 11:00:00+00:00;1,17955;0,87275;0,9282;24,269;389,325;4,2121;1,7574;1,6127;7,4695;9,1711;183,88;11,7936;2,0181;5,089;10,812;1,5139;50,5569;19,6083
2025-12-25 10:00:00+00:00;1,17875;;;;;;;;7,4697;;;;;5,0925;;;;
2025-12-25 11:00:00+00:00;1,17915;;;;;;;;7,4697;9,1673;;;;5,0925;;;;
2025-12-26 10:00:00+00:00;1,17705;0,8728;0,9297;24,252;388,695;4,2185;1,7573;1,6105;7,4696;9,1484;184,165;11,7975;2,0227;5,0901;10,8136;1,5123;50,5672;19,6093
2025-12-26 11:00:00+00:00;1,17745;0,87285;0,9297;24,249;388,915;4,2205;1,7566;1,61095;7,4696;9,151;184,14;11,8021;2,0232;5,0904;10,804;1,512;;19,6313
2025-12-29 10:00:00+00:00;1,17765;0,87295;0,9286;24,252;387,435;4,2274;1,7573;1,61175;7,4686;9,1546;184,16;11,8225;2,0271;5,0919;10,7888;1,5136;50,5663;19,6266
2025-12-29 11:00:00+00:00;1,17635;0,8716;0,92955;24,24;387,565;4,228;1,756;1,6107;7,4686;9,1434;183,965;11,8269;2,027;5,0922;10,7917;1,5117;50,5022;19,5941
2025-12-30 10:00:00+00:00;1,17695;0,87085;0,9285;24,243;386,36;4,2285;1,75535;1,61045;7,4693;9,1588;183,55;11,8072;2,027;5,096;10,8058;1,5104;50,5489;19,5961
2025-12-30 11:00:00+00:00;1,1774;0,8708;0,92815;24,257;386,165;4,2292;1,7551;1,6114;7,4693;9,1646;183,52;11,8248;2,0274;5,0961;10,8173;1,5101;50,5604;19,5907
2025-12-31 10:00:00+00:00;1,1735;0,87325;0,93105;24,205;385,385;4,2267;1,75575;1,60765;7,4685;9,134;183,815;11,8171;2,0351;5,098;10,8122;1,5093;50,4212;19,4952
2025-12-31 11:00:00+00:00;1,17395;0,87335;0,93155;24,197;384,825;4,2237;1,7573;1,6091;7,4689;9,1369;183,925;11,8218;2,037;5,0981;10,8085;1,5102;50,4427;19,4763
2026-01-01 10:00:00+00:00;;;;;;;;;;;;;;5,0973;;;;
2026-01-01 11:00:00+00:00;;;;;;;;;;;;;;5,0973;;;;
2026-01-02 10:00:00+00:00;1,1721;0,87115;0,9303;24,181;383,8;4,2155;1,7498;1,6082;7,4697;9,133;183,93;11,8085;2,0314;5,0896;10,8227;1,5073;50,4339;19,377
2026-01-02 11:00:00+00:00;1,17205;0,8714;0,92985;24,167;383,565;4,2123;1,74985;1,608;7,4696;9,1336;183,825;11,8142;2,0305;5,0895;10,8188;1,5075;50,4354;19,3576
2026-01-05 10:00:00+00:00;1,16825;0,86905;0,9305;24,173;384,33;4,2115;1,74985;1,6093;7,4699;9,0979;183,33;11,7862;2,0316;5,0906;10,7803;1,5043;50,2951;19,2368
2026-01-05 11:00:00+00:00;1,1689;0,8683;0,9289;24,174;384,405;4,2166;1,7485;1,6093;7,4697;9,1042;183,04;11,7863;2,0286;5,0895;10,7736;1,5044;50,3163;19,2462
2026-01-06 10:00:00+00:00;1,1713;0,8653;0,9284;24,215;385,175;4,2152;1,74365;1,61265;7,472;9,1212;183,135;11,7353;2,0223;5,0891;10,7645;1,4987;50,4184;19,1512
2026-01-06 11:00:00+00:00;1,17105;0,86555;0,92835;24,199;385,03;4,2111;1,7437;1,6119;7,4724;9,1197;183,235;11,7303;2,023;5,0892;10,7628;1,4988;50,4138;19,1855
2026-01-07 10:00:00+00:00;1,1686;0,86595;0,93;24,23;384,9;4,2104;1,73415;1,61405;7,4725;9,101;182,845;11,7619;2,019;5,088;10,7534;1,4979;50,3128;19,202
2026-01-07 11:00:00+00:00;1,1688;0,8659;0,9303;24,236;384,74;4,2108;1,73475;1,61345;7,4725;9,1012;182,945;11,7495;2,019;5,0887;10,7497;1,4979;50,3139;19,1886
2026-01-08 10:00:00+00:00;1,16785;0,8689;0,93145;24,277;384,825;4,2119;1,74465;1,62035;7,4725;9,1011;183,055;11,8228;2,0326;5,0865;10,7707;1,4996;50,246;19,2684
2026-01-08 11:00:00+00:00;1,1679;0,8685;0,9308;24,267;385,07;4,2114;1,7435;1,6198;7,4725;9,1011;182,99;11,8092;2,0313;5,0867;10,7544;1,4997;50,2866;19,2329
2026-01-09 10:00:00+00:00;1,1643;0,86815;0,9316;24,322;385,885;4,2136;1,74235;1,6152;7,4725;9,0765;183,635;11,7489;2,0319;5,0882;10,7445;1,4981;50,2375;19,2693
2026-01-09 11:00:00+00:00;1,1646;0,86855;0,9315;24,304;385,725;4,2111;1,74325;1,61525;7,4726;9,0783;183,61;11,7541;2,0331;5,0886;10,742;1,4987;50,2376;19,2687
2026-01-12 10:00:00+00:00;1,16815;0,86825;0,93095;24,286;386,075;4,2096;1,74195;1,6212;7,4724;9,1086;184,42;11,763;2,0298;5,0896;10,7187;1,5025;50,4003;19,1858
2026-01-12 11:00:00+00:00;1,1685;0,8676;0,9314;24,296;386,63;4,2114;1,74125;1,62145;7,4725;9,1106;184,46;11,7509;2,0292;5,0903;10,7205;1,5027;50,4039;19,1737
2026-01-13 10:00:00+00:00;1,16745;0,86585;0,9311;24,266;385,97;4,2117;1,7408;1,61975;7,4723;9,1067;185,515;11,7605;2,0229;5,0892;10,7111;1,5025;50,3919;19,1537
2026-01-13 11:00:00+00:00;1,1666;0,8661;0,9314;24,27;385,92;4,2106;1,74155;1,6196;7,4724;9,1009;185,3;11,7627;2,0243;5,0892;10,7103;1,5017;50,3608;19,1629
2026-01-14 10:00:00+00:00;1,165;0,8659;0,93465;24,217;385,365;4,2119;1,7404;1,61835;7,4722;9,0846;184,94;11,7453;2,0276;5,09;10,728;1,4999;50,2899;19,075
2026-01-14 11:00:00+00:00;1,1654;0,8663;0,93355;24,22;386,01;4,2131;1,7434;1,61835;7,4722;9,0875;184,92;11,7357;2,0297;5,0892;10,7263;1,5007;50,3175;19,1266
2026-01-15 10:00:00+00:00;1,16365;0,866;0,93145;24,244;385,79;4,2071;1,7379;1,61775;7,472;9,0766;184,305;11,7243;2,0238;5,0883;10,6814;1,4978;50,2611;19,0512
2026-01-15 11:00:00+00:00;1,16355;0,86695;0,9314;24,257;385,75;4,2082;1,737;1,61725;7,472;9,0756;184,375;11,7179;2,0232;5,089;10,6884;1,4975;50,266;19,0281
2026-01-16 10:00:00+00:00;1,16095;0,86645;0,9314;24,291;385,93;4,2194;1,73225;1,61315;7,472;9,0554;183,655;11,7205;2,0158;5,09;10,7178;1,4955;50,2445;19,0397
2026-01-16 11:00:00+00:00;1,16135;0,8663;0,93105;24,275;385,35;4,2215;1,73165;1,61345;7,4715;9,058;183,66;11,7075;2,0158;5,0895;10,7047;1,4955;50,2606;19,0315
2026-01-19 10:00:00+00:00;1,1624;0,86705;0,9285;24,294;385,915;4,224;1,7356;1,61395;7,4713;9,064;183,58;11,7292;2,0123;5,0914;10,7287;1,4943;50,2987;19,1115
2026-01-19 11:00:00+00:00;1,1624;0,86685;0,92855;24,284;386,15;4,225;1,7348;1,61425;7,4714;9,0635;183,54;11,7412;2,0103;5,0914;10,7376;1,4939;50,3054;19,1192
2026-01-20 10:00:00+00:00;1,1729;0,87025;0,9271;24,315;385,425;4,2274;1,74355;1,6217;7,4707;9,1455;184,985;11,749;2,0098;5,0929;10,7303;1,5041;50,7649;19,2919
2026-01-20 11:00:00+00:00;1,1731;0,8702;0,9256;24,317;385,74;4,2284;1,7423;1,62175;7,4708;9,1484;185,13;11,7431;2,0095;5,0928;10,7103;1,5041;50,7654;19,2943
2026-01-21 10:00:00+00:00;1,1704;0,87275;0,92805;24,356;385,56;4,2272;1,7346;1,6198;7,4704;9,1268;184,945;11,6821;2,0031;5,0951;10,6954;1,5027;50,6787;19,1292
2026-01-21 11:00:00+00:00;1,1706;0,8732;0,92735;24,338;385,45;4,2264;1,7354;1,6198;7,4705;9,1287;184,985;11,6682;2,004;5,0954;10,682;1,5027;50,6739;19,1328
2026-01-22 10:00:00+00:00;1,1694;0,86965;0,92765;24,327;383,87;4,2118;1,71905;1,61645;7,4693;9,1198;185,585;11,5796;1,9935;5,0943;10,5964;1,5014;50,6424;18,925
2026-01-22 11:00:00+00:00;1,16935;0,8696;0,9278;24,327;383,655;4,2117;1,7193;1,6163;7,4691;9,1178;185,505;11,578;1,9916;5,094;10,5982;1,5011;;18,9425
2026-01-23 10:00:00+00:00;1,17345;0,86745;0,9284;24,264;382,54;4,2049;1,71575;1,61845;7,4692;9,1505;185,485;11,5761;1,9899;5,0944;10,6005;1,5013;50,8937;18,957
2026-01-23 11:00:00+00:00;1,17355;0,8676;0,9277;24,251;382,485;4,2063;1,7143;1,61745;7,4692;9,151;185,665;11,571;1,9891;5,0944;10,595;1,5014;50,8804;18,9624
2026-01-26 10:00:00+00:00;1,1865;0,86785;0,9204;24,254;382,3;4,2116;1,71385;1,62245;7,4681;9,2514;182,32;11,569;1,9868;5,0961;10,5982;1,5044;51,4605;18,9955
2026-01-26 11:00:00+00:00;1,186;0,8676;0,9215;24,248;381,965;4,2068;1,7136;1,6223;7,468;9,2477;182,125;11,5887;1,9865;5,0963;10,6111;1,5044;51,4489;18,9922
2026-01-27 10:00:00+00:00;1,18865;0,86785;0,92235;24,229;382,07;4,2035;1,716;1,6294;7,4677;9,2738;182,785;11,5914;1,9902;5,0964;10,5974;1,5062;51,5912;19,0308
2026-01-27 11:00:00+00:00;1,18885;0,86755;0,9216;24,234;381,955;4,203;1,7159;1,6296;7,4676;9,2744;182,78;11,5927;1,9892;5,0961;10,6063;1,5059;51,6004;19,0574
2026-01-28 10:00:00+00:00;1,19895;0,86955;0,91935;24,267;380,195;4,2002;1,71185;1,62605;7,4666;9,3533;183,05;11,5321;1,9872;5,0959;10,5624;1,5114;52,0474;19,0732
2026-01-28 11:00:00+00:00;1,19865;0,8693;0,9196;24,302;380,515;4,2029;1,7104;1,6253;7,4668;9,3518;182,89;11,5379;1,9857;5,096;10,5691;1,511;52,0363;19,0369
2026-01-29 10:00:00+00:00;1,1956;0,86615;0,91795;24,302;381,445;4,2064;1,69455;1,6181;7,4666;9,3325;183,285;11,4522;1,9708;5,0953;10,5863;1,5114;51,9295;18,8331
2026-01-29 11:00:00+00:00;1,1942;0,86645;0,9176;24,324;381,7;4,2074;1,6984;1,6192;7,4668;9,3205;183,225;11,4462;1,9731;5,0954;10,5766;1,5112;51,8594;18,8458
2026-01-30 10:00:00+00:00;1,1909;0,86705;0,9167;24,33;381,65;4,2135;1,7066;1,61275;7,4674;9,2989;183,695;11,4516;1,9724;5,0971;10,5556;1,5111;51,8169;19,0586
2026-01-30 11:00:00+00:00;1,19215;0,86715;0,91645;24,335;381,71;4,2123;1,70385;1,6135;7,4672;9,3087;183,79;11,4447;1,9705;5,0961;10,5577;1,5116;51,8582;19,0241
2026-02-02 10:00:00+00:00;1,18625;0,86535;0,91885;24,291;380,5;4,2106;1,7038;1,6171;7,4694;9,266;183,615;11,4642;1,9698;5,096;10,5714;1,5069;51,5951;19,0346
2026-02-02 11:00:00+00:00;1,18675;0,86605;0,9204;24,31;380,94;4,2174;1,7057;1,6179;7,4694;9,269;183,67;11,4673;1,9721;5,0957;10,5815;1,5076;51,6129;19,046
2026-02-03 10:00:00+00:00;1,17935;0,86285;0,91845;24,293;380,58;4,2197;1,683;1,6136;7,4688;9,2149;183,82;11,4319;1,9542;5,0953;10,5598;1,4987;51,2991;18,8891
2026-02-03 11:00:00+00:00;1,17885;0,8632;0,91775;24,308;380,65;4,2212;1,684;1,613;7,4688;9,2115;183,805;11,4336;1,9555;5,0948;10,5628;1,4985;51,2796;18,9032
2026-02-04 10:00:00+00:00;1,1818;0,8619;0,91715;24,358;380,905;4,2239;1,68275;1,61265;7,4683;9,2344;185,115;11,3999;1,9616;5,0949;10,5788;1,5026;51,4125;18,8847
2026-02-04 11:00:00+00:00;1,1814;0,8615;0,91735;24,361;380,875;4,2272;1,6832;1,6141;7,468;9,2294;185,16;11,41;1,9628;5,0942;10,5819;1,5026;51,3966;18,8955
2026-02-05 10:00:00+00:00;1,17825;0,86865;0,9172;24,326;379,215;4,2177;1,69115;1,614;7,4669;9,2033;185,365;11,4264;1,97;5,0946;10,6128;1,5016;51,2987;19,021
2026-02-05 11:00:00+00:00;1,1787;0,86755;0,9168;24,311;379,405;4,2168;1,6901;1,61375;7,4666;9,2075;185,335;11,4161;1,968;5,0947;10,6163;1,5017;51,3184;19,0503
2026-02-06 10:00:00+00:00;1,1793;0,86855;0,91795;24,224;378,53;4,2163;1,6907;1,61345;7,4671;9,215;185,24;11,459;1,9698;5,0915;10,6697;1,502;51,4418;19,0624
2026-02-06 11:00:00+00:00;1,1792;0,86845;0,91725;24,219;378,425;4,2144;1,6905;1,61375;7,4671;9,2148;185,115;11,4741;1,9698;5,0918;10,6651;1,5014;51,4284;19,0599
2026-02-09 10:00:00+00:00;1,18625;0,87215;0,91635;24,216;377,165;4,2142;1,6864;1,6185;7,4694;9,2719;185,82;11,4614;1,9733;5,093;10,6692;1,5058;51,7096;19,0119
2026-02-09 11:00:00+00:00;1,1858;0,8716;0,91605;24,228;377,495;4,2148;1,68925;1,6186;7,4689;9,2681;185,865;11,4606;1,9749;5,0931;10,6732;1,5059;51,6962;19,0474
2026-02-10 10:00:00+00:00;1,1916;0,8717;0,9124;24,25;377,335;4,2149;1,68445;1,61625;7,4709;9,3155;185,035;11,368;1,9709;5,0909;10,6388;1,5078;51,9893;18,9697
2026-02-10 11:00:00+00:00;1,191;0,8716;0,91225;24,246;377,74;4,2144;1,68385;1,6151;7,4712;9,3104;184,775;11,3476;1,9708;5,0909;10,6321;1,5075;51,9672;18,9683
2026-02-11 10:00:00+00:00;1,1918;0,8703;0,91245;24,253;378,455;4,2177;1,6755;1,61025;7,4702;9,3176;182,56;11,2786;1,9654;5,0911;10,5562;1,5039;52,0177;18,9124
2026-02-11 11:00:00+00:00;1,192;0,86975;0,91305;24,252;378,755;4,2153;1,67405;1,6103;7,4702;9,3184;182,76;11,2677;1,9636;5,0908;10,5531;1,5041;52,0202;18,8947
2026-02-12 10:00:00+00:00;1,1886;0,8709;0,91285;24,247;380,63;4,2127;1,6687;1,61215;7,4707;9,2915;181,77;11,2737;1,9578;5,0926;10,5622;1,4986;51,8784;18,8824
2026-02-12 11:00:00+00:00;1,18765;0,8708;0,91225;24,248;380,235;4,2162;1,6675;1,6112;7,471;9,2838;181,82;11,2726;1,9567;5,0927;10,5543;1,4978;51,8442;18,8727
2026-02-13 10:00:00+00:00;1,18605;0,87065;0,913;24,257;378,41;4,2142;1,67705;1,61355;7,4702;9,2732;182,055;11,2979;1,9644;5,0942;10,5972;1,499;51,8772;19,024
2026-02-13 11:00:00+00:00;1,18565;0,8707;0,9124;24,26;378,97;4,2138;1,67915;1,6147;7,4705;9,2703;181,9;11,2935;1,9654;5,0944;10,6058;1,4988;51,8608;19,0416
2026-02-16 10:00:00+00:00;1,18655;0,8695;0,9131;24,25;377,67;4,2081;1,67505;1,61575;7,4704;9,2757;182,215;11,2919;1,9645;5,0949;10,6068;1,4975;51,8636;18,9159
2026-02-16 11:00:00+00:00;1,18665;0,86935;0,9135;24,25;377,52;4,2097;1,6748;1,61575;7,4716;9,2766;182,195;11,2904;1,964;5,0956;10,6163;1,4975;51,864;18,9157
2026-02-17 10:00:00+00:00;1,1843;0,87145;0,9111;24,263;378,21;4,2183;1,6747;1,61585;7,4704;9,2566;181,08;11,2544;1,9601;5,0966;10,623;1,4946;51,793;18,9743
2026-02-17 11:00:00+00:00;1,1843;0,87105;0,91125;24,268;377,785;4,2161;1,6759;1,61555;7,471;9,2569;181,19;11,2503;1,9579;5,0965;10,6238;1,4952;51,7941;18,9994
2026-02-18 10:00:00+00:00;1,18365;0,87185;0,91315;24,263;377,765;4,2153;1,67205;1,6162;7,4713;9,2517;181,96;11,243;1,969;5,093;10,6312;1,4961;51,7847;18,9123
2026-02-18 11:00:00+00:00;1,18325;0,87215;0,91345;24,258;377,78;4,2157;1,673;1,61575;7,4714;9,2487;181,985;11,2374;1,9705;5,0935;10,6412;1,496;51,766;18,9092
2026-02-19 10:00:00+00:00;1,1801;0,87375;0,9125;24,24;379,145;4,2219;1,67135;1,6136;7,4713;9,2226;182,675;11,2542;1,9746;5,0959;10,659;1,4951;51,6516;19,0451
2026-02-19 11:00:00+00:00;1,1788;0,87405;0,9121;24,241;379,435;4,2243;1,67125;1,6126;7,4714;9,2125;182,39;11,2473;1,9734;5,0957;10,6651;1,494;51,5944;19,0464
2026-02-20 10:00:00+00:00;1,1766;0,8737;0,9125;24,244;379,04;4,2241;1,6671;1,6107;7,4718;9,1946;182,86;11,2676;1,9752;5,0977;10,6588;1,4932;51,594;18,9665
2026-02-20 11:00:00+00:00;1,1763;0,87305;0,91305;24,241;379,23;4,2239;1,66765;1,61015;7,4718;9,1928;182,495;11,2674;1,9744;5,0976;10,6711;1,4924;51,5777;18,9524
2026-02-23 10:00:00+00:00;1,1801;0,8735;0,9137;24,22;379,88;4,2169;1,6659;1,61325;7,4714;9,2259;182,695;11,2654;1,9735;5,0969;10,6806;1,4933;51,7228;18,854
2026-02-23 11:00:00+00:00;1,17975;0,87355;0,91415;24,231;379,765;4,2159;1,6672;1,6134;7,4715;9,2248;182,63;11,272;1,975;5,097;10,6941;1,4932;51,7126;18,8708
2026-02-24 10:00:00+00:00;1,1787;0,8732;0,9123;24,234;379,045;4,2195;1,66865;1,61445;7,471;9,2203;183,74;11,254;1,9751;5,0954;10,6728;1,4928;51,695;18,8324
2026-02-24 11:00:00+00:00;1,1784;0,87345;0,9117;24,229;379,095;4,2189;1,6703;1,6149;7,4708;9,2182;183,665;11,259;1,9762;5,095;10,6867;1,4925;51,683;18,823
2026-02-25 10:00:00+00:00;1,1787;0,87185;0,9125;24,217;376,59;4,2166;1,663;1,6139;7,4712;9,217;184,575;11,2926;1,9737;5,094;10,652;1,4917;51,7147;18,7693
2026-02-25 11:00:00+00:00;1,178;0,87185;0,91255;24,219;376,04;4,2207;1,6635;1,61355;7,4713;9,2129;184,665;11,3021;1,974;5,0956;10,668;1,4911;51,688;18,7607
2026-02-26 10:00:00+00:00;1,17965;0,87215;0,91315;24,245;375,17;4,2222;1,6575;1,61335;7,4719;9,2286;184,12;11,2919;1,9704;5,0953;10,6677;1,4907;51,771;18,7417
2026-02-26 11:00:00+00:00;1,18;0,8717;0,9139;24,24;375,265;4,223;1,6585;1,6138;7,4719;9,2315;184,02;11,2992;1,9708;5,0953;10,6688;1,491;51,7781;18,7512
2026-02-27 10:00:00+00:00;1,17965;0,87475;0,9117;24,247;375,685;4,2226;1,6584;1,6125;7,4722;9,2301;184,11;11,2071;1,9703;5,095;10,6553;1,493;51,8532;18,7848
2026-02-27 11:00:00+00:00;1,17985;0,8756;0,91175;24,25;375,46;4,222;1,65955;1,6132;7,4722;9,2314;184,035;11,2291;1,9715;5,0949;10,6803;1,4935;51,8711;18,7713
2026-03-02 10:00:00+00:00;1,1738;0,87755;0,90605;24,258;379,2;4,231;1,6578;1,6024;7,4715;9,1817;184,245;11,1763;1,9711;5,0976;10,6997;1,492;51,6009;18,8861
2026-03-02 11:00:00+00:00;1,17385;0,87575;0,9073;24,258;378,705;4,2283;1,65595;1,6025;7,4715;9,1825;184,19;11,1859;1,9688;5,0977;10,6944;1,4921;51,6097;18,8614
2026-03-03 10:00:00+00:00;1,16075;0,87275;0,9121;24,34;385,14;4,274;1,64845;1,5902;7,4704;9,0626;183,035;11,2288;1,9708;5,1199;10,7273;1,4832;51,0313;18,9286
2026-03-03 11:00:00+00:00;1,15905;0,87255;0,9125;24,342;387,785;4,2816;1,6502;1,58915;7,4704;9,045;182,915;11,2615;1,9737;5,0984;10,7527;1,4823;50,9741;18,9727
2026-03-04 10:00:00+00:00;1,1612;0,8689;0,90955;24,369;385,575;4,2679;1,6491;1,58765;7,4717;9,0792;182,48;11,1943;1,9645;5,0978;10,7181;1,482;51,043;19,0303
2026-03-04 11:00:00+00:00;1,16335;0,86955;0,9088;24,354;384,95;4,2659;1,6507;1,5903;7,4717;9,0943;182,985;11,2256;1,9677;5,0963;10,707;1,4834;51,1329;19,0243
2026-03-05 10:00:00+00:00;1,1624;0,87035;0,90535;24,391;386,25;4,2744;1,65015;1,586;7,4716;9,0916;182,65;11,2197;1,963;5,0941;10,689;1,4833;51,1351;19,129
2026-03-05 11:00:00+00:00;1,1608;0,86965;0,90625;24,389;386,195;4,272;1,6476;1,58355;7,4716;9,0795;182,625;11,2142;1,9613;5,0937;10,6876;1,482;51,0747;19,1318
2026-03-06 10:00:00+00:00;1,1573;0,8688;0,9052;24,38;391,185;4,2791;1,65345;1,582;7,4709;9,0502;182,735;11,1799;1,971;5,0937;10,6993;1,4824;51,0278;19,3048
2026-03-06 11:00:00+00:00;1,1577;0,8678;0,9049;24,387;392,54;4,2786;1,6514;1,58145;7,4709;9,0526;182,77;11,1782;1,9688;5,0945;10,6928;1,4823;51,0299;19,2569
2026-03-09 10:00:00+00:00;1,15535;0,8661;0,90045;24,423;397,045;4,2821;1,6466;1,56545;7,4709;9,0307;183,025;11,1322;1,9551;5,0978;10,6788;1,479;50,938;19,348
2026-03-09 11:00:00+00:00;1,15605;0,8662;0,9001;24,414;397,875;4,2795;1,64765;1,56505;7,4709;9,0363;183,175;11,1607;1,9569;5,0978;10,6915;1,48;50,9667;19,3829
2026-03-10 10:00:00+00:00;1,165;0,86585;0,9036;24,359;384,795;4,2547;1,63855;1,5822;7,4707;9,1156;183,695;11,1831;1,9628;5,0937;10,6257;1,4824;51,3231;18,9785
2026-03-10 11:00:00+00:00;1,1639;0,8653;0,9035;24,362;386,24;4,2564;1,6373;1,57965;7,4707;9,1068;183,635;11,163;1,9608;5,0954;10,6063;1,4806;51,2713;18,9516
2026-03-11 10:00:00+00:00;1,15925;0,8642;0,90255;24,405;388,19;4,2736;1,62195;1,5735;7,4717;9,0735;183,725;11,1688;1,9585;5,0938;10,6637;1,4766;51,1084;19,0265
2026-03-11 11:00:00+00:00;1,16075;0,8632;0,90355;24,382;386,155;4,2586;1,6204;1,5748;7,4717;9,0847;183,72;11,1833;1,9569;5,0934;10,6579;1,4769;51,179;18,9444
2026-03-12 10:00:00+00:00;1,15595;0,8631;0,9022;24,396;387,63;4,2628;1,6195;1,57045;7,4722;9,0477;183,49;11,1722;1,9565;5,0939;10,6973;1,4734;50,9948;19,0942
2026-03-12 11:00:00+00:00;1,15585;0,863;0,9025;24,402;387,585;4,2591;1,6199;1,5707;7,4722;9,0472;183,43;11,1841;1,957;5,0935;10,7055;1,4737;50,9725;19,1144
2026-03-13 10:00:00+00:00;1,14555;0,86365;0,90305;24,439;392,305;4,2695;1,62795;1,5658;7,4723;8,9673;182,68;11,1603;1,9686;5,0947;10,7748;1,4674;50,6206;19,2818
2026-03-13 11:00:00+00:00;1,1461;0,8643;0,9031;24,435;391,865;4,2668;1,6275;1,56745;7,4728;8,9713;182,66;11,1811;1,9679;5,0946;10,7753;1,4674;50,6461;19,2328
2026-03-16 10:00:00+00:00;1,14485;0,86415;0,9037;24,438;391,79;4,2703;1,63;1,56845;7,472;8,9653;182,41;11,135;1,9664;5,0938;10,7755;1,4663;50,5953;19,3281
2026-03-16 11:00:00+00:00;1,14725;0,86455;0,9044;24,432;390,42;4,2624;1,6277;1,57075;7,4719;8,9838;182,695;11,1472;1,9651;5,0943;10,7643;1,4676;50,6895;19,2718
2026-03-17 10:00:00+00:00;1,1511;0,8633;0,90595;24,448;390,72;4,2657;1,62425;1,5764;7,4724;9,0218;183,19;11,0863;1,9703;5,0938;10,7137;1,4712;50,9244;19,2164
2026-03-17 11:00:00+00:00;1,1505;0,8635;0,90535;24,463;391,215;4,2671;1,62385;1,5762;7,4725;9,0161;183,09;11,0872;1,9709;5,0931;10,7234;1,4707;50,8684;19,2862
2026-03-18 10:00:00+00:00;1,15385;0,86375;0,9071;24,433;388,665;4,2616;1,6225;1,5798;7,4724;9,0445;183,42;11,0639;1,9679;5,0934;10,7253;1,4727;51,0175;19,1891
2026-03-18 11:00:00+00:00;1,1541;0,8641;0,907;24,444;389,62;4,2634;1,62485;1,5808;7,4722;9,0465;183,53;11,078;1,9703;5,0937;10,7416;1,4736;51,0317;19,2321
2026-03-19 10:00:00+00:00;1,14775;0,864;0,9109;24,488;392,49;4,2805;1,6267;1,57615;7,4724;8,9903;182,645;11,0008;1,9715;5,0965;10,7839;1,4717;50,8674;19,3738
2026-03-19 11:00:00+00:00;1,14735;0,864;0,91275;24,507;392,78;4,2793;1,6274;1,57585;7,4718;8,9886;182,6;10,9988;1,9731;5,0963;10,7842;1,472;50,8514;19,4133
2026-03-20 10:00:00+00:00;1,15445;0,863;0,9107;24,512;393,47;4,2778;1,63435;1,584;7,4714;9,0456;183,395;11,0291;1,9699;5,0947;10,7726;1,4783;51,1455;19,5795
2026-03-20 11:00:00+00:00;1,15575;0,86405;0,91085;24,512;393,17;4,2792;1,63605;1,58625;7,4715;9,0566;183,45;11,0367;1,972;5,0952;10,7767;1,4793;51,2069;19,5699
2026-03-23 10:00:00+00:00;1,14935;0,8664;0,91175;24,528;394,775;4,2873;1,656;1,5802;7,4717;8,999;183,405;11,1719;1,9887;5,0983;10,8813;1,4776;50,9489;19,7661
2026-03-23 11:00:00+00:00;1,149;0,86615;0,912;24,516;394,05;4,2862;1,65895;1,5798;7,4717;8,9964;183,38;11,2275;1,9918;5,0989;10,9041;1,4777;50,9346;19,7369
2026-03-24 10:00:00+00:00;1,15955;0,86505;0,9121;24,481;389,445;4,2737;1,6631;1,5933;7,4715;9,079;183,95;11,2592;1,9892;5,097;10,8269;1,4829;51,4295;19,6876
2026-03-24 11:00:00+00:00;1,15925;0,8647;0,91305;24,486;389,75;4,2717;1,66115;1,5919;7,4715;9,0751;183,96;11,2342;1,986;5,0958;10,8047;1,4823;51,3982;19,6665
2026-03-25 10:00:00+00:00;1,16025;0,8658;0,91625;24,423;388,755;4,2665;1,6644;1,60025;7,4722;9,0739;184,34;11,2941;1,9935;5,0958;10,8135;1,4844;51,4579;19,577
2026-03-25 11:00:00+00:00;1,16055;0,8653;0,91565;24,42;389,405;4,2646;1,6658;1,6008;7,4716;9,0735;184,395;11,2971;1,9941;5,095;10,7973;1,4845;51,479;19,586
2026-03-26 10:00:00+00:00;1,15585;0,86565;0,91555;24,465;387,825;4,2709;1,6662;1,598;7,4719;9,0435;184,38;11,1724;1,9965;5,096;10,8373;1,4835;;19,6711
2026-03-26 11:00:00+00:00;1,15585;0,8655;0,9152;24,466;388,235;4,2734;1,66675;1,5982;7,472;9,0427;184,335;11,1531;1,9969;5,0956;10,8233;1,4833;51,2865;19,6638
2026-03-27 10:00:00+00:00;1,152;0,8657;0,91855;24,531;389,185;4,2868;1,67095;1,59585;7,4721;9,0221;184,175;11,1584;1,997;5,0973;10,8643;1,4824;51,2068;19,7471
2026-03-27 11:00:00+00:00;1,151;0,8654;0,918;24,547;389,715;4,2878;1,67015;1,59425;7,4722;9,0168;184,085;11,1554;1,9968;5,0988;10,8683;1,4817;51,1843;19,8009
2026-03-30 10:00:00+00:00;1,14925;0,8684;0,91915;24,541;389,91;4,2866;1,6761;1,5992;7,4726;9,0041;183,43;11,2534;2,009;5,0983;10,9106;1,4824;51,1124;19,7372
2026-03-30 11:00:00+00:00;1,1489;0,86845;0,9185;24,545;389,5;4,2887;1,6755;1,5983;7,4727;9,0007;183,37;11,216;2,0081;5,0987;10,9063;1,482;51,0938;19,7142
2026-03-31 10:00:00+00:00;1,14695;0,86785;0,91795;24,525;386,295;4,2911;1,6728;1,59905;7,473;8,9917;183,105;11,2223;2,0093;5,099;10,9608;1,4802;51,0117;19,6582
2026-03-31 11:00:00+00:00;1,146;0,86815;0,9179;24,527;385,735;4,295;1,6726;1,59795;7,473;8,9836;183,045;11,2167;2,0092;5,0993;10,9699;1,4796;50,9775;19,6522
2026-04-01 10:00:00+00:00;1,1597;0,87215;0,9196;24,512;382,24;4,2827;1,67035;1,6103;7,4727;9,0909;183,965;11,1977;2,0106;5,0982;10,8924;1,4876;51,5815;19,4912
2026-04-01 11:00:00+00:00;1,15995;0,87215;0,919;24,51;382,085;4,2817;1,67055;1,6115;7,4727;9,0919;183,825;11,2178;2,0115;5,0967;10,8961;1,4878;51,5967;19,4752
2026-04-02 10:00:00+00:00;1,15245;0,8731;0,9217;24,535;383,505;4,2886;1,67625;1,60375;7,4723;9,0337;183,87;11,2188;2,0167;5,0983;10,9421;1,4831;51,2873;19,5584
2026-04-02 11:00:00+00:00;1,15125;0,873;0,9218;24,526;383,96;4,2852;1,6773;1,60345;7,4722;9,023;183,815;11,2311;2,0183;5,0982;10,9426;1,4826;51,2342;19,5562
2026-04-03 10:00:00+00:00;1,1543;0,8722;0,9213;24,51;385,175;4,2776;1,6714;1,6068;7,4726;9,0464;184,205;11,2504;2,0225;5,0974;10,8857;1,4839;51,482;19,5814
2026-04-03 11:00:00+00:00;1,1545;0,8724;0,9215;24,51;384,965;4,2788;1,67175;1,6074;7,4726;9,0481;184,24;11,257;2,0225;5,0974;10,8923;1,4841;51,4751;19,5907
2026-04-06 10:00:00+00:00;1,155;0,87195;0,92155;24,5;382,18;4,2686;1,6674;1,6078;7,4726;9,0519;184,15;11,239;2,0191;5,096;10,8818;1,4829;51,5509;19,4459
2026-04-06 11:00:00+00:00;1,1549;0,872;0,92125;24,5;382,88;4,2679;1,6672;1,608;7,4727;9,0509;184,16;11,2489;2,0193;5,0962;10,8745;1,483;51,5077;19,4562
2026-04-07 10:00:00+00:00;1,15625;0,8716;0,92335;24,502;381,045;4,2708;1,6657;1,6095;7,4728;9,0597;184,585;11,2141;2,0237;5,0959;10,97;1,4839;51,5801;19,4547
2026-04-07 11:00:00+00:00;1,15525;0,8724;0,9239;24,526;381,04;4,2717;1,66705;1,60815;7,4728;9,0523;184,59;11,2099;2,0251;5,0954;11,0001;1,484;51,5399;19,5182
2026-04-08 10:00:00+00:00;1,16805;0,86995;0,92155;24,411;379,245;4,2593;1,6602;1,62025;7,4728;9,15;185,11;11,1865;2,008;5,095;10,8313;1,4896;52,0155;19,217
2026-04-08 11:00:00+00:00;1,1688;0,86965;0,9218;24,398;377,395;4,2588;1,6609;1,621;7,4728;9,1547;185,19;11,1615;2,0079;5,0942;10,8301;1,49;52,0394;19,1872
2026-04-09 10:00:00+00:00;1,16755;0,8711;0,9236;24,402;377,92;4,2578;1,66025;1,6177;7,4728;9,1468;185,62;11,1222;2,0017;5,0934;10,8761;1,4889;52,0735;19,2171
2026-04-09 11:00:00+00:00;1,167;0,87115;0,9238;24,402;377,815;4,2586;1,66;1,6164;7,4728;9,1435;185,65;11,1189;2,0017;5,093;10,887;1,4884;52,0397;19,2352
2026-04-10 10:00:00+00:00;1,17115;0,87135;0,92495;24,379;377,455;4,2469;1,65695;1,62035;7,4728;9,1742;186,485;11,1192;2,0045;5,0912;10,8631;1,4923;52,3328;19,2372
2026-04-10 11:00:00+00:00;1,1713;0,87175;0,9246;24,369;377,495;4,2442;1,65725;1,62075;7,4727;9,1741;186,475;11,1325;2,005;5,091;10,8497;1,4924;52,3339;19,2214
2026-04-13 10:00:00+00:00;1,16865;0,8702;0,92365;24,382;367,135;4,2525;1,65835;1,6178;7,4726;9,1528;186,67;11,0928;2,0048;5,0925;10,8866;1,4908;52,2542;19,3175
2026-04-13 11:00:00+00:00;1,16945;0,8704;0,92385;24,376;367,055;4,2535;1,6585;1,6185;7,4727;9,1589;186,745;11,0996;2,0051;5,0919;10,8856;1,4916;52,3;19,3199
2026-04-14 10:00:00+00:00;1,1789;0,87055;0,92035;24,358;363,34;4,2438;1,6571;1,6223;7,4727;9,2355;187,4;11,1181;1,9991;5,0914;10,8017;1,4995;52,7448;19,2931
2026-04-14 11:00:00+00:00;1,1797;0,8699;0,9211;24,37;363,49;4,2451;1,65695;1,6226;7,4726;9,2407;187,365;11,1049;2,001;5,0913;10,8109;1,5;52,7759;19,3116
2026-04-15 10:00:00+00:00;1,17815;0,86925;0,92105;24,357;364,09;4,2388;1,64965;1,6227;7,4729;9,2302;187,215;11,1206;1,9971;5,0909;10,8508;1,4985;52,7217;19,2822
2026-04-15 11:00:00+00:00;1,1776;0,8692;0,92145;24,352;364,43;4,2409;1,6501;1,6227;7,4729;9,2265;187,195;11,1079;1,9959;5,0913;10,8392;1,4984;52,7031;19,3125
2026-04-16 10:00:00+00:00;1,1779;0,8701;0,92325;24,35;364,915;4,2421;1,64285;1,61695;7,4731;9,2198;187,345;11,0728;1,9996;5,0916;10,8226;1,4982;52,7309;19,3162
2026-04-16 11:00:00+00:00;1,17815;0,8697;0,9234;24,347;364,78;4,2433;1,64365;1,6175;7,4732;9,221;187,32;11,0704;2,0004;5,0931;10,8304;1,4986;52,729;19,3163
2026-04-17 10:00:00+00:00;1,1792;0,87145;0,9227;24,324;363,5;4,2314;1,64435;1,613;7,473;9,2342;187,56;11,0404;2,0035;5,0989;10,8134;1,5002;52,907;19,3088
2026-04-17 11:00:00+00:00;1,1795;0,8721;0,92295;24,324;363,23;4,2324;1,6448;1,61375;7,4732;9,2368;187,72;11,0409;2,0049;5,0988;10,8113;1,5008;52,9136;19,3214
2026-04-20 10:00:00+00:00;1,1765;0,8706;0,9192;24,296;362,06;4,2345;1,6438;1,6106;7,4735;9,2129;186,975;10,9873;2,0008;5,0991;10,7804;1,4959;52,7995;19,2699
2026-04-20 11:00:00+00:00;1,1771;0,87075;0,9195;24,282;361,94;4,2335;1,64495;1,61155;7,4735;9,2169;187,06;10,9829;2,0022;5,0988;10,776;1,4964;52,8272;19,2708
2026-04-21 10:00:00+00:00;1,1758;0,87095;0,91715;24,305;362,265;4,2312;1,6442;1,6062;7,4732;9,2075;187,225;10,9802;1,993;5,0982;10,7691;1,4959;52,7982;19,2463
2026-04-21 11:00:00+00:00;1,1761;0,87045;0,9173;24,295;362,065;4,2315;1,643;1,60635;7,4733;9,2099;187,225;10,9658;1,9915;5,0983;10,7575;1,4957;52,803;19,2511
2026-04-22 10:00:00+00:00;1,1747;0,86885;0,9176;24,347;363,95;4,2427;1,6402;1,6039;7,4734;9,1996;187,18;10,8886;1,9871;5,0942;10,7603;1,4957;52,7734;19,3482
2026-04-22 11:00:00+00:00;1,175;0,86915;0,9177;24,343;363,855;4,2471;1,6407;1,6042;7,4734;9,2018;187,075;10,9052;1,9878;5,0935;10,7686;1,4959;52,7869;19,3094
2026-04-23 10:00:00+00:00;1,1695;0,8662;0,9182;24,37;365,755;4,2501;1,63605;1,5982;7,4732;9,1593;186,805;10,9198;1,9893;5,0931;10,8009;1,493;52,529;19,3699
2026-04-23 11:00:00+00:00;1,1682;0,8663;0,91765;24,363;365,27;4,2493;1,637;1,5977;7,4728;9,1502;186,57;10,9025;1,9887;5,0934;10,8016;1,4921;52,4751;19,3525
2026-04-24 10:00:00+00:00;1,1686;0,8669;0,9197;24,375;367,715;4,245;1,639;1,59965;7,4731;9,1559;186,68;10,923;1,9955;5,093;10,8379;1,4934;52,6242;19,4555
2026-04-24 11:00:00+00:00;1,1704;0,8674;0,9197;24,374;366,52;4,2437;1,6404;1,6011;7,473;9,1702;186,855;10,9424;1,997;5,0926;10,8305;1,495;52,6982;19,4526
2026-04-27 10:00:00+00:00;1,1742;0,8665;0,92085;24,346;363,685;4,2455;1,63415;1,59795;7,473;9,2013;186,97;10,8815;1,9868;5,0929;10,7979;1,4953;52,8726;19,3647
2026-04-27 11:00:00+00:00;1,17465;0,86625;0,9211;24,349;363,08;4,2441;1,6345;1,59855;7,4727;9,2066;186,955;10,8874;1,9868;5,0954;10,7959;1,4953;52,893;19,3539
2026-04-28 10:00:00+00:00;1,1693;0,8667;0,92335;24,372;365,1;4,2463;1,62945;1,59655;7,4726;9,1633;186,53;10,8675;1,9854;5,0937;10,8267;1,4926;52,6828;19,4022
2026-04-28 11:00:00+00:00;1,1695;0,86715;0,9231;24,37;365,135;4,2478;1,63215;1,59785;7,4726;9,165;186,65;10,8771;1,989;5,0935;10,8391;1,4935;52,6919;19,3915
2026-04-29 10:00:00+00:00;1,16975;0,8664;0,9244;24,38;364,315;4,2537;1,6359;1,6013;7,4727;9,1673;186,89;10,8907;1,9984;5,1003;10,8589;1,4947;52,725;19,4262
2026-04-29 11:00:00+00:00;1,17075;0,86665;0,9242;24,376;363,705;4,2506;1,6355;1,60165;7,4726;9,1749;186,96;10,8906;1,9978;5,1003;10,8553;1,4953;;19,4115
2026-04-30 10:00:00+00:00;1,16945;0,8661;0,9208;24,367;364,275;4,2589;1,6366;1,59775;7,4719;9,162;186,355;10,9226;1,9978;5,1453;10,8483;1,4943;52,846;19,6115
2026-04-30 11:00:00+00:00;1,17175;0,8664;0,92005;24,37;364,58;4,2614;1,63685;1,5993;7,4717;9,1778;184,05;10,9057;1,9975;5,1796;10,8283;1,4949;52,9094;19,6439
2026-05-01 10:00:00+00:00;1,1732;0,86315;0,917;24,392;365,07;4,2538;1,6328;1,5931;7,4728;9,1924;183,745;10,879;1,9921;5,1983;10,8507;1,4942;53,0092;19,6583
2026-05-01 11:00:00+00:00;1,17445;0,8631;0,917;24,387;364,765;4,2544;1,6332;1,5935;7,4724;9,2018;183,955;10,8847;1,9933;5,2002;10,8473;1,4952;53,1012;19,6629
2026-05-04 10:00:00+00:00;1,1717;0,86415;0,91755;24,383;362,995;4,2541;1,62815;1,5939;7,4729;9,1773;183,95;10,8523;1,9864;5,1999;10,8409;1,4935;52,9622;19,4925
2026-05-04 11:00:00+00:00;1,17055;0,86415;0,9173;24,393;363,465;4,258;1,62875;1,5922;7,4726;9,1685;183,91;10,8372;1,9874;5,1971;10,84;1,4931;52,9096;19,5631
2026-05-05 10:00:00+00:00;1,1689;0,86325;0,91555;24,388;363,465;4,2526;1,63185;1,59105;7,4727;9,1602;184,14;10,8303;1,9871;5,2186;10,8461;1,4925;52,8543;19,5831
2026-05-05 11:00:00+00:00;1,16865;0,863;0,91555;24,38;363,14;4,2532;1,63095;1,591;7,4727;9,1582;184,26;10,8286;1,988;5,2286;10,8522;1,4924;52,8462;19,5618
2026-05-06 10:00:00+00:00;1,17745;0,86425;0,91705;24,336;359,095;4,2326;1,62155;1,6003;7,4728;9,2264;183,59;10,9238;1,9724;5,2684;10,8355;1,4925;53,2613;19,2618
2026-05-06 11:00:00+00:00;1,17885;0,8644;0,9166;24,327;358,13;4,2284;1,6224;1,6021;7,4727;9,238;183,565;10,9314;1,9702;5,2595;10,8183;1,4925;53,3278;19,2115
2026-05-07 10:00:00+00:00;1,1768;0,8642;0,91525;24,304;355,925;4,2297;1,6211;1,6033;7,4728;9,2174;184,04;10,8508;1,969;5,2657;10,839;1,4897;53,2646;19,1958
2026-05-07 11:00:00+00:00;1,17665;0,8639;0,91525;24,294;356,14;4,2288;1,6216;1,60305;7,4726;9,2148;184,02;10,8516;1,9676;5,2639;10,8301;1,4895;53,2261;19,1926
2026-05-08 10:00:00+00:00;1,177;0,8644;0,91545;24,309;355,45;4,2292;1,62695;1,606;7,4727;9,2147;184,41;10,8571;1,9738;5,2364;10,8441;1,492;53,3922;19,3232
2026-05-08 11:00:00+00:00;1,17655;0,8648;0,9158;24,305;355,58;4,2307;1,62555;1,606;7,4726;9,2095;184,445;10,8254;1,9725;5,2362;10,8301;1,4916;53,3685;19,2883
2026-05-11 10:00:00+00:00;1,1765;0,86535;0,9165;24,328;355,52;4,24;1,6259;1,60835;7,4729;9,211;184,895;10,8471;1,9795;5,2232;10,8758;1,494;53,3983;19,3493
2026-05-11 11:00:00+00:00;1,1769;0,866;0,9163;24,324;355,745;4,2379;1,62485;1,6081;7,4726;9,2142;184,93;10,8299;1,9786;5,2145;10,8766;1,4942;53,4149;19,3364
2026-05-12 10:00:00+00:00;1,17465;0,8676;0,9173;24,326;356,78;4,2469;1,62635;1,61035;7,4729;9,1971;185,085;10,7703;1,9745;5,2109;10,8892;1,4953;53,3382;19,3988
2026-05-12 11:00:00+00:00;1,17405;0,86755;0,9171;24,326;356,55;4,2464;1,625;1,60945;7,4729;9,192;184,985;10,7459;1,9733;5,2034;10,8937;1,4945;53,3065;19,4052
2026-05-13 10:00:00+00:00;1,1706;0,86595;0,91555;24,348;359,195;4,2511;1,6157;1,6035;7,4733;9,1671;184,775;10,7419;1,974;5,2051;10,9132;1,4896;53,1731;19,2552
2026-05-13 11:00:00+00:00;1,17135;0,8672;0,9155;24,349;359,07;4,2508;1,616;1,6037;7,4735;9,1732;184,855;10,7382;1,9747;5,2028;10,9199;1,4905;53,2089;19,2808
2026-05-14 10:00:00+00:00;1,1707;0,86645;0,9154;24,316;357,445;4,2381;1,61545;1,6046;7,473;9,1699;184,88;10,7689;1,9721;5,205;10,9118;1,4905;53,1887;19,2155
2026-05-14 11:00:00+00:00;1,17075;0,8665;0,9154;24,307;357,505;4,2381;1,617;1,60585;7,4729;9,17;184,9;10,7845;1,9739;5,2051;10,9158;1,4908;53,1927;19,2162
2026-05-15 10:00:00+00:00;1,16285;0,87095;0,91405;24,334;360,105;4,2466;1,62665;1,59935;7,4727;9,1043;184,33;10,853;1,9891;5,2142;10,9823;1,4883;52,9625;19,3699
2026-05-15 11:00:00+00:00;1,1649;0,87045;0,91375;24,329;358,66;4,2434;1,6241;1,60075;7,4728;9,121;184,5;10,8333;1,9877;5,2165;10,9607;1,489;53,062;19,2973
2026-05-18 10:00:00+00:00;1,16355;0,8707;0,9141;24,337;360,95;4,2467;1,6261;1,59905;7,4738;9,1116;184,93;10,8223;1,9864;5,2121;10,9684;1,4891;53,0317;19,3833
2026-05-18 11:00:00+00:00;1,1628;0,87105;0,9142;24,334;361,85;4,2476;1,62645;1,59825;7,4737;9,1059;184,8;10,8033;1,9863;5,2085;10,9717;1,4886;52,9998;19,4097
2026-05-19 10:00:00+00:00;1,16195;0,86685;0,9146;24,299;360,99;4,2419;1,63295;1,59925;7,4731;9,1011;184,86;10,7825;1,9893;5,2292;10,9187;1,4885;52,9588;19,3419
2026-05-19 11:00:00+00:00;1,16215;0,86695;0,9146;24,294;360,875;4,2415;1,63275;1,59925;7,4731;9,1023;184,89;10,7683;1,988;5,2292;10,9166;1,4887;53,0086;19,3365
2026-05-20 10:00:00+00:00;1,1589;0,86595;0,91605;24,319;361,385;4,2553;1,6289;1,5965;7,473;9,0785;184,335;10,7623;1,9851;5,2355;10,8996;1,4844;52,887;19,2787
2026-05-20 11:00:00+00:00;1,15995;0,86585;0,9161;24,316;361,19;4,2546;1,6283;1,59705;7,4732;9,0867;184,445;10,7652;1,9849;5,2303;10,8972;1,4853;52,8954;19,2522
2026-05-21 10:00:00+00:00;1,16275;0,86495;0,9142;24,291;358,795;4,2434;1,62935;1,6005;7,4729;9,1095;184,86;10,7574;1,981;5,2476;10,8624;1,4866;53,2142;19,1719
2026-05-21 11:00:00+00:00;1,1607;0,8646;0,9146;24,305;360,245;4,2485;1,6289;1,59755;7,473;9,0937;184,7;10,725;1,9824;5,2453;10,8772;1,4857;53,1225;19,2232
2026-05-22 10:00:00+00:00;1,16045;0,8642;0,9123;24,291;359,525;4,245;1,62725;1,6004;7,4732;9,0927;184,625;10,7286;1,9812;5,2487;10,8568;1,4851;53,0834;19,1215
2026-05-22 11:00:00+00:00;1,1596;0,8639;0,91235;24,289;359,325;4,2435;1,6274;1,60005;7,4731;9,087;184,525;10,7247;1,9809;5,2491;10,8678;1,4846;53,0419;19,1208
2026-05-25 10:00:00+00:00;1,1642;0,86275;0,9099;24,265;357,065;4,2341;1,62415;1,60815;7,4722;9,1211;185,025;10,7604;1,9831;5,2467;10,7969;1,4871;53,231;19,0121
2026-05-25 11:00:00+00:00;1,16425;0,86305;0,9098;24,259;356,54;4,2332;1,62465;1,60835;7,4721;9,1214;185,05;10,7585;1,9836;5,2469;10,8022;1,4873;53,2309;19,0163
2026-05-26 10:00:00+00:00;1,1643;0,86365;0,9131;24,253;356,745;4,2329;1,6253;1,60685;7,472;9,1232;185,315;10,7745;1,9919;5,2387;10,8284;1,4878;53,4581;19,0468
2026-05-26 11:00:00+00:00;1,1641;0,8633;0,9134;24,253;355,435;4,2305;1,62455;1,60645;7,4719;9,1217;185,26;10,7808;1,9911;5,2371;10,8277;1,487;53,4477;19,0154
2026-05-27 10:00:00+00:00;1,16445;0,86605;0,91495;24,273;354,735;4,2356;1,6303;1,6097;7,4725;9,1228;185,56;10,815;1,9787;5,2398;10,7728;1,4868;53,4607;19,0117
2026-05-27 11:00:00+00:00;1,1639;0,86595;0,9149;24,28;354,83;4,2346;1,63145;1,6102;7,4726;9,1179;185,515;10,7949;1,9792;5,2419;10,7736;1,4868;53,4369;19,0263
2026-05-28 10:00:00+00:00;1,1613;0,8669;0,9166;24,291;355,385;4,2342;1,63105;1,6101;7,4729;9,0957;185,13;10,79;1,9714;5,2486;10,8041;1,4858;53,3068;19,0365
2026-05-28 11:00:00+00:00;1,1605;0,86655;0,91645;24,291;355,265;4,2347;1,63145;1,6087;7,4729;9,0905;185,04;10,7904;1,9716;5,2477;10,8201;1,4853;53,2637;19,0191
2026-05-29 10:00:00+00:00;1,16395;0,8676;0,912;24,287;354,325;4,232;1,6268;1,6072;7,4728;9,1201;185,42;10,7631;1,9516;5,2492;10,7826;1,4874;53,4122;18,8891
2026-05-29 11:00:00+00:00;1,16435;0,8678;0,9113;24,287;354,325;4,2287;1,62645;1,60785;7,473;9,1231;185,47;10,7696;1,9519;5,25;10,7711;1,4878;53,4328;18,9016
2026-06-01 10:00:00+00:00;1,16505;0,86555;0,9135;24,293;354,55;4,2348;1,6228;1,6098;7,4738;9,1304;185,785;10,7718;1,9575;5,2539;10,8029;1,4885;53,5321;18,9236
2026-06-01 11:00:00+00:00;1,1647;0,8651;0,91305;24,287;354,33;4,2328;1,6231;1,61015;7,4738;9,1282;185,715;10,7761;1,9555;5,2538;10,7922;1,4879;53,5147;18,923
2026-06-02 10:00:00+00:00;1,16425;0,86445;0,9151;24,272;354,94;4,2337;1,6211;1,61245;7,474;9,1248;185,985;10,7951;1,9638;5,256;10,8222;1,4885;53,4728;18,8739
2026-06-02 11:00:00+00:00;1,1644;0,86455;0,9145;24,264;354,74;4,2343;1,621;1,61295;7,474;9,1262;185,995;10,7865;1,9634;5,2554;10,8203;1,4888;53,5275;18,8557
2026-06-03 10:00:00+00:00;1,1614;0,8636;0,9168;24,201;355,44;4,2412;1,62115;1,60915;7,4739;9,1016;185,565;10,7692;1,9703;5,2584;10,8745;1,4889;53,4199;18,9198
2026-06-03 11:00:00+00:00;1,16155;0,8636;0,91655;24,192;354,97;4,2405;1,6204;1,60905;7,4739;9,1024;185,61;10,781;1,9697;5,2584;10,8786;1,4888;53,4272;18,9141
2026-06-04 10:00:00+00:00;1,1626;0,8653;0,9183;24,211;354,32;4,237;1,62995;1,61595;7,4741;9,1086;185,855;10,8166;1,9797;5,2585;10,8731;1,4921;53,4521;18,9004
2026-06-04 11:00:00+00:00;1,16315;0,865;0,91805;24,219;354,48;4,2387;1,63;1,61655;7,4741;9,1131;185,95;10,8248;1,9793;5,2582;10,879;1,4928;53,4738;18,9129
2026-06-05 10:00:00+00:00;1,16395;0,8644;0,9169;24,161;354,36;4,2348;1,63035;1,61495;7,4743;9,1182;186,16;10,8504;1,9794;5,2492;10,8712;1,4935;53,6404;18,955
2026-06-05 11:00:00+00:00;1,164;0,86385;0,9169;24,153;354,065;4,2335;1,63005;1,61525;7,4743;9,1188;186,135;10,8391;1,9792;5,2472;10,867;1,4936;53,6449;18,9298
2026-06-08 10:00:00+00:00;1,15115;0,86385;0,9188;24,228;356,79;4,2459;1,6326;1,60555;7,474;9,0201;184,19;10,888;1,9817;5,2439;10,8888;1,4842;53,0792;19,0391
2026-06-08 11:00:00+00:00;1,15255;0,8639;0,91885;24,234;356,575;4,2452;1,633;1,6068;7,4738;9,0314;184,395;10,9089;1,982;5,2422;10,8883;1,4852;53,1742;19,0422
2026-06-09 10:00:00+00:00;1,1561;0,8635;0,9207;24,187;355,0;4,2358;1,6399;1,61125;7,4742;9,0602;185,195;10,9449;1,9828;5,2385;10,8959;1,4864;53,3198;19,0315
2026-06-09 11:00:00+00:00;1,1567;0,8634;0,92085;24,176;355,115;4,2374;1,6391;1,61165;7,4743;9,0648;185,265;10,9349;1,9813;5,2366;10,891;1,487;53,3888;19,022
2026-06-10 10:00:00+00:00;1,1558;0,86275;0,92285;24,178;355,47;4,2468;1,6488;1,6096;7,4744;9,0577;185,445;10,9676;1,9881;5,2346;10,9613;1,4879;53,3698;19,1328
2026-06-10 11:00:00+00:00;1,15515;0,86265;0,92255;24,187;355,77;4,2467;1,6475;1,6092;7,4745;9,0527;185,36;10,9669;1,987;5,2372;10,9649;1,4873;53,3391;19,1319
2026-06-11 10:00:00+00:00;1,1533;0,86295;0,9222;24,196;355,66;4,2529;1,6482;1,61185;7,4744;9,0372;185,14;10,9757;1,9937;5,2396;10,9929;1,4856;53,2241;19,0404
2026-06-11 11:00:00+00:00;1,1532;0,86305;0,9221;24,195;355,585;4,2522;1,64845;1,61185;7,4744;9,0375;185,12;10,977;1,9941;5,2394;10,9995;1,4857;53,2277;19,0448
2026-06-12 10:00:00+00:00;1,15835;0,8631;0,92145;24,166;352,78;4,246;1,6441;1,6196;7,4744;9,0766;185,43;11,0442;1,9852;5,2349;10,9056;1,4865;53,5912;18,8428
2026-06-12 11:00:00+00:00;1,1573;0,863;0,92155;24,178;352,885;4,2474;1,64335;1,6187;7,4743;9,0683;185,32;11,0307;1,9846;5,2355;10,9202;1,4858;53,5853;18,8475
2026-06-15 10:00:00+00:00;1,1606;0,86445;0,9206;24,135;350,73;4,2441;1,6415;1,6216;7,4741;9,0927;185,855;11,0486;1,9865;5,2384;10,8891;1,4879;53,7551;18,7836
2026-06-15 11:00:00+00:00;1,16125;0,8649;0,9205;24,136;350,86;4,2444;1,6417;1,62215;7,4741;9,0975;185,945;11,0378;1,987;5,2368;10,8884;1,4886;53,7825;18,7872
2026-06-16 10:00:00+00:00;1,1601;0,86475;0,9221;24,153;349,32;4,2451;1,6414;1,62435;7,4744;9,0875;186,015;11,0506;1,9904;5,2307;10,9005;1,4871;53,7185;18,7561
2026-06-16 11:00:00+00:00;1,16105;0,8647;0,9221;24,137;349,075;4,2421;1,64075;1,62505;7,4745;9,0944;186,125;11,0523;1,9901;5,2324;10,8966;1,4876;53,7984;18,7392
2026-06-17 10:00:00+00:00;1,1603;0,86475;0,9185;24,159;349,61;4,2394;1,6432;1,62445;7,4749;9,0914;185,875;11,0083;1,995;5,2335;10,8813;1,4884;53,7446;18,8135
2026-06-17 11:00:00+00:00;1,1597;0,8647;0,9188;24,15;349,455;4,2397;1,64285;1,6247;7,4749;9,0868;185,825;11,0007;1,9952;5,2326;10,8849;1,4882;53,8797;18,8122
2026-06-18 10:00:00+00:00;1,1476;0,86685;0,9212;24,168;351,825;4,2576;1,636;1,62095;7,4746;8,9945;184,555;11,0863;1,9905;5,234;10,956;1,4804;53,3005;18,8422
2026-06-18 11:00:00+00:00;1,1462;0,8666;0,9212;24,19;352,925;4,2589;1,63605;1,6189;7,4747;8,9836;184,435;11,0991;1,9902;5,2373;10,9826;1,4796;53,2358;18,8598
2026-06-19 10:00:00+00:00;1,1461;0,86595;0,9233;24,219;352,775;4,2614;1,63325;1,6206;7,4747;8,9842;184,805;11,1076;1,9952;5,2388;10,9683;1,4796;53,2721;18,8753
2026-06-19 11:00:00+00:00;1,14625;0,866;0,9244;24,225;352,89;4,2624;1,6345;1,6213;7,4746;8,9853;184,87;11,1149;1,9968;5,2392;10,9803;1,4801;53,2787;18,9002
2026-06-22 10:00:00+00:00;1,14575;0,8661;0,92525;24,194;352,3;4,2704;1,6369;1,6236;7,4747;8,9825;185,32;11,1029;2,0004;5,2381;10,9953;1,4814;53,2731;18,8407
2026-06-22 11:00:00+00:00;1,14545;0,8655;0,92565;24,193;352,38;4,2693;1,6364;1,62355;7,4746;8,9801;185,265;11,0904;2,0004;5,2388;10,9988;1,4813;53,2586;18,8157
2026-06-23 10:00:00+00:00;1,1412;0,86255;0,92405;24,195;353,74;4,2807;1,63995;1,61815;7,4749;8,947;184,19;11,1047;2,0042;5,2466;11,0339;1,4775;53,0791;18,7778
2026-06-23 11:00:00+00:00;1,1401;0,8623;0,9235;24,203;354,485;4,2845;1,64175;1,61765;7,4749;8,9386;184,07;11,1155;2,0054;5,2469;11,0448;1,477;52,9907;18,795
2026-06-24 10:00:00+00:00;1,1346;0,8612;0,9214;24,243;355,49;4,2893;1,6471;1,6148;7,4753;8,8949;183,52;11,1629;2,012;5,2458;11,0909;1,4732;52,7958;18,869
2026-06-24 11:00:00+00:00;1,13395;0,8619;0,92155;24,251;356,73;4,2915;1,64575;1,6131;7,4753;8,8914;183,34;11,1539;2,0124;5,2379;11,0872;1,4729;52,7693;18,8471
2026-06-25 10:00:00+00:00;1,1361;0,86175;0,92205;24,23;354,62;4,2881;1,6467;1,6169;7,4746;8,9074;183,835;11,2101;2,012;5,2316;11,0622;1,4732;52,8481;18,8014
2026-06-25 11:00:00+00:00;1,13445;0,86155;0,9219;24,238;355,18;4,2862;1,646;1,61565;7,4745;8,8949;183,645;11,2234;2,0117;5,2304;11,0795;1,472;52,7731;18,7897
2026-06-26 10:00:00+00:00;1,14065;0,86285;0,9219;24,255;353,775;4,284;1,65285;1,61785;7,4749;8,9457;184,335;11,2862;2,0176;5,2407;11,0607;1,4756;53,1852;18,7442
2026-06-26 11:00:00+00:00;1,1405;0,86255;0,922;24,253;354,055;4,2828;1,65205;1,6172;7,4747;8,9441;184,315;11,2842;2,0168;5,2414;11,0653;1,4756;53,2151;18,7438
2026-06-29 10:00:00+00:00;1,14035;0,86275;0,9221;24,268;354,495;4,2896;1,653;1,61795;7,4748;8,9437;184,615;11,3227;2,0181;5,2423;11,0886;1,4752;53,1937;18,7516
2026-06-29 11:00:00+00:00;1,1406;0,8624;0,9219;24,266;354,565;4,29;1,65275;1,6186;7,4747;8,9456;184,61;11,3205;2,017;5,2373;11,0864;1,4752;53,2353;18,7326
2026-06-30 10:00:00+00:00;1,13975;0,8611;0,92275;24,257;355,94;4,2989;1,65545;1,62245;7,4744;8,9379;184,975;11,3021;2,0153;5,2437;11,1043;1,4755;53,1811;18,6539
2026-06-30 11:00:00+00:00;1,1402;0,86155;0,92215;24,262;356,465;4,2975;1,65515;1,6227;7,4744;8,9415;185,09;11,3011;2,014;5,2436;11,0844;1,476;53,2087;18,66
2026-07-01 10:00:00+00:00;1,13865;0,85965;0,92285;24,258;356,13;4,2941;1,6529;1,61965;7,4746;8,9317;185,305;11,3177;2,0075;5,2428;11,0994;1,4767;53,1825;18,7097
2026-07-01 11:00:00+00:00;1,13975;0,86015;0,9228;24,254;355,83;4,2931;1,65215;1,62005;7,4746;8,9397;185,425;11,3102;2,0062;5,2382;11,0892;1,4773;53,1942;18,6999
2026-07-02 10:00:00+00:00;1,14095;0,85525;0,9187;24,217;355,88;4,2915;1,653;1,61965;7,475;8,9493;183,955;11,2754;2,0066;5,2357;11,0736;1,4763;53,2814;18,6942
2026-07-02 11:00:00+00:00;1,14095;0,8558;0,9193;24,215;355,7;4,2894;1,6542;1,62085;7,4746;8,9492;184,08;11,2723;2,0084;5,2348;11,071;1,4763;53,4006;18,6794
2026-07-03 10:00:00+00:00;1,14415;0,857;0,91905;24,196;353,23;4,2865;1,6492;1,62285;7,4742;8,9733;184,36;11,2422;2,0027;5,2368;11,0397;1,477;53,5911;18,5619
2026-07-03 11:00:00+00:00;1,14475;0,85715;0,9194;24,193;352,95;4,2851;1,64995;1,6241;7,4743;8,9785;184,425;11,2574;2,0046;5,2354;11,0405;1,4774;53,618;18,5655
2026-07-06 10:00:00+00:00;1,1414;0,8559;0,9199;24,16;353,42;4,2893;1,6468;1,624;7,4747;8,9523;185,28;11,2402;2,0089;5,2321;11,0351;1,4767;53,4404;18,5163
2026-07-06 11:00:00+00:00;1,14205;0,85605;0,9201;24,156;353,69;4,2896;1,64695;1,6237;7,4747;8,9573;185,365;11,2388;2,009;5,2308;11,0306;1,4772;53,5045;18,5272
2026-07-07 10:00:00+00:00;1,14235;0,85395;0,922;24,235;354,685;4,294;1,64535;1,6239;7,4746;8,9593;184,995;11,1942;2,0079;5,2343;11,0326;1,476;53,5161;18,5515
2026-07-07 11:00:00+00:00;1,1433;0,85415;0,9223;24,224;354,175;4,2929;1,64615;1,6246;7,4747;8,9658;185,15;11,1993;2,0101;5,2339;11,0448;1,4767;53,5575;18,5709
2026-07-08 10:00:00+00:00;1,14065;0,85485;0,9216;24,266;358,265;4,3117;1,6486;1,6151;7,475;8,9427;185,3;11,1554;2,0028;5,2354;11,0696;1,4761;53,4844;18,737
2026-07-08 11:00:00+00:00;1,14075;0,8549;0,9217;24,263;357,935;4,308;1,64845;1,61635;7,475;8,9432;185,365;11,1402;2,0027;5,2363;11,0577;1,4761;53,49;18,7207
2026-07-09 10:00:00+00:00;1,14295;0,8524;0,9223;24,255;358,185;4,3087;1,6477;1,62035;7,4754;8,9569;185,635;11,1505;1,9928;5,2363;11,0681;1,4777;53,5753;18,7149
2026-07-09 11:00:00+00:00;1,14225;0,8529;0,9226;24,26;358,845;4,3091;1,6478;1,61925;7,4754;8,9507;185,605;11,1475;1,9925;5,2349;11,0816;1,4777;53,5464;18,7371
2026-07-10 10:00:00+00:00;1,1428;0,8521;0,922;24,254;356,18;4,3472;1,64495;1,61915;7,4751;8,9584;184,91;11,1416;1,9802;5,235;11,0137;1,4754;53,7359;18,6112
2026-07-10 11:00:00+00:00;1,14335;0,851;0,9223;24,255;355,525;4,3465;1,6453;1,61955;7,4751;8,9624;184,965;11,1549;1,9814;5,2318;11,0096;1,4757;53,7619;18,6163
2026-07-13 10:00:00+00:00;1,14315;0,85365;0,92505;24,261;356,585;4,3238;1,6467;1,61635;7,4751;8,9603;185,2;11,18;1,9775;5,2335;11,0352;1,4768;53,7291;18,6824
2026-07-13 11:00:00+00:00;1,1434;0,85345;0,9252;24,259;356,475;4,3232;1,64625;1,61545;7,475;8,9622;185,31;11,1685;1,9778;5,2337;11,0327;1,4773;53,8212;18,6957
2026-07-14 10:00:00+00:00;1,1401;0,85215;0,92575;24,294;361,05;4,3433;1,64015;1,60585;7,4752;8,9358;184,895;11,09;1,9639;5,2448;11,0384;1,4736;53,6286;18,7912
2026-07-14 11:00:00+00:00;1,13905;0,85185;0,926;24,29;361,96;4,342;1,64135;1,60685;7,4753;8,9272;184,835;11,0835;1,9652;5,2441;11,0435;1,4731;53,5791;18,7763
2026-07-15 10:00:00+00:00;1,14175;0,8528;0,9258;24,225;359,345;4,3283;1,63465;1,60545;7,4754;8,9501;185,385;11,1055;1,9628;5,2409;11,0524;1,4753;53,7282;18,7055
2026-07-15 11:00:00+00:00;1,1417;0,8521;0,92565;24,232;359,53;4,328;1,63455;1,60575;7,4755;8,9497;185,35;11,1105;1,9618;5,2407;11,0537;1,475;53,6955;18,7006
2026-07-16 10:00:00+00:00;1,14655;0,84885;0,92555;24,202;359,96;4,3285;1,6381;1,60965;7,4753;8,9887;185,95;11,0793;1,9595;5,2412;11,0215;1,4779;53,9515;18,7551
2026-07-16 11:00:00+00:00;1,14605;0,84875;0,92535;24,194;360,025;4,329;1,63655;1,6085;7,4754;8,9847;185,83;11,0764;1,9581;5,2414;11,0279;1,4775;53,9366;18,7477
2026-07-17 10:00:00+00:00;1,1439;0,8511;0,92385;24,21;363,305;4,3469;1,64095;1,60515;7,4756;8,9689;185,75;11,0591;1,9618;5,2414;11,0523;1,4765;53,9492;18,8668
2026-07-17 11:00:00+00:00;1,14275;0,8507;0,92325;24,198;363,82;4,3464;1,63955;1,60415;7,4756;8,9596;185,53;11,0523;1,9594;5,2411;11,0406;1,4756;53,9366;18,8502
2026-07-20 10:00:00+00:00;1,143;0,8491;0,92365;24,196;361,71;4,3372;1,63335;1,60365;7,4756;8,9621;185,65;11,0368;1,9544;5,2421;11,0433;1,4756;53,9366;18,8327
2026-07-20 11:00:00+00:00;1,14325;0,8487;0,9236;24,194;361,335;4,3329;1,63145;1,6034;7,4756;8,9642;185,665;11,0339;1,953;5,2408;11,0431;1,4756;53,9447;18,838
2026-07-21 10:00:00+00:00;1,1422;0,85075;0,9251;24,179;360,25;4,3285;1,62625;1,60565;7,4756;8,9573;185,815;10,9888;1,9489;5,2375;11,0417;1,4734;53,9137;18,7643
2026-07-21 11:00:00+00:00;1,14205;0,8511;0,9251;24,172;360,29;4,3302;1,6271;1,6056;7,4756;8,9553;185,78;10,9841;1,9509;5,2384;11,0464;1,4733;53,914;18,7745
2026-07-22 10:00:00+00:00;1,1405;0,853;0,92675;24,183;364,34;4,3312;1,63055;1,60765;7,4757;8,9419;185,93;10,9521;1,9608;5,2401;11,0785;1,4726;53,8915;18,79
2026-07-22 11:00:00+00:00;1,1403;0,8528;0,92675;24,175;364,035;4,3306;1,6308;1,6079;7,4755;8,9405;185,89;10,9549;1,9603;5,2378;11,0821;1,4725;53,842;18,7779
2026-07-23 10:00:00+00:00;1,1412;0,8535;0,92975;24,195;364,21;4,326;1,63085;1,6068;7,4756;8,948;186,445;10,9425;1,9689;5,234;11,0876;1,4727;54,032;18,7326
2026-07-23 11:00:00+00:00;1,14035;0,8531;0,9295;24,182;364,035;4,324;1,62975;1,60585;7,4757;8,9422;186,305;10,9422;1,9679;5,2337;11,0867;1,4718;53,8697;18,7207
2026-07-24 10:00:00+00:00;1,13885;0,85515;0,9298;24,161;362,53;4,3249;1,6288;1,60345;7,4755;8,9308;186,425;10,9254;1,9678;5,2346;11,0775;1,4702;53,9197;19,2447
2026-07-24 11:00:00+00:00;1,13825;0,8545;0,9298;24,154;362,435;4,3184;1,628;1,60255;7,4755;8,9262;186,445;10,9047;1,967;5,2344;11,0667;1,4695;53,9321;19,2154
2026-07-27 10:00:00+00:00;1,13965;0,85485;0,92865;24,157;359,325;4,3162;1,6276;1,6075;7,4754;8,9364;186,375;11,0031;1,9659;5,2328;11,0356;1,4701;53,9746;19,0362
2026-07-27 11:00:00+00:00;1,1396;0,85545;0,9287;24,162;359,875;4,3192;1,6274;1,60745;7,4753;8,9365;186,43;10,9825;1,9664;5,2339;11,0394;1,4702;53,967;19,0325
2026-07-28 10:00:00+00:00;1,13555;0,8552;0,93145;24,195;360,685;4,3267;1,63045;1,6029;7,4751;8,9046;186,105;11,02;1,9696;5,2309;11,0676;1,469;53,8406;19,0797
2026-07-28 11:00:00+00:00;1,13605;0,85545;0,93175;24,195;361,2;4,328;1,63105;1,6029;7,4751;8,9083;186,235;11,0097;1,9699;5,2308;11,0691;1,4694;53,864;19,0929
2026-07-29 10:00:00+00:00;1,1391;0,8568;0,93395;24,189;361,865;4,3285;1,6412;1,6064;7,4744;8,9337;186,39;11,0243;1,9707;5,2342;11,0579;1,4719;54,0285;19,0674
2026-07-29 11:00:00+00:00;1,1386;0,8566;0,9336;24,184;362,06;4,3272;1,64025;1,60525;7,4749;8,9298;186,335;11,0099;1,9702;5,2341;11,0573;1,4715;53,9681;19,0887
2026-07-30 10:00:00+00:00;1,14655;0,8569;0,93335;24,171;362,635;4,3097;1,64425;1,6104;7,4749;8,9935;187,21;10,9727;1,9652;5,244;11,0329;1,4783;54,3735;19,0343
2026-07-30 11:00:00+00:00;1,14745;0,8565;0,9325;24,17;361,84;4,3071;1,64445;1,611;7,4748;9,0006;186,84;10,9835;1,9645;5,2432;11,0163;1,4779;54,4035;19,0354
2026-07-31 10:00:00+00:00;1,1504;0,85545;0,93005;24,202;363,3;4,3138;1,6357;1,6124;7,4751;9,0222;184,035;10,9582;1,958;5,2473;10,9781;1,4762;54,6755;19,031
2026-07-31 11:00:00+00:00;1,15005;0,8556;0,9306;24,196;363,595;4,3126;1,636;1,61265;7,4753;9,02;184,02;10,9476;1,9582;5,2463;10,975;1,4762;54,6989;19,0239
2026-08-03 10:00:00+00:00;1,1522;0,8567;0,9319;24,208;364,565;4,3043;1,64525;1,61795;7,4751;9,0359;180,99;10,9901;1,9644;5,2458;10,9938;1,478;54,7771;19,0201
2026-08-03 11:00:00+00:00;1,1524;0,85605;0,93225;24,2;364,425;4,3034;1,6461;1,6183;7,4749;9,0378;180,695;10,9922;1,9654;5,2459;10,9938;1,4778;54,7845;19,0054
2026-08-04 10:00:00+00:00;1,1508;0,85615;0,9323;24,2;363,845;4,3122;1,6376;1,61545;7,4752;9,0258;181,695;10,9463;1,9596;5,2498;11,0074;1,4772;54,7305;18,9944
2026-08-04 11:00:00+00:00;1,15125;0,85645;0,93255;24,2;363,705;4,3089;1,6375;1,61665;7,4753;9,0298;181,705;10,958;1,9584;5,2497;11,0006;1,4775;54,7929;18,9763
2026-08-05 10:00:00+00:00;1,1539;0,85675;0,9339;24,204;362,24;4,3091;1,6377;1,62285;7,4753;9,0509;182,04;10,9874;1,9677;5,248;10,9894;1,4794;54,8993;18,9272
2026-08-05 11:00:00+00:00;1,15405;0,8569;0,9341;24,205;362,5;4,3077;1,63855;1,6229;7,4753;9,0519;181,965;10,9876;1,9673;5,2468;10,9845;1,4799;54,9161;18,925
2026-08-06 10:00:00+00:00;1,1538;0,8575;0,934;24,187;363,175;4,2975;1,6386;1,6164;7,4755;9,051;182,15;11,0056;1,9625;5,2513;10,9321;1,4793;55,0432;18,828
2026-08-06 11:00:00+00:00;1,15425;0,85735;0,9342;24,194;363,72;4,3001;1,6389;1,61535;7,4754;9,0548;182,225;10,9948;1,962;5,2549;10,9357;1,48;54,9368;18,8169
2026-08-07 10:00:00+00:00;1,1529;0,85765;0,9344;24,253;365,74;4,2972;1,6375;1,6161;7,4756;9,0443;182,585;10,9863;1,9625;5,2553;10,9382;1,4771;55,006;18,7402
2026-08-07 11:00:00+00:00;1,15275;0,85785;0,934;24,264;365,575;4,2981;1,6381;1,6161;7,4756;9,0434;182,51;10,9813;1,9648;5,2529;10,9479;1,477;54,9869;18,7227
2026-08-10 10:00:00+00:00;1,15565;0,85645;0,93415;24,261;363,8;4,3017;1,63595;1,61135;7,4757;9,0666;183,61;10,9968;1,9611;5,2394;10,959;1,4782;55,1832;18,6915
2026-08-10 11:00:00+00:00;1,1556;0,85585;0,93435;24,255;363,505;4,2993;1,63515;1,6106;7,4757;9,066;183,5;10,9741;1,9607;5,2419;10,9572;1,4785;55,1794;18,6936
2026-08-11 10:00:00+00:00;1,1536;0,8543;0,93565;24,249;365,63;4,2998;1,63475;1,6073;7,4757;9,0516;183,765;10,9351;1,9639;5,2424;10,9699;1,4778;55,1151;18,7366
2026-08-11 11:00:00+00:00;1,15345;0,8546;0,9356;24,245;365,205;4,298;1,63375;1,60705;7,4757;9,0504;183,68;10,9487;1,9624;5,2414;10,9729;1,4773;55,0644;18,7175
2026-08-12 10:00:00+00:00;1,15355;0,85365;0,93735;24,238;364,325;4,3043;1,63275;1,60745;7,4758;9,052;183,61;10,9618;1,9694;5,2403;11,0035;1,4764;55,092;18,631
2026-08-12 11:00:00+00:00;1,15345;0,85345;0,9372;24,236;364,155;4,3047;1,63245;1,6071;7,4757;9,0511;183,59;10,9552;1,9681;5,2399;11,0011;1,4757;55,1267;18,6334
2026-08-13 10:00:00+00:00;1,15345;0,85495;0,9369;24,218;363,375;4,3048;1,6345;1,60755;7,4757;9,0508;183,8;10,9717;1,9743;5,2439;11,0224;1,4765;55,1061;18,6214
2026-08-13 11:00:00+00:00;1,1536;0,85515;0,9367;24,225;363,095;4,3057;1,6353;1,60795;7,4756;9,0521;183,82;10,9777;1,974;5,2439;11,0276;1,4764;55,1144;18,6136
2026-08-14 10:00:00+00:00;1,1554;0,85425;0,93945;24,206;363,015;4,3092;1,63305;1,6047;7,4755;9,0662;183,885;10,9375;1,9648;5,2435;11,0153;1,478;55,3678;18,6799
2026-08-14 11:00:00+00:00;1,15565;0,8542;0,93955;24,198;362,985;4,309;1,6332;1,60485;7,4756;9,0687;183,945;10,9418;1,9644;5,2423;11,0154;1,478;55,3811;18,6958
