Timestamp;EURAEDFIXMP=WM;EURBAMFIXMP=WM;EURCNYFIXMP=WM;EURILSFIXMP=WM;EURINRFIXMP=WM;EURJODFIXMP=WM;EURKESFIXMP=WM;EURKRWFIXMP=WM;EURKWDFIXMP=WM;EURMADFIXMP=WM;EURMDLFIXMP=WM;EURMKDFIXMP=WM;EURMXNFIXMP=WM;EURPHPFIXMP=WM;EURRSDFIXMP=WM;EURSARFIXMP=WM;EURTHBFIXMP=WM;EURTNDFIXMP=WM;EURTWDFIXMP=WM
2025-08-18 10:00:00;4,29025;1,9558;8,3855;3,95935;102,0306;0,8268;150,9705;1617,63245;0,3569;10,5323;19,4714;61,5563;21,97275;66,54965;117,1671;4,3829;37,92075;3,35275;35,09815
2025-08-18 11:00:00;4,2906;1,9558;8,3862;3,9584;102,0394;0,8282;150,9834;1617,771;0,3569;10,53295;19,47305;61,54985;21,9723;66,55535;117,1655;4,38325;37,92395;3,35355;35,10115
2025-08-19 10:00:00;4,2901;1,9558;8,38845;3,94845;101,56925;0,82715;150,90565;1624,33765;0,357;10,5265;19,5173;61,55365;21,9438;66,7045;117,20295;4,383;37,96585;3,35355;35,16035
2025-08-19 11:00:00;4,2932;1,9558;8,39455;3,9501;101,6432;0,8277;151,0155;1625,51975;0,3573;10,53005;19,5315;61,5517;21,95275;66,75305;117,17725;4,3862;37,99345;3,35265;35,18585
2025-08-20 10:00:00;4,2771;1,9558;8,36005;3,96075;101,4003;0,82565;150,4534;1629,252;0,3559;10,50505;19,5811;61,5497;21,90015;66,3474;117,1778;4,37;37,9045;3,3517;35,28315
2025-08-20 11:00:00;4,278;1,9558;8,36185;3,96005;101,42205;0,8258;150,48575;1629,6018;0,356;10,5073;19,5853;61,55125;21,9049;66,36165;117,1855;4,37095;37,9126;3,3522;35,29075
2025-08-21 10:00:00;4,2809;1,9558;8,36585;3,9834;101,70375;0,82635;150,5826;1629,83525;0,3562;10,51405;19,62125;61,5559;21,8916;66,40435;117,19105;4,3739;38,0157;3,35625;35,5588
2025-08-21 11:00:00;4,2796;1,9558;8,36335;3,9825;101,6732;0,8261;150,5374;1629,3458;0,3561;10,5109;19,61535;61,5666;21,885;66,3844;117,19085;4,37235;38,00425;3,3602;35,54815
2025-08-22 10:00:00;4,25965;1,9558;8,3276;3,94635;101,5115;0,82095;149,83975;1615,6681;0,3548;10,49895;19,536;61,5596;21,73255;66,05355;117,18115;4,3516;37,86005;3,33835;35,49185
2025-08-22 11:00:00;4,2591;1,9558;8,32655;3,9444;101,4983;0,82085;149,7624;1615,4591;0,3548;10,4981;19,53345;61,5516;21,71235;66,045;117,1776;4,35105;37,85515;3,3379;35,48725
2025-08-25 10:00:00;4,29465;1,9558;8,3628;3,9552;102,4219;0,82765;151,01515;1619,12975;0,35705;10,5306;19,5507;61,552;21,8022;66,59745;117,16385;4,3872;37,93795;3,362;35,5847
2025-08-25 11:00:00;4,29305;1,9558;8,35955;3,95105;102,3825;0,8274;150,957;1618,50665;0,357;10,5303;19,54315;61,5517;21,7979;66,57185;117,16555;4,3855;37,92335;3,3619;35,571
2025-08-26 10:00:00;4,2762;1,9558;8,33845;3,93045;102,09015;0,82545;150,4794;1625,23485;0,35585;10,551;19,4314;61,5539;21,7156;66,4379;117,19345;4,3685;37,8352;3,34425;35,54105
2025-08-26 11:00:00;4,2773;1,9558;8,34055;3,92115;102,1165;0,82565;150,4599;1625,6536;0,3559;10,50995;19,43635;61,55235;21,7235;66,45505;117,20035;4,3695;37,845;3,35735;35,5502
2025-08-27 10:00:00;4,2569;1,9558;8,3004;3,87835;101,6298;0,8208;149,7428;1618,02205;0,3544;10,52225;19,34375;61,54875;21,69935;66,2542;117,1865;4,3489;37,63855;3,3576;35,4289
2025-08-27 11:00:00;4,25265;1,9558;8,29215;3,8736;101,52895;0,82;149,59425;1616,4166;0,3541;10,5118;19,32455;61,5456;21,69115;66,1885;117,1744;4,3446;37,60115;3,3548;35,39375
2025-08-28 10:00:00;4,27845;1,9558;8,3148;3,86965;102,07435;0,8259;150,49865;1616,05475;0,3559;10,5469;19,4414;61,5507;21,7338;66,55955;117,1781;4,3711;37,712;3,3576;35,6357
2025-08-28 11:00:00;4,2869;1,9558;8,3312;3,88345;102,2759;0,8275;150,7958;1619,24565;0,3565;10,54845;19,47975;61,5497;21,7428;66,69095;117,1877;4,37975;37,7865;3,35795;35,706
2025-08-29 10:00:00;4,2881;1,9558;8,3271;3,8973;102,9961;0,8264;150,83455;1623,04745;0,3568;10,5548;19,44975;61,55385;21,8331;66,7139;117,1945;4,3805;37,81955;3,36245;35,68835
2025-08-29 11:00:00;4,28545;1,9558;8,3221;3,89495;102,93435;0,8259;150,74415;1622,0742;0,3566;10,54845;19,4381;61,5519;21,7984;66,67395;117,1884;4,3779;37,79685;3,3618;35,66695
2025-09-01 10:00:00;4,3044;1,9558;8,3594;3,9252;103,36305;0,83085;151,4095;1633,0427;0,3582;10,56325;19,48875;61,54825;21,8202;66,9975;117,1783;4,3977;37,8641;3,3662;35,8918
2025-09-01 11:00:00;4,3046;1,9558;8,35975;3,9258;103,36745;0,8309;151,41595;1633,1124;0,3581;10,56455;19,48955;61,55085;21,80765;67,00035;117,17745;4,39785;37,86575;3,36645;35,89335
2025-09-02 10:00:00;4,27445;1,9558;8,31845;3,9461;102,59915;0,82505;150,35655;1618,7763;0,3559;10,52835;19,34155;61,5508;21,8337;66,95055;117,1838;4,36685;37,6997;3,38815;35,69105
2025-09-02 11:00:00;4,2726;1,9558;8,31485;3,94015;102,55505;0,8247;150,29195;1618,0808;0,3559;10,53775;19,33325;61,5476;21,8499;66,92175;117,1742;4,365;37,6835;3,388;35,6757
2025-09-03 10:00:00;4,2812;1,9558;8,3302;3,9261;102,6529;0,8264;150,5373;1622,80665;0,3566;10,5817;19,5005;61,55535;21,8037;66,8064;117,17775;4,3736;37,70135;3,38505;35,7979
2025-09-03 11:00:00;4,277;1,9558;8,32195;3,92615;102,55165;0,8256;150,38875;1621,2056;0,3563;10,60335;19,4813;61,55285;21,795;66,74045;117,18445;4,36925;37,66415;3,38515;35,7626
2025-09-04 10:00:00;4,27665;1,9558;8,31375;3,91705;102,64325;0,8242;150,43405;1621,35745;0,3561;10,60375;19,51455;61,5534;21,8508;66,34465;117,186;4,369;37,64925;3,3881;35,72635
2025-09-04 11:00:00;4,27995;1,9558;8,3202;3,9209;102,72265;0,82615;150,55035;1622,61065;0,3564;10,60245;19,5296;61,54855;21,8624;66,39595;117,1717;4,37235;37,67835;3,3879;35,75395
2025-09-05 10:00:00;4,2928;1,9558;8,3423;3,9033;103,15095;0,8273;151,00255;1625,1469;0,3573;10,63225;19,61745;61,5464;21,8311;66,52525;117,18475;4,38525;37,625;3,40075;35,71175
2025-09-05 11:00:00;4,295;1,9558;8,34655;3,90425;103,2039;0,8277;151,08005;1625,9812;0,3574;10,6377;19,62755;61,5605;21,83995;66,5594;117,1981;4,3875;37,6443;3,40165;35,73005
2025-09-08 10:00:00;4,3064;1,9558;8,3615;3,89955;103,4775;0,83125;151,48055;1630,52625;0,3581;10,6171;19,5799;61,5537;21,91835;66,4955;117,1102;4,39925;37,36015;3,4041;35,748
2025-09-08 11:00:00;4,30715;1,9558;8,3629;3,8991;103,4952;0,8314;151,4478;1630,8044;0,3582;10,6108;19,5833;61,55245;21,90805;66,50685;117,11255;4,4;37,3665;3,4118;35,7541
2025-09-09 10:00:00;4,3224;1,9558;8,3844;3,9254;103,69225;0,8343;152,0426;1633,19165;0,3592;10,5885;19,50545;61,5467;21,8808;67,06585;117,1504;4,4149;37,26335;3,41565;35,6912
2025-09-09 11:00:00;4,31725;1,9558;8,3744;3,92045;103,5689;0,8333;151,8617;1631,2487;0,3588;10,58225;19,48225;61,54985;21,8536;66,98605;117,1639;4,4092;37,21905;3,40845;35,6487
2025-09-10 10:00:00;4,30275;1,9558;8,343;3,9072;103,2062;0,83055;151,2928;1624,09835;0,3578;10,5809;19,50465;61,5539;21,83115;66,93665;117,18015;4,3948;37,2316;3,4043;35,42175
2025-09-10 11:00:00;4,2974;1,9558;8,33265;3,90305;103,07845;0,82955;151,1055;1622,08805;0,3575;10,5655;19,4805;61,5479;21,8129;66,8538;117,1755;4,3894;37,18555;3,40635;35,37785
2025-09-11 10:00:00;4,29215;1,9558;8,32405;3,9008;103,3495;0,8275;150,9767;1626,44635;0,35705;10,55145;19,41545;61,5534;21,7771;66,8235;117,153;4,38405;37,2183;3,404;35,40415
2025-09-11 11:00:00;4,2917;1,9558;8,32335;3,9006;103,3406;0,82745;150,96375;1626,3072;0,357;10,5514;19,4138;61,554;21,7653;66,8178;117,1605;4,3837;37,2151;3,40095;35,4011
2025-09-12 10:00:00;4,3057;1,9558;8,34915;3,90465;103,48185;0,83025;151,45475;1627,49335;0,3581;10,6038;19,47105;61,549;21,6702;66,9443;117,1547;4,3978;37,1779;3,40575;35,4096
2025-09-12 11:00:00;4,31015;1,9558;8,35765;3,9044;103,58775;0,8311;151,60975;1629,15935;0,3583;10,5783;19,49105;61,5475;21,66835;67,0128;117,1631;4,4023;37,216;3,40935;35,4458
2025-09-15 10:00:00;4,31525;1,9558;8,36795;3,9252;103,6365;0,8326;151,79065;1632,33665;0,3586;10,59955;19,5436;61,55635;21,64955;67,2014;117,1737;4,40685;37,4542;3,40515;35,4975
2025-09-15 11:00:00;4,3173;1,9558;8,3719;3,9243;103,685;0,833;151,8617;1633,1008;0,3588;10,58975;19,5528;61,54985;21,6485;67,23285;117,1815;4,4089;37,47175;3,40545;35,5141
2025-09-16 10:00:00;4,33935;1,9558;8,4076;3,9477;104,0326;0,83765;152,6369;1629,0838;0,36045;10,6402;19,564;61,55095;21,6781;67,2276;117,1595;4,4312;37,42675;3,41135;35,5507
2025-09-16 11:00:00;4,33765;1,9558;8,40445;3,95075;103,993;0,8373;152,57875;1628,4633;0,3604;10,5944;19,55655;61,55115;21,68165;67,20195;117,15025;4,4295;37,4125;3,4109;35,53715
2025-09-17 10:00:00;4,35095;1,9558;8,41745;3,94765;104,0183;0,83985;153,0439;1634,916;0,3612;10,6305;19,50955;61,55515;21,6666;67,38905;117,1757;4,44385;37,58285;3,41405;35,59215
2025-09-17 11:00:00;4,34745;1,9558;8,4107;3,9516;103,9349;0,83915;152,92115;1633,6048;0,361;10,63205;19,51165;61,54725;21,65455;67,335;117,2001;4,4406;37,55265;3,41425;35,56365
2025-09-18 10:00:00;4,34825;1,9558;8,4144;3,95845;104,3371;0,83935;152,89425;1642,9515;0,361;10,6349;19,57495;61,5543;21,623;67,5564;117,1834;4,44025;37,6405;3,421;35,56525
2025-09-18 11:00:00;4,3473;1,9558;8,41265;3,957;104,3151;0,83915;152,862;1642,60455;0,36105;10,63385;19,5708;61,5413;21,6001;67,54215;117,19415;4,4393;37,63255;3,4199;35,55775
2025-09-19 10:00:00;4,31945;1,9558;8,3646;3,92795;103,60115;0,83375;151,8804;1639,47925;0,3591;10,62595;19,5098;61,546;21,59665;67,1849;117,1649;4,4105;37,46145;3,41405;35,52165
2025-09-19 11:00:00;4,3198;1,9558;8,3653;3,9222;103,61;0,83385;151,89335;1639,61865;0,3591;10,627;19,5115;61,55125;21,59435;67,1906;117,17485;4,41085;37,46465;3,4141;35,52465
2025-09-22 10:00:00;4,32515;1,9558;8,37795;3,9464;103,99165;0,8349;152,1984;1639,9066;0,3596;10,6325;19,64155;61,5506;21,6569;67,1969;117,1545;4,4164;37,44315;3,41445;35,6085
2025-09-22 11:00:00;4,325;1,9558;8,3776;3,9457;103,98725;0,83485;152,133;1639,83695;0,35955;10,6439;19,6407;61,5597;21,65425;67,19405;117,16125;4,4162;37,44155;3,4154;35,607
2025-09-23 10:00:00;4,3347;1,9558;8,3946;3,95135;104,7457;0,8367;152,4754;1643,53595;0,3604;10,66725;19,6377;61,55665;21,6434;67,6108;117,1594;4,4265;37,55825;3,41825;35,71785
2025-09-23 11:00:00;4,33285;1,9558;8,391;3,94745;104,7013;0,83575;152,4108;1642,83965;0,3602;10,6658;19,6294;61,55415;21,6548;67,58215;117,16875;4,42465;37,54235;3,4172;35,70265
2025-09-24 10:00:00;4,3224;1,9558;8,38075;3,9417;104,37925;0,83435;152,0426;1644,8134;0,35945;10,66225;19,6232;61,5467;21,619;67,61305;117,16225;4,4141;37,66345;3,4153;35,6794
2025-09-24 11:00:00;4,3167;1,9558;8,3697;3,93665;104,24175;0,83325;151,8423;1642,64695;0,359;10,654;19,5973;61,5479;21,6193;67,524;117,1783;4,4083;37,61385;3,4142;35,6324
2025-09-25 10:00:00;4,3143;1,9558;8,36925;3,9325;104,15325;0,83275;151,69965;1645,02735;0,3588;10,61765;19,60405;61,55495;21,63845;68,2619;117,21335;4,40545;37,73695;3,41435;35,7425
2025-09-25 11:00:00;4,31485;1,9558;8,37035;3,92445;104,16655;0,8329;151,77775;1645,2374;0,3588;10,6233;19,6066;61,5569;21,64595;68,2706;117,20485;4,406;37,7418;3,41665;35,74705
2025-09-26 10:00:00;4,2891;1,9558;8,3311;3,9329;103,59985;0,82795;150,81495;1649,73885;0,357;10,6339;19,5715;61,55215;21,573;67,8463;117,2129;4,37965;37,6512;3,40905;35,6625
2025-09-26 11:00:00;4,2838;1,9558;8,3208;3,9291;103,4712;0,8269;150,6277;1647,69035;0,3567;10,637;19,5472;61,5457;21,58585;67,76205;117,2073;4,3742;37,60445;3,4087;35,61825
2025-09-29 10:00:00;4,3041;1,9558;8,3433;3,8827;104,01485;0,8301;151,338;1639,40685;0,35795;10,65375;19,5808;61,5547;21,50425;68,146;117,1976;4,3948;37,7964;3,41315;35,78615
2025-09-29 11:00:00;4,3046;1,9558;8,34435;3,8937;104,02815;0,83025;151,35735;1639,61665;0,35805;10,65025;19,5833;61,55085;21,51115;68,1548;117,195;4,3954;37,80125;3,40875;35,7908
2025-09-30 10:00:00;4,31565;1,9558;8,3638;3,87935;104,32235;0,83305;151,7448;1648,5136;0,35895;10,6902;19,6099;61,55565;21,55035;68,3821;117,20715;4,4064;38,07425;3,41265;35,8101
2025-09-30 11:00:00;4,31455;1,9558;8,3617;3,8881;104,29575;0,8328;151,7061;1648,0927;0,35895;10,6952;19,6049;61,5576;21,5366;68,36465;117,20075;4,4053;38,06455;3,41185;35,801
2025-10-01 10:00:00;4,30945;1,9558;8,3517;3,88735;104,06285;0,8317;151,6426;1646,30445;0,35855;10,6827;19,54635;61,6074;21,45695;68,19515;117,1901;4,40005;37,9605;3,4059;35,71905
2025-10-01 11:00:00;4,30685;1,9558;8,34675;3,8879;104,0008;0,8312;151,4935;1645,32225;0,3583;10,6806;19,5347;61,5472;21,44415;68,1545;117,1788;4,3974;37,9379;3,4086;35,6977
2025-10-02 10:00:00;4,31745;1,9558;8,3674;3,8924;104,258;0,8325;151,86815;1645,7476;0,3593;10,7014;19,65355;61,55835;21,5983;68,28185;117,17475;4,4083;38,0523;3,4125;35,7366
2025-10-02 11:00:00;4,31675;1,9558;8,36595;3,88955;104,24025;0,8324;151,84235;1645,46755;0,3592;10,70125;19,65025;61,5479;21,5976;68,27025;117,1783;4,40755;38,0458;3,4143;35,7305
2025-10-03 10:00:00;4,31085;1,9558;8,3546;3,88755;104,20325;0,8321;151,6356;1643,2274;0,359;10,7072;19,6587;61,6284;21,58285;67,91325;117,15965;4,40165;38,0145;3,4124;35,5757
2025-10-03 11:00:00;4,31055;1,9558;8,35495;3,8824;104,2077;0,83215;151,64205;1643,29735;0,35905;10,70005;19,6595;61,54885;21,5732;67,91615;117,1705;4,40185;38,01615;3,41485;35,5772
2025-10-06 10:00:00;4,2849;1,9558;8,30435;3,8253;103,58095;0,82715;150,66645;1633,3567;0,35735;10,66005;19,55805;61,54985;21,51035;68,07985;117,17915;4,3752;37,8562;3,4068;35,36195
2025-10-06 11:00:00;4,28405;1,9558;8,3026;3,8245;103,5588;0,82695;150,63415;1633,0067;0,35725;10,6586;19,55385;61,54835;21,504;68,06525;117,15985;4,3743;37,84805;3,4112;35,3544
2025-10-07 10:00:00;4,28465;1,9558;8,30365;3,82065;103,56335;0,82705;150,6535;1633,2167;0,3573;10,64465;19,5797;61,5504;21,43325;67,7795;117,14575;4,3755;37,9258;3,40255;35,5456
2025-10-07 11:00:00;4,2881;1,9558;8,3104;3,8235;103,6477;0,82775;150,893;1634,5468;0,3576;10,64825;19,4731;61,55385;21,45595;67,8347;117,177;4,3791;37,9567;3,4091;35,57455
2025-10-08 10:00:00;4,26455;1,9558;8,2649;3,81035;103,0998;0,8232;149,94965;1625,58615;0,3562;10,6046;19,70885;61,5473;21,38655;67,2945;117,17315;4,3552;37,7777;3,40185;35,44165
2025-10-08 11:00:00;4,273;1,9558;8,28125;3,8148;103,304;0,82485;150,30485;1628,8064;0,3569;10,6022;19,7479;61,5529;21,40565;67,42775;117,17845;4,36385;37,8525;3,4084;35,51185
2025-10-09 10:00:00;4,2702;1,9558;8,28375;3,77025;103,22875;0,82355;150,20795;1627,7563;0,35665;10,5948;19,7119;61,54805;21,2942;67,70405;117,17265;4,3607;37,88335;3,41355;35,49945
2025-10-09 11:00:00;4,26785;1,9558;8,2791;3,76865;103,171;0,82305;150,12395;1626,8462;0,3565;10,60815;19,7009;61,55435;21,27935;67,66615;117,1769;4,35825;37,8621;3,4136;35,47955
2025-10-10 10:00:00;4,25135;1,9558;8,24465;3,77255;102,6622;0,82065;149,4847;1644,44715;0,3554;10,60035;19,65355;61,5648;21,30115;67,4157;117,17445;4,34135;37,8718;3,405;35,34215
2025-10-10 11:00:00;4,25045;1,9558;8,24285;3,77125;102,64005;0,82045;149,4524;1644,0919;0,3553;10,6032;19,64925;61,5515;21,2942;67,4011;117,1781;4,3404;37,86355;3,405;35,33455
2025-10-13 10:00:00;4,25865;1,9558;8,27065;3,7925;102,8142;0,82205;149,80095;1653,6656;0,3558;10,6161;19,62375;61,54945;21,42145;67,54085;117,11025;4,3484;37,9372;3,40355;35,5783
2025-10-13 11:00:00;4,255;1,9558;8,2635;3,79305;102,72555;0,82135;149,61385;1652,23935;0,3555;10,61735;19,6068;61,55425;21,39365;67,4826;117,1193;4,34455;37,9045;3,41125;35,5476
2025-10-14 10:00:00;4,2447;1,9558;8,25255;3,84085;102,62025;0,81895;149,31;1654,1397;0,3548;10,6236;19,5594;61,55575;21,50315;67,28195;117,14825;4,33405;37,89665;3,40335;35,54085
2025-10-14 11:00:00;4,24345;1,9558;8,25005;3,8513;102,5892;0,8187;149,2648;1653,63865;0,3547;10,61955;19,5535;61,54865;21,5169;67,26155;117,159;4,3327;37,88515;3,40815;35,5301
2025-10-15 10:00:00;4,27355;1,9558;8,28885;3,8257;102,452;0,82495;150,3242;1653,74075;0,357;10,66475;19,6806;61,5492;21,46195;67,55285;117,13535;4,3636;37,8661;3,40515;35,5938
2025-10-15 11:00:00;4,26985;1,9558;8,2817;3,82675;102,36395;0,8242;150,195;1652,3194;0,3567;10,68115;19,6637;61,54275;21,44815;67,49475;117,1277;4,3598;37,83355;3,405;35,5632
2025-10-16 10:00:00;4,28235;1,9558;8,3069;3,84895;102,3981;0,82615;150,576;1652,89645;0,3566;10,76805;19,66875;61,55375;21,4957;67,78545;117,173;4,3727;37,95005;3,4088;35,69055
2025-10-16 11:00:00;4,28105;1,9558;8,30435;3,84665;102,3673;0,8259;150,53085;1652,40025;0,3565;10,75425;19,66285;61,55275;21,46535;67,7651;117,2019;4,3714;37,93865;3,4084;35,6798
2025-10-17 10:00:00;4,2972;1,9558;8,33755;3,88395;102,9278;0,82905;151,09905;1662,265;0,3576;10,71355;19,7312;61,62715;21,6704;68,05015;117,17635;4,3879;38,2135;3,4153;35,8964
2025-10-17 11:00:00;4,29365;1,9558;8,33075;3,8816;102,8442;0,82835;150,9764;1660,9152;0,3572;10,6935;19,71515;61,5479;21,63875;67,99485;117,18645;4,3843;38,18245;3,4097;35,8673
2025-10-20 10:00:00;4,28325;1,9558;8,3069;3,85825;102,541;0,8268;150,6083;1654,8252;0,3569;10,7442;19,7896;61,6369;21,46645;67,8408;117,1864;4,37375;38,13895;3,4121;35,7017
2025-10-20 11:00:00;4,28035;1,9558;8,3012;3,8616;102,4707;0,82625;150,50495;1653,69;0,3567;10,73695;19,776;61,6354;21,43955;67,7942;117,19925;4,37075;38,11275;3,4113;35,6772
2025-10-21 10:00:00;4,26855;1,9558;8,2711;3,82585;102,1893;0,8234;150,1498;1659,55025;0,356;10,70525;19,7333;61,64045;21,41085;67,672;117,19705;4,3585;38,06915;3,4095;35,64435
2025-10-21 11:00:00;4,2673;1,9558;8,2686;3,8235;102,15855;0,8232;150,1046;1659,05045;0,3559;10,70005;19,7274;61,5522;21,39745;67,65165;117,1966;4,3572;38,05765;3,40715;35,6336
2025-10-22 10:00:00;4,25865;1,9558;8,26075;3,82505;101,95185;0,82205;149,80095;1657,78165;0,3554;10,71475;19,76865;61,54945;21,33385;67,73505;117,2262;4,3484;38,1169;3,4073;35,62875
2025-10-22 11:00:00;4,25535;1,9558;8,25435;3,82005;101,87275;0,8214;149,6268;1656,4948;0,3553;10,7168;19,7533;61,5422;21,31845;67,68245;117,2279;4,345;38,0873;3,4048;35,60105
2025-10-23 10:00:00;4,2577;1,9558;8,257;3,834;101,85325;0,82195;149,78805;1668,7105;0,35545;10,7278;19,6742;61,5557;21,35525;67,9437;117,2393;4,34825;38,1136;3,40675;35,7167
2025-10-23 11:00:00;4,2563;1,9558;8,2531;3,8351;101,80495;0,8216;149,717;1667,9188;0,35535;10,72195;19,66485;61,5497;21,34335;67,91145;117,23;4,3462;38,09555;3,40755;35,69975
2025-10-24 10:00:00;4,2649;1,9558;8,2711;3,823;102,00925;0,82285;150,0206;1668,05005;0,3561;10,7358;19,87895;61,5468;21,36925;68,0782;117,22395;4,35445;38,0567;3,41025;35,7721
2025-10-24 11:00:00;4,26525;1,9558;8,2718;3,82015;102,018;0,8229;150,03355;1668,1937;0,3561;10,7146;19,88065;61,5463;21,36235;68,0841;117,234;4,3548;38,06;3,41095;35,7752
2025-10-27 10:00:00;4,2741;1,9558;8,2742;3,7881;102,68775;0,8245;150,28545;1665,7236;0,35675;10,71985;19,8344;61,6328;21,4356;68,55645;117,18535;4,3638;38,063;3,3888;35,713
2025-10-27 11:00:00;4,27595;1,9558;8,27775;3,79305;102,7319;0,8249;150,4082;1666,43935;0,3569;10,72185;19,84295;61,64175;21,43605;68,5859;117,18335;4,3657;38,07935;3,41865;35,72835
2025-10-28 10:00:00;4,2816;1,9558;8,2772;3,799;102,88905;0,82645;150,60845;1675,28575;0,3575;10,7368;19,8053;61,54895;21,47745;68,92785;117,2403;4,3715;37,82695;3,39085;35,6879
2025-10-28 11:00:00;4,28435;1,9558;8,28255;3,7965;102,95525;0,827;150,70535;1676,36365;0,3577;10,739;19,81805;61,5536;21,50465;68,9722;117,2399;4,3743;37,8513;3,42095;35,71085
2025-10-29 10:00:00;4,27635;1,9558;8,26515;3,7847;102,69555;0,82545;150,36295;1666,79855;0,3569;10,72575;19,78645;61,55395;21,46935;68,324;117,24;4,36605;37,57035;3,4209;35,608
2025-10-29 11:00:00;4,27815;1,9558;8,26865;3,78685;102,73965;0,82585;150,4275;1667,51435;0,35705;10,72785;19,79495;61,54545;21,47215;68,35335;117,2379;4,36805;37,5865;3,4145;35,6233
2025-10-30 10:00:00;4,2664;1,9558;8,2602;3,77515;103,0427;0,8236;150,0852;1657,50035;0,356;10,71945;19,719;61,5501;21,49985;68,3631;117,22215;4,35655;37,6055;3,415;35,66265
2025-10-30 11:00:00;4,26305;1,9558;8,2531;3,77445;102,954;0,8229;149,956;1656,0735;0,356;10,72485;19,70205;61,5493;21,47785;68,30425;117,23725;4,3528;37,57315;3,4142;35,63195
2025-10-31 10:00:00;4,25165;1,9558;8,2341;3,75185;102,75715;0,82025;149,5555;1649,2194;0,3552;10,7323;19,7073;61,55275;21,46445;68,1218;117,21935;4,34115;37,4294;3,41125;35,58425
2025-10-31 11:00:00;4,25015;1,9558;8,2313;3,75705;102,72165;0,81995;149,44595;1648,6495;0,35505;10,7215;19,70055;61,54885;21,48075;68,0983;117,20775;4,33965;37,41645;3,41085;35,57195
2025-11-03 10:00:00;4,22965;1,9558;8,2009;3,74345;102,23605;0,81645;148,80905;1644,8611;0,3537;10,70715;19,6109;61,55615;21,34165;67,7227;117,2163;4,3189;37,38505;3,39905;35,50345
2025-11-03 11:00:00;4,22965;1,9558;8,2009;3,74685;102,23605;0,81645;148,80905;1644,8611;0,3537;10,7354;19,5994;61,55615;21,3319;67,7227;117,21055;4,3189;37,38505;3,4043;35,50345
2025-11-04 10:00:00;4,22415;1,9558;8,1917;3,7644;101,962;0,81535;148,5865;1654,347;0,3535;10,71055;19,63135;61,48745;21,43865;67,30665;117,19585;4,31325;37,43415;3,397;35,54115
2025-11-04 11:00:00;4,22525;1,9558;8,19385;3,756;101,9886;0,8156;148,62525;1654,7785;0,3536;10,71425;19,6365;61,54375;21,41035;67,32425;117,20345;4,3144;37,4439;3,3976;35,5504
2025-11-05 10:00:00;4,2181;1,9558;8,18195;3,7604;101,8157;0,81375;148,3733;1664,2613;0,3527;10,68735;19,68355;61,54275;21,43775;67,5661;117,23445;4,30695;37,3632;3,4007;35,5516
2025-11-05 11:00:00;4,2179;1,9558;8,1816;3,76245;101,8113;0,81375;148,36685;1664,1889;0,3528;10,70755;19,6827;61,5516;21,44775;67,56315;117,22935;4,30675;37,36155;3,3988;35,55005
2025-11-06 10:00:00;4,2284;1,9558;8,19975;3,74285;102,0354;0,81625;148,748;1666,9097;0,3536;10,7308;19,7103;61,55425;21,39575;67,8576;117,20235;4,3178;37,2676;3,40425;35,62465
2025-11-06 11:00:00;4,22765;1,9558;8,1983;3,74085;102,0177;0,81615;148,72215;1666,62015;0,35355;10,72895;19,70685;61,5551;21,40125;67,8458;117,205;4,3171;37,2611;3,40205;35,61845
2025-11-07 10:00:00;4,2381;1,9558;8,218;3,76165;102,3054;0,81765;149,07745;1681,1595;0,3543;10,71595;19,6732;61,55215;21,3993;68,1464;117,20235;4,3275;37,3213;3,4036;35,8022
2025-11-07 11:00:00;4,2423;1,9558;8,2262;3,76065;102,40735;0,8185;149,226;1682,835;0,3545;10,71355;19,69275;61,54995;21,401;68,2143;117,2152;4,3318;37,3585;3,40775;35,83795
2025-11-10 10:00:00;4,2491;1,9558;8,23395;3,74255;102,6126;0,81975;149,4072;1679,1678;0,3553;10,72215;19,63755;61,55025;21,25825;68,2079;117,1889;4,33875;37,43855;3,40985;35,8554
2025-11-10 11:00:00;4,2467;1,9558;8,2293;3,74045;102,55495;0,8193;149,32325;1678,2243;0,3551;10,71355;19,6265;61,54455;21,2498;68,16955;117,18665;4,3363;37,41755;3,40745;35,8353
2025-11-11 10:00:00;4,24755;1,9558;8,23545;3,7255;102,43205;0,82;149,4263;1692,61095;0,3552;10,72895;19,62665;61,54585;21,2574;68,2307;117,199;4,33765;37,478;3,40875;35,90855
2025-11-11 11:00:00;4,25115;1,9558;8,2422;3,72815;102,51615;0,82065;149,549;1694,00125;0,3555;10,7333;19,6428;61,55585;21,2743;68,28675;117,2258;4,3412;37,5088;3,4114;35,93805
2025-11-12 10:00:00;4,24925;1,9558;8,23395;3,7014;102,5462;0,82025;149,41365;1696,4782;0,35535;10,75975;19,5979;61,5413;21,1632;68,4856;117,194;4,3387;37,6079;3,3961;35,9038
2025-11-12 11:00:00;4,2498;1,9558;8,235;3,70285;102,55945;0,82035;149,4909;1696,69815;0,3554;10,7608;19,60045;61,5493;21,17;68,49445;117,18025;4,3393;37,6128;3,4053;35,9085
2025-11-13 10:00:00;4,2669;1,9558;8,24335;3,7181;103,00505;0,82365;150,20785;1705,4337;0,35635;10,7736;19,66175;61,55275;21,2167;68,56355;117,1865;4,3568;37,5171;3,40515;36,10855
2025-11-13 11:00:00;4,26675;1,9558;8,243;3,7248;103,0006;0,8236;150,20135;1705,3603;0,3563;10,76605;19,66095;61,5501;21,21;68,5606;117,1931;4,35665;37,5155;3,41235;36,107
2025-11-14 10:00:00;4,26855;1,9558;8,2516;3,758;103,1321;0,8232;150,3242;1693,65935;0,3565;10,75725;19,6171;61,5533;21,32605;68,654;117,16215;4,35805;37,6711;3,41065;36,21665
2025-11-14 11:00:00;4,26635;1,9558;8,24735;3,76025;103,07885;0,8228;150,18845;1692,78495;0,3563;10,74855;19,607;61,55055;21,33125;68,6186;117,21205;4,3558;37,6516;3,4058;36,19795
2025-11-17 10:00:00;4,26125;1,9558;8,24315;3,74585;102,8328;0,82185;150,18145;1691,9628;0,3559;10,71435;19,65875;61,546;21,24815;68,37345;117,25055;4,3508;37,6295;3,4147;36,1503
2025-11-17 11:00:00;4,2594;1,9558;8,2396;3,7498;102,7885;0,8215;150,11675;1691,2336;0,3557;10,71285;19,6503;61,55425;21,24535;68,34395;117,20585;4,3489;37,61325;3,41535;36,1347
2025-11-18 10:00:00;4,25665;1,9558;8,2423;3,7788;102,6945;0,82095;150,3673;1697,7306;0,3556;10,7197;19,66655;61,5492;21,3846;68,3722;117,1822;4,3462;37,586;3,40975;36,1594
2025-11-18 11:00:00;4,25425;1,9558;8,23765;3,77835;102,63685;0,8205;150,283;1696,7784;0,3555;10,71555;19,6555;61,54945;21,35925;68,33385;117,18015;4,3438;37,56495;3,40945;36,13915
2025-11-19 10:00:00;4,2513;1,9558;8,22925;3,77675;102,53705;0,82075;150,4685;1696,0694;0,3555;10,7099;19,68825;61,5532;21,22015;68,2201;117,24395;4,3407;37,51875;3,41235;36,16225
2025-11-19 11:00:00;4,24965;1,9558;8,22605;3,7766;102,4972;0,8204;150,41005;1695,41;0,3555;10,7062;19,6806;61,55245;21,2026;68,19355;117,24465;4,33905;37,5042;3,41215;36,14815
2025-11-20 10:00:00;4,23315;1,9558;8,2027;3,76085;102,2428;0,8172;149,66515;1692,18975;0,3541;10,70665;19,8017;61,5431;21,1439;68,0668;117,254;4,3227;37,3961;3,4075;36,051
2025-11-20 11:00:00;4,2335;1,9558;8,2034;3,7555;102,2517;0,81725;149,87985;1692,33655;0,35435;10,70835;19,8034;61,5542;21,148;68,0727;117,2815;4,3231;37,39935;3,41075;36,05415
2025-11-21 10:00:00;4,23355;1,9558;8,19555;3,79285;103,1449;0,81655;149,21055;1700,908;0,35415;10,70655;19,7795;61,55155;21,2635;67,8104;117,2591;4,3229;37,43805;3,4081;36,2301
2025-11-21 11:00:00;4,23105;1,9558;8,1906;3,78945;103,08225;0,81605;149,06235;1699,87505;0,35395;10,70355;19,7675;61,54875;21,25465;67,7692;117,28005;4,3203;37,41535;3,40775;36,2081
2025-11-24 10:00:00;4,2351;1,9558;8,19315;3,7786;102,90105;0,81705;149,32;1702,65135;0,3544;10,70655;19,84975;61,5556;21,29105;67,8887;117,2883;4,32465;37,4626;3,40945;36,24035
2025-11-24 11:00:00;4,2387;1,9558;8,20025;3,78515;102,99035;0,81775;149,73805;1704,128;0,35465;10,7112;19,81505;61,5513;21,30895;67,9476;117,29765;4,3284;37,4951;3,4111;36,2718
2025-11-25 10:00:00;4,23615;1,9558;8,18265;3,7697;102,91085;0,8178;149,48715;1698,51285;0,3543;10,7023;19,7932;61,5539;21,32845;67,94395;117,3001;4,32615;37,268;3,409;36,26855
2025-11-25 11:00:00;4,2375;1,9558;8,18475;3,7728;102,93755;0,818;149,526;1698,9546;0,3544;10,70585;19,79835;61,54685;21,3109;67,96165;117,29025;4,32725;37,27765;3,40725;36,27795
2025-11-26 10:00:00;4,24995;1,9558;8,19325;3,79875;103,3018;0,82045;150,14675;1696,10805;0,3553;10,716;19,70715;61,5457;21,2884;68,1128;117,3054;4,3403;37,29945;3,41165;36,258
2025-11-26 11:00:00;4,2503;1,9558;8,19395;3,79745;103,31075;0,8205;149,9861;1696,25465;0,35535;10,7235;19,7088;61,551;21,28275;68,1187;117,29815;4,3407;37,3027;3,41115;36,2611
2025-11-27 10:00:00;4,2522;1,9558;8,1977;3,78885;103,39575;0,8204;150,1602;1695,87225;0,35555;10,71105;19,64705;61,546;21,25165;68,0439;117,3785;4,3425;37,32585;3,413;36,2723
2025-11-27 11:00:00;4,25475;1,9558;8,20265;3,79305;103,4583;0,82085;150,3668;1696,8976;0,3556;10,72415;19,65895;61,55425;21,25235;68,085;117,3858;4,3451;37,34845;3,41355;36,29425
2025-11-28 10:00:00;4,24915;1,9558;8,19;3,7719;103,4818;0,8198;149,81855;1701,39505;0,3553;10,7418;19,65;61,55295;21,22855;67,84645;117,3791;4,34015;37,2464;3,4132;36,3093
2025-11-28 11:00:00;4,2458;1,9558;8,1836;3,77165;103,4013;0,81915;149,70205;1700,07155;0,3551;10,7336;19,63475;61,55135;21,2045;67,79365;117,40345;4,3367;37,2174;3,4146;36,28105
2025-12-01 10:00:00;4,2688;1,9558;8,2198;3,79685;104,0897;0,82405;150,3952;1708,60665;0,3568;10,75375;19,71755;61,5528;21,25175;67,9742;117,3873;4,3619;37,192;3,41295;36,54
2025-12-01 11:00:00;4,2708;1,9558;8,22365;3,7948;104,1389;0,8244;150,4082;1709,4152;0,3568;10,7565;19,7269;61,55285;21,2583;68,0064;117,3789;4,364;37,2096;3,41655;36,55725
2025-12-02 10:00:00;4,2646;1,9558;8,2103;3,77895;104,3655;0,82335;150,01415;1705,13345;0,35655;10,7578;19,7213;61,54995;21,26555;67,95915;117,38145;4,3585;37,161;3,43275;36,48875
2025-12-02 11:00:00;4,2628;1,9558;8,20675;3,77765;104,3205;0,82305;150,0656;1704,3992;0,3564;10,7488;19,7128;61,55245;21,2593;67,92995;117,33665;4,3568;37,145;3,4167;36,473
2025-12-03 10:00:00;4,27755;1,9558;8,2295;3,7752;105,05145;0,82575;150,764;1709,70625;0,3575;10,75285;19,7903;61,5518;21,2729;68,627;117,39095;4,3707;37,18145;3,42115;36,4751
2025-12-03 11:00:00;4,28275;1,9558;8,23935;3,7787;105,17775;0,82675;150,8869;1711,7614;0,3578;10,7575;19,81415;61,54995;21,288;68,7095;117,38045;4,37595;37,22615;3,4106;36,51895
2025-12-04 10:00:00;4,2897;1,9558;8,25625;3,7786;105,0907;0,8277;151,0744;1721,03275;0,3583;10,76875;19,86685;61,551;21,32615;68,92655;117,4257;4,3832;37,4182;3,4098;36,5901
2025-12-04 11:00:00;4,28495;1,9558;8,24705;3,77535;104,9737;0,8267;150,9062;1719,11715;0,3579;10,76935;19,8447;61,5525;21,3112;68,84985;117,365;4,3783;37,37655;3,41985;36,5494
2025-12-05 10:00:00;4,28055;1,9558;8,24055;3,7597;104,8861;0,8259;150,751;1712,10435;0,3576;10,76225;19,83015;61,54745;21,22865;68,6916;117,4016;4,3738;37,3381;3,41015;36,4366
2025-12-05 11:00:00;4,27905;1,9558;8,2377;3,75895;104,8501;0,8256;150,69925;1711,51675;0,3577;10,756;19,82335;61,55545;21,2202;68,66805;117,373;4,3723;37,3253;3,41395;36,4241
2025-12-08 10:00:00;4,27845;1,9558;8,2374;3,75635;104,93565;0,8255;150,56335;1708,79185;0,3577;10,7523;19,7509;61,57665;21,19535;68,65925;117,32295;4,3728;37,1021;3,4124;36,2814
2025-12-08 11:00:00;4,27915;1,9558;8,2388;3,7487;104,9537;0,82565;150,5892;1709,0852;0,35775;10,7555;19,7543;61,5872;21,1955;68,671;117,36635;4,37355;37,1084;3,4128;36,28765
2025-12-09 10:00:00;4,28015;1,9558;8,2385;3,7427;104,74895;0,8258;150,6215;1715,5118;0,3577;10,77515;19,78765;61,5538;21,26705;69,02365;117,409;4,3733;37,0756;3,40465;36,34785
2025-12-09 11:00:00;4,27685;1,9558;8,23215;3,74135;104,66805;0,8252;150,5634;1714,18685;0,3575;10,7807;19,77235;61,5529;21,26635;68,97035;117,25435;4,36995;37,047;3,4197;36,31975
2025-12-10 10:00:00;4,2733;1,9558;8,2188;3,7503;104,70495;0,82495;150,38885;1711,00035;0,3574;10,7573;19,80945;61,54605;21,18535;68,906;117,44295;4,36645;37,01835;3,4152;36,2847
2025-12-10 11:00:00;4,27335;1,9558;8,21845;3,75355;104,70045;0,82495;150,38235;1710,9268;0,35725;10,75445;19,8086;61,5492;21,1798;68,90305;117,4553;4,3663;37,0168;3,41295;36,28315
2025-12-11 10:00:00;4,2979;1,9558;8,25945;3,764;105,7334;0,82965;151,07285;1723,8802;0,3591;10,76255;19,9285;61,55255;21,2836;69,0418;117,3769;4,3915;37,15675;3,4185;36,5834
2025-12-11 11:00:00;4,2999;1,9558;8,26335;3,7616;105,7831;0,83005;151,0268;1724,69045;0,3592;10,76225;19,9379;61,54635;21,29535;69,07425;117,38525;4,3936;37,17425;3,4221;36,60055
2025-12-12 10:00:00;4,3089;1,9558;8,2774;3,758;106,0778;0,8314;151,28415;1728,8862;0,3599;10,7826;19,833;61,5461;21,1487;69,30095;117,3669;4,4026;37,0614;3,4216;36,5757
2025-12-12 11:00:00;4,3071;1,9558;8,27385;3,7578;106,0326;0,83105;151,2197;1728,14935;0,3597;10,7896;19,8245;61,5492;21,15725;69,2714;117,3462;4,4007;37,0456;3,42085;36,5601
2025-12-15 10:00:00;4,31315;1,9558;8,2795;3,77075;106,55315;0,8322;151,4618;1727,427;0,36;10,79525;19,823;61,61235;21,1066;69,3395;117,253;4,4063;36,90105;3,4135;36,8376
2025-12-15 11:00:00;4,3128;1,9558;8,2788;3,7711;106,5441;0,8321;151,4489;1727,27995;0,3603;10,7935;19,8213;61,54835;21,11065;69,3336;117,23125;4,4059;36,89785;3,41855;36,83445
2025-12-16 10:00:00;4,3177;1,9558;8,27945;3,78175;107,0253;0,83265;151,5413;1736,55265;0,3605;10,78455;19,798;61,5453;21,1241;69,04005;117,4063;4,4102;37,0565;3,4218;37,0882
2025-12-16 11:00:00;4,3183;1,9558;8,28015;3,78415;107,0344;0,8327;151,5542;1736,7004;0,3605;10,7706;19,79965;61,55055;21,11;69,0459;117,3869;4,4106;37,05965;3,4187;37,0914
2025-12-17 10:00:00;4,303;1,9558;8,25525;3,77535;105,88495;0,8298;150,96715;1733,74915;0,3595;10,7338;19,77165;61,5468;21,0557;68,80515;116,9834;4,3947;36,907;3,41835;36,972
2025-12-17 11:00:00;4,3063;1,9558;8,2616;3,7776;105,9663;0,83045;151,0831;1735,0809;0,3598;10,73755;19,7868;61,5472;21,06075;68,858;117,3019;4,3981;36,9353;3,41855;37,0004
2025-12-18 10:00:00;4,3051;1,9558;8,25435;3,7789;105,79985;0,83105;151,1552;1732,9805;0,3599;10,73025;19,76915;61,55225;21,10195;68,63815;117,12035;4,3968;36,88325;3,41835;36,98235
2025-12-18 11:00:00;4,30595;1,9558;8,2561;3,7793;105,8224;0,83125;151,18745;1733,35015;0,3601;10,73505;19,7734;61,5537;21,1129;68,6528;117,2626;4,3974;36,89115;3,41855;36,9902
2025-12-19 10:00:00;4,30185;1,9558;8,24695;3,7584;104,6336;0,8297;150,97415;1730,69765;0,35975;10,72985;19,8293;61,5492;21,12175;68,7787;117,38265;4,3931;36,85925;3,41835;36,9377
2025-12-19 11:00:00;4,3033;1,9558;8,24975;3,7609;104,66935;0,8301;151,0257;1731,28875;0,36;10,7297;19,83605;61,5468;21,1231;68,8022;117,3759;4,3946;36,8718;3,4089;36,95035
2025-12-22 10:00:00;4,30815;1,9558;8,256;3,75965;105,161;0,831;151,20615;1735,9381;0,3608;10,74475;19,85975;61,54995;21,1096;68,89325;117,3754;4,3994;36,5757;3,4104;36,9898
2025-12-22 11:00:00;4,30855;1,9558;8,25635;3,7551;105,1655;0,83105;151,2126;1736,01205;0,3608;10,74375;19,8606;61,535;21,1023;68,8962;117,36865;4,3995;36,57725;3,4098;36,99135
2025-12-23 10:00:00;4,3312;1,9558;8,2891;3,7667;105,7434;0,83615;152,0118;1750,0223;0,3621;10,74885;19,84765;61,55355;21,16255;69,4136;117,35215;4,4232;36,70275;3,4047;37,18335
2025-12-23 11:00:00;4,3333;1,9558;8,29335;3,7639;105,7972;0,83655;152,08915;1750,91265;0,3623;10,75445;19,8577;61,5554;21,17865;69,4489;117,41185;4,42545;36,72145;3,40485;37,20225
2025-12-24 10:00:00;4,33375;1,9558;8,27915;3,75535;105,94335;0,83665;152,102;1712,2981;0,3623;10,75455;19,7945;61,5488;21,11375;69,4548;117,38055;4,4258;36,60655;3,4072;37,12515
2025-12-24 11:00:00;4,33205;1,9558;8,276;3,75035;105,90295;0,8363;152,044;1711,6451;0,3623;10,76435;19,78695;61,54895;21,1004;69,4283;117,377;4,42415;36,5926;3,4045;37,111
2025-12-29 10:00:00;4,32525;1,9558;8,2544;3,7658;105,96645;0,8338;151,9758;1684,03955;0,36245;10,716;19,7492;61,5558;21,0917;69,2841;117,3234;4,417;37,04295;3,4031;37,01005
2025-12-29 11:00:00;4,32105;1,9558;8,24635;3,7641;105,86295;0,83295;151,65085;1682,395;0,3622;10,71375;19,7299;61,54275;21,0605;69,21645;117,30885;4,4127;37,0068;3,3906;36,97385
2025-12-30 10:00:00;4,32265;1,9558;8,22695;3,73855;105,6843;0,83445;151,83305;1695,52735;0,3623;10,71225;19,75595;61,54535;21,14715;69,24585;117,29395;4,41405;37,08135;3,39025;36,9225
2025-12-30 11:00:00;4,32415;1,9558;8,22975;3,7445;105,7202;0,83475;151,9435;1696,1036;0,36235;10,7131;19,7627;61,5545;21,14845;69,2694;117,30435;4,41555;37,09395;3,38625;36,93505
2025-12-31 10:00:00;4,3104;1,9558;8,20165;3,7299;105,48695;0,8305;151,2835;1690,70155;0,3614;10,709;19,75255;61,558;21,10105;69,04875;117,31805;4,40155;36,97585;3,3892;36,87665
2025-12-31 11:00:00;4,3115;1,9558;8,20375;3,74135;105,51395;0,8307;151,43955;1691,1337;0,361;10,7099;19,7576;61,56785;21,09235;69,0664;117,307;4,40265;36,9853;3,3894;36,8861
2026-01-02 10:00:00;4,30485;1,9558;8,1908;3,7232;105,72195;0,82975;151,2009;1690,63705;0,3605;10,70165;19,72645;61,547;21,02395;68,97225;117,29795;4,3957;36,927;3,39075;36,76935
2026-01-02 11:00:00;4,305;1,9558;8,19115;3,7246;105,72645;0,8298;151,20735;1690,7092;0,36025;10,70365;19,7273;61,54965;21,0149;68,9752;117,30295;4,3959;36,9286;3,38685;36,77095
2026-01-05 10:00:00;4,291;1,9558;8,15525;3,71125;105,47695;0,8283;150,7043;1687,01145;0,35925;10,71845;19,6967;61,5493;21,0419;69,0845;117,29815;4,3815;36,59545;3,3827;36,7952
2026-01-05 11:00:00;4,2932;1,9558;8,15945;3,69965;105,53105;0,8287;150,7817;1687,8779;0,35925;10,7249;19,7068;61,54585;21,02235;69,11995;117,29415;4,3838;36,61425;3,39105;36,8141
2026-01-06 10:00:00;4,3024;1,9558;8,17745;3,7004;105,62505;0,8304;151,04565;1693,1279;0,35995;10,7619;19,7841;61,5486;21,0345;69,36735;117,2931;4,39315;36,60175;3,37335;36,93385
2026-01-06 11:00:00;4,302;1,9558;8,17675;3,7106;105,616;0,83035;151,09125;1692,98335;0,35995;10,76235;19,7824;61,5492;21,04385;69,3614;117,3066;4,3928;36,59865;3,38415;36,93065
2026-01-07 10:00:00;4,2923;1,9558;8,17;3,7141;105,05715;0,82855;150,74945;1690,0878;0,35925;10,7716;19,7377;61,55605;21,0132;69,36925;117,3158;4,38255;36,5538;3,3768;36,79045
2026-01-07 11:00:00;4,293;1,9558;8,1714;3,7118;105,07515;0,82865;150,7752;1690,37705;0,35925;10,7722;19,74105;61,54905;21,0074;69,38115;117,3008;4,38325;36,56005;3,3752;36,79675
2026-01-08 10:00:00;4,2895;1,9558;8,1526;3,70955;105,13865;0,82775;150,65265;1693,96645;0,3589;10,76805;19,725;61,55745;20,9874;69,1484;117,3339;4,37945;36,81065;3,3807;36,8667
2026-01-08 11:00:00;4,2901;1,9558;8,15365;3,7115;105,15215;0,8279;150,672;1694,18405;0,359;10,7619;19,7275;61,55365;20,982;69,1573;117,3256;4,38;36,81535;3,37055;36,8714
2026-01-09 10:00:00;4,2765;1,9558;8,1296;3,6885;104,9791;0,82465;150,1947;1697,7241;0,35805;10,7679;19,7349;61,55075;20,9731;68,9906;117,3207;4,36625;36,59395;3,36855;36,8297
2026-01-09 11:00:00;4,27775;1,9558;8,13205;3,68905;105,01065;0,82485;150,2399;1698,23445;0,35805;10,7557;19,74085;61,5518;20,9794;69,01135;117,32105;4,36755;36,60495;3,37175;36,84075
2026-01-12 10:00:00;4,291;1,9558;8,1474;3,6891;105,3309;0,8273;150,70425;1715,69195;0,35935;10,7694;19,68505;61,54345;20,92745;69,23635;117,3332;4,38105;36,49615;3,37635;36,9547
2026-01-12 11:00:00;4,2921;1,9558;8,1495;3,68635;105,35795;0,8275;150,743;1716,1326;0,3595;10,77125;19,69005;61,54755;20,9217;69,2541;117,3575;4,3822;36,5055;3,379;36,9642
2026-01-13 10:00:00;4,2877;1,9558;8,14425;3,6655;105,30225;0,8263;150,5882;1720,5572;0,3594;10,75675;19,90915;61,5544;20,9008;69,2822;117,35955;4,3778;36,7365;3,3766;36,9326
2026-01-13 11:00:00;4,28475;1,9558;8,1387;3,6721;105,2301;0,82575;150,485;1719,3781;0,3591;10,75315;19,8955;61,5472;20,8894;69,23475;117,34325;4,3748;36,71135;3,37555;36,9073
2026-01-14 10:00:00;4,2798;1,9558;8,12545;3,66525;105,21175;0,82615;150,3108;1721,6995;0,3588;10,74515;19,9191;61,55755;20,7557;69,2682;117,37065;4,36985;36,62225;3,365;36,8127
2026-01-14 11:00:00;4,28105;1,9558;8,1279;3,6757;105,24335;0,82635;150,356;1722,21675;0,3589;10,7508;19,9251;61,55275;20,77765;69,289;117,3709;4,37115;36,6332;3,36565;36,8238
2026-01-15 10:00:00;4,2735;1,9558;8,10955;3,6713;105,06725;0,825;150,10445;1710,3175;0,35845;10,7363;19,90925;61,54865;20,6987;69,2051;117,3665;4,36385;36,5312;3,363;36,73195
2026-01-15 11:00:00;4,2741;1,9558;8,1099;3,67265;105,07175;0,82505;150,1109;1710,391;0,35855;10,73165;19,9101;61,5455;20,70195;69,20805;117,36575;4,36405;36,5328;3,3635;36,73355
2026-01-16 10:00:00;4,2642;1,9558;8,09015;3,64415;105,50135;0,8218;149,8206;1710,834;0,3577;10,71755;19,9045;61,5536;20,51225;68,9024;117,33725;4,3537;36,4538;3,3652;36,64885
2026-01-16 11:00:00;4,26565;1,9558;8,09295;3,64225;105,53765;0,82205;149,87225;1711,42345;0,3578;10,71845;19,91135;61,54;20,5042;68,9261;117,3312;4,3552;36,4664;3,36525;36,6615
2026-01-19 10:00:00;4,2694;1,9558;8,09445;3,67755;105,6912;0,824;149,94965;1712,9708;0,3581;10,725;19,8538;61,67695;20,50935;69,1111;117,3094;4,359;36,3308;3,36645;36,7086
2026-01-19 11:00:00;4,2698;1,9558;8,09515;3,6803;105,7003;0,8241;149,96255;1713,11815;0,3581;10,7258;19,8555;61,68225;20,52105;69,117;117,3137;4,3594;36,33395;3,3726;36,71175
2026-01-20 10:00:00;4,30715;1,9558;8,16205;3,72655;106,6848;0,8314;151,2719;1733,8217;0,3606;10,7594;19,9761;61,5466;20,67735;69,72575;117,394;4,39745;36,4372;3,377;37,05045
2026-01-20 11:00:00;4,3086;1,9558;8,16485;3,72355;106,72115;0,8317;151,32345;1734,4131;0,3607;10,7605;19,9829;61,54995;20,67795;69,74955;117,3754;4,39895;36,4496;3,37755;37,0631
2026-01-21 10:00:00;4,2983;1,9558;8,15095;3,70855;107,31485;0,8297;150,96225;1722,13995;0,35965;10,75575;19,83575;61,54345;20,53265;69,36075;117,3878;4,38845;36,3772;3,3708;37,0612
2026-01-21 11:00:00;4,3;1,9558;8,1541;3,71025;107,3561;0,83005;151,0203;1722,80215;0,35975;10,7581;19,84335;61,55545;20,537;69,3874;117,4095;4,3901;36,3912;3,3715;37,07545
2026-01-22 10:00:00;4,29465;1,9558;8,14145;3,673;107,1267;0,82835;150,83325;1718,5637;0,35945;10,74665;19,9591;61,5494;20,41745;69,1734;117,39855;4,3847;36,70275;3,3722;36,93365
2026-01-22 11:00:00;4,2954;1,9558;8,14285;3,6702;107,145;0,8285;150,8591;1718,8577;0,35935;10,749;19,96255;61,54815;20,43265;69,18525;117,4011;4,38545;36,709;3,37;36,94
2026-01-23 10:00:00;4,31045;1,9558;8,17295;3,6862;107,9087;0,8307;151,388;1720,2483;0,3604;10,7633;19,9738;61,5175;20,4855;69,35975;117,3961;4,4008;36,60305;3,3739;37,0273
2026-01-23 11:00:00;4,3099;1,9558;8,1719;3,6878;107,8949;0,8306;151,36865;1720,02845;0,36035;10,7576;19,97125;61,5566;20,47645;69,3509;117,39865;4,40025;36,59835;3,3737;37,0225
2026-01-26 10:00:00;4,35715;1,9558;8,25325;3,7261;109,07645;0,84105;153,02625;1709,56425;0,36385;10,7886;20,01205;61,5486;20,61465;69,9591;117,3913;4,4483;36,8746;3,37945;37,31405
2026-01-26 11:00:00;4,3562;1,9558;8,2515;3,7211;109,0535;0,84085;152,994;1709,20395;0,36385;10,78845;20,00785;61,5475;20,5979;69,94435;117,42585;4,4474;36,8668;3,37745;37,3062
2026-01-27 10:00:00;4,3663;1,9558;8,27065;3,6938;109,0374;0,84185;153,34875;1718,87315;0,36445;10,79135;20,04235;61,6605;20,59215;70,2432;117,40695;4,4577;36,90775;3,37795;37,3297
2026-01-27 11:00:00;4,36655;1,9558;8,27205;3,6958;109,0557;0,84205;153,3746;1719,1623;0,36455;10,8015;20,0457;61,6649;20,6057;70,25505;117,39695;4,45845;36,91395;3,38205;37,336
2026-01-28 10:00:00;4,403;1,9558;8,32595;3,7087;110,03325;0,8499;154,63875;1705,28185;0,36745;10,84715;20,10305;61,54985;20,58555;70,4176;117,4056;4,49585;37,2212;3,37975;37,5311
2026-01-28 11:00:00;4,4034;1,9558;8,32665;3,70595;110,04245;0,85;154,59175;1705,4241;0,36735;10,84805;20,10475;61,543;20,57705;70,42345;117,4034;4,49625;37,2243;3,39015;37,5342
2026-01-29 10:00:00;4,39125;1,9558;8,30465;3,6873;109,94205;0,8476;154,1662;1704,97395;0,36655;10,8225;20,1092;61,5649;20,50485;70,4717;117,409;4,4839;37,27725;3,37895;37,38785
2026-01-29 11:00:00;4,3861;1,9558;8,2949;3,6864;109,81335;0,8467;153,98565;1702,9774;0,36625;10,81765;20,08565;61,5525;20,50955;70,3892;117,39095;4,47865;37,2336;3,37785;37,34405
2026-01-30 10:00:00;4,37315;1,9558;8,2739;3,6931;109,53415;0,8442;153,60675;1713,9656;0,36545;10,82595;20,02845;61,5499;20,647;70,11195;117,3901;4,4661;37,46695;3,38405;37,4729
2026-01-30 11:00:00;4,37795;1,9558;8,28295;3,69035;109,6537;0,8452;153,77445;1715,8368;0,36575;10,83225;20,0503;61,55155;20,6308;70,1885;117,39905;4,471;37,50785;3,385;37,5138
2026-02-02 10:00:00;4,3575;1,9558;8,24715;3,6772;108,57175;0,8411;153,0392;1737,17235;0,36435;10,81865;20,08495;61,5538;20,6499;69,8642;117,44275;4,4495;37,45305;3,3774;37,54205
2026-02-02 11:00:00;4,3586;1,9558;8,24925;3,68585;108,59925;0,8413;153,01855;1737,61165;0,36445;10,82295;20,09;61,54565;20,6744;69,8818;117,4487;4,4503;37,46255;3,3806;37,55155
2026-02-03 10:00:00;4,33155;1,9558;8,1808;3,64715;106,4534;0,83615;152,08365;1705,05865;0,36245;10,8275;19,9732;61,5529;20,46025;69,46605;117,4329;4,4229;37,18945;3,3735;37,2419
2026-02-03 11:00:00;4,32915;1,9558;8,1763;3,6466;106,39475;0,8357;151,99985;1704,11895;0,36235;10,8174;19,96215;61,5485;20,45425;69,4278;117,4448;4,42045;37,16895;3,3733;37,2214
2026-02-04 10:00:00;4,3398;1,9558;8,1969;3,6505;106,8461;0,8368;152,42;1713,83835;0,3632;10,8205;19,9918;61,5529;20,39475;69,6778;117,3929;4,43095;37,38125;3,37445;37,28855
2026-02-04 11:00:00;4,3389;1,9558;8,19515;3,64885;106,8235;0,83665;152,3877;1713,47565;0,36315;10,82;19,9876;61,6521;20,3969;69,66305;117,40355;4,43;37,37335;3,37675;37,28065
2026-02-05 10:00:00;4,3273;1,9558;8,1775;3,66805;106,4414;0,8353;151,98135;1730,1133;0,36225;10,8232;20,02265;61,5525;20,46565;69,1633;117,3791;4,4182;37,47695;3,3747;37,32145
2026-02-05 11:00:00;4,32955;1,9558;8,18165;3,6668;106,4956;0,8357;152,05875;1730,9944;0,36245;10,8298;20,03285;61,5485;20,46545;69,1985;117,37405;4,42045;37,496;3,36915;37,34045
2026-02-06 10:00:00;4,33155;1,9558;8,1845;3,68755;106,92125;0,83525;152,1297;1732,9224;0,36255;10,8374;20,10705;61,5477;20,46735;69,08925;117,3816;4,4225;37,316;3,37725;37,37675
2026-02-06 11:00:00;4,33145;1,9558;8,18415;3,68685;106,9167;0,8352;152,12325;1732,84895;0,3625;10,8286;20,10625;61,551;20,46175;69,08635;117,38255;4,4223;37,31445;3,3771;37,37515
2026-02-09 10:00:00;4,35695;1,9558;8,21815;3,6839;107,6699;0,84015;153,0198;1732,8603;0,36455;10,85685;20,14765;61,5519;20,4643;69,33935;117,3626;4,4487;37,05095;3,3775;37,4092
2026-02-09 11:00:00;4,35565;1,9558;8,21575;3,6837;107,6381;0,8399;152,97465;1732,34905;0,3644;10,8546;20,1417;61,5397;20,46835;69,31885;117,3636;4,4474;37,04005;3,3835;37,39815
2026-02-10 10:00:00;4,37665;1,9558;8,2369;3,678;107,92765;0,8448;153,71;1738,3523;0,36595;10,87505;20,16705;61,5555;20,50005;69,7456;117,3796;4,46915;37,1287;3,38405;37,58745
2026-02-10 11:00:00;4,37515;1,9558;8,2341;3,67465;107,89135;0,8445;153,65835;1737,7688;0,3658;10,8617;20,16025;61,55865;20,48365;69,7222;117,39385;4,46765;37,11625;3,3837;37,5748
2026-02-11 10:00:00;4,37755;1,9558;8,2371;3,66955;108,1037;0,84495;153,7422;1729,1231;0,36565;10,86515;20,13545;61,55055;20,44;69,4736;117,3148;4,4697;37,04115;3,3811;37,4392
2026-02-11 11:00:00;4,3779;1,9558;8,2378;3,6689;108,1128;0,84505;153,7551;1729,26815;0,36565;10,86395;20,13715;61,5438;20,4262;69,47945;117,29485;4,4701;37,04425;3,3844;37,44235
2026-02-12 10:00:00;4,3658;1,9558;8,20325;3,6473;107,7095;0,84275;153,32945;1711,88125;0,3649;10,8626;20,14085;61,5457;20,4053;69,0725;117,3564;4,4576;36,76935;3,381;37,3577
2026-02-12 11:00:00;4,36245;1,9558;8,19705;3,6449;107,6279;0,84205;153,2133;1710,58495;0,36465;10,85935;20,1256;61,55255;20,3863;69,0202;117,3804;4,4542;36,7415;3,3805;37,3294
2026-02-13 10:00:00;4,35615;1,9558;8,1973;3,6554;107,50955;0,84095;153,0069;1713,8552;0,36385;10,8559;20,13995;61,54675;20,4264;68,82995;117,4239;4,4482;36,86105;3,37955;37,3722
2026-02-13 11:00:00;4,35495;1,9558;8,19415;3,6592;107,4688;0,8406;152,9489;1713,205;0,36375;10,8557;20,13235;61,54715;20,43765;68,80385;117,41495;4,44655;36,847;3,37805;37,35805
2026-02-16 10:00:00;4,35765;1,9558;8,2;3,65655;107,5592;0,84035;153,0585;1714,4332;0,3639;10,84485;20,129;61,54975;20,35795;68,80215;117,33895;4,4496;36,89715;3,3776;37,3848
2026-02-16 11:00:00;4,35855;1,9558;8,20105;3,659;107,5728;0,8404;153,07785;1714,64995;0,36395;10,8454;20,13155;61,54565;20,35165;68,81085;117,3538;4,4502;36,90185;3,37235;37,38955
2026-02-17 10:00:00;4,35085;1,9558;8,18655;3,66945;107,41945;0,8398;152,807;1711,61555;0,36295;10,8109;20,16105;61,55515;20,35055;68,6891;117,1461;4,4424;36,99055;3,3866;37,3234
2026-02-17 11:00:00;4,35005;1,9558;8,18515;3,6758;107,4013;0,8388;152,7812;1711,3266;0,36285;10,8154;20,1577;61,5507;20,35545;68,6775;117,12635;4,44165;36,9843;3,37755;37,3171
2026-02-18 10:00:00;4,34755;1,9558;8,18035;3,65625;107,3304;0,8383;152,6909;1710,3151;0,3629;10,81915;20,18715;61,54985;20,23745;68,4919;117,4181;4,43915;37,05415;3,3782;37,29505
2026-02-18 11:00:00;4,3457;1,9558;8,17685;3,65965;107,2851;0,838;152,5672;1709,5926;0,36275;10,8206;20,17865;61,5475;20,2271;68,463;117,41585;4,43715;37,0385;3,37375;37,27925
2026-02-19 10:00:00;4,3343;1,9558;8,15545;3,70465;107,004;0,83665;152,22645;1706,05735;0,36195;10,8129;20,20245;61,55145;20,33755;68,437;117,415;4,42625;36,79245;3,3766;37,1816
2026-02-19 11:00:00;4,3299;1,9558;8,14715;3,7063;106,8952;0,83575;152,07165;1704,32245;0,36155;10,8091;20,1819;61,5537;20,31805;68,3674;117,41935;4,4216;36,75505;3,37785;37,14375
2026-02-20 10:00:00;4,32175;1,9558;8,13195;3,6767;107,0634;0,83425;151,7879;1702,20075;0,36115;10,8145;20,209;61,5506;20,2819;68,43105;117,40615;4,4132;36,70265;3,37695;37,07445
2026-02-20 11:00:00;4,3205;1,9558;8,1295;3,6723;107,03155;0,83395;151,7427;1701,69445;0,36105;10,8001;20,20295;61,5499;20,26945;68,41065;117,4418;4,41275;36,69175;3,3767;37,06345
2026-02-23 10:00:00;4,33465;1,9558;8,1558;3,6748;107,25485;0,83585;152,1739;1699,69805;0,36195;10,81535;20,1384;61,65435;20,23165;67,96195;117,43765;4,427;36,60375;3,37845;37,09525
2026-02-23 11:00:00;4,33345;1,9558;8,1537;3,67525;107,2276;0,83555;152,13525;1699,266;0,36185;10,81395;20,1333;61,6564;20,25305;67,94465;117,4314;4,426;36,59445;3,3753;37,08585
2026-02-24 10:00:00;4,32965;1,9558;8,1156;3,6724;107,2117;0,83485;152,05875;1700,40585;0,36175;10,808;20,1684;61,5485;20,3529;68,0846;117,4389;4,4222;36,55305;3,36975;37,05345
2026-02-24 11:00:00;4,32895;1,9558;8,1142;3,6728;107,1935;0,8347;152,033;1700,11735;0,36155;10,80815;20,165;61,5557;20,36065;68,07305;117,4425;4,4212;36,54685;3,37825;37,04715
2026-02-25 10:00:00;4,3289;1,9558;8,09385;3,65345;107,2041;0,83565;151,98695;1684,76235;0,3616;10,8261;20,1903;61,54915;20,24215;67,79595;117,4112;4,4218;36,63535;3,3785;36,93005
2026-02-25 11:00:00;4,32625;1,9558;8,08905;3,6529;107,14045;0,8352;151,89665;1683,7618;0,3614;10,8177;20,1783;61,5479;20,2366;67,7557;117,41215;4,4192;36,61365;3,38135;36,90815
2026-02-26 10:00:00;4,33305;1,9558;8,06975;3,6615;107,2608;0,83645;152,13525;1682,33585;0,36185;10,8217;20,1982;61,5561;20,26895;68,00955;117,4078;4,4247;36,6151;3,38245;36,8227
2026-02-26 11:00:00;4,33305;1,9558;8,06975;3,668;107,2608;0,83645;152,13525;1682,33585;0,36185;10,81065;20,1982;61,5502;20,2725;68,00955;117,4078;4,4247;36,6151;3,38155;36,8227
2026-02-27 10:00:00;4,3321;1,9558;8,086;3,70225;107,3019;0,8362;152,1491;1696,63885;0,36185;10,8035;20,1863;61,54375;20,27945;68,01295;117,3671;4,4234;36,66325;3,3784;36,81185
2026-02-27 11:00:00;4,33335;1,9558;8,08905;3,70545;107,34285;0,83655;152,2071;1697,28615;0,36195;10,8126;20,194;61,5495;20,28665;68,03895;117,38235;4,4251;36,6772;3,38345;36,8259
2026-03-02 10:00:00;4,31015;1,9558;8,07975;3,6112;107,34575;0,8311;151,4924;1688,00785;0,36035;10,80945;20,1364;61,5475;20,30185;68,2948;117,3626;4,40465;36,9021;3,3754;36,90265
2026-03-02 11:00:00;4,31125;1,9558;8,0818;3,6131;107,37315;0,8313;151,53115;1688,4394;0,36035;10,8115;20,14155;61,65125;20,2812;68,31225;117,36915;4,4058;36,9115;3,3673;36,9121
2026-03-03 10:00:00;4,2628;1,9558;8,00635;3,6006;106,16565;0,8219;149,769;1701,0762;0,35695;10,7964;20,07755;61,5498;20,2841;67,81675;117,36645;4,35565;36,4964;3,3715;36,69715
2026-03-03 11:00:00;4,258;1,9558;7,99735;3,6016;106,04675;0,82095;149,60125;1699,17075;0,3567;10,7926;20,05505;61,55045;20,2764;67,74075;117,3799;4,35045;36,4555;3,3731;36,65605
2026-03-04 10:00:00;4,2639;1,9558;8,0234;3,58045;106,96945;0,823;149,8077;1713,53075;0,35705;10,79775;20,08855;61,5425;20,4652;68,0026;117,38515;4,3581;36,50005;3,35375;36,89295
2026-03-04 11:00:00;4,2736;1,9558;8,0414;3,5801;107,209;0,8248;150,14325;1717,36855;0,35785;10,80955;20,13355;61,55235;20,4779;68,1549;117,40375;4,36725;36,5818;3,3753;36,9756
2026-03-05 10:00:00;4,26875;1,9558;8,02035;3,5754;106,4611;0,82405;149,9432;1706,73665;0,35755;10,80825;20,1029;61,5523;20,5015;68,1428;117,40315;4,3638;36,72155;3,37385;36,86975
2026-03-05 11:00:00;4,26475;1,9558;8,0128;3,5688;106,3603;0,8233;150,0916;1705,12145;0,35735;10,79675;20,08385;61,5521;20,48215;68,0783;117,4256;4,35875;36,6868;3,3751;36,83485
2026-03-06 10:00:00;4,2513;1,9558;7,9846;3,57735;106,19025;0,82065;149,48465;1707,93325;0,35625;10,7706;20,01815;61,5474;20,5858;68,28375;117,38285;4,3441;36,97185;3,3756;36,68595
2026-03-06 11:00:00;4,2531;1,9558;7,98765;3,5753;106,23155;0,82095;149,5428;1708,59725;0,3564;10,79205;20,0259;61,5482;20,5672;68,3103;117,3879;4,3458;36,98625;3,37575;36,70025
2026-03-09 10:00:00;4,24445;1,9558;7,9944;3,59355;106,6963;0,8184;149,29705;1727,5473;0,35555;10,82425;20,0257;61,5504;20,67225;68,77255;117,4212;4,3378;37,0787;3,377;36,9129
2026-03-09 11:00:00;4,2463;1,9558;7,99785;3,60365;106,7424;0,81875;149,3617;1728,2948;0,35595;10,8594;20,03435;61,55395;20,68345;68,80235;117,4142;4,34015;37,09475;3,37535;36,92885
2026-03-10 10:00:00;4,27965;1,9558;8,00745;3,5904;106,9812;0,8252;150,5957;1711,8967;0,35795;10,88145;20,05225;61,55495;20,421;68,62735;117,40055;4,3734;36,83335;3,39545;37,1065
2026-03-10 11:00:00;4,2749;1,9558;7,9985;3,5905;106,8618;0,8243;150,42765;1709,98665;0,35755;10,87675;20,02985;61,54445;20,4203;68,55075;117,39175;4,36795;36,79225;3,4078;37,0651
2026-03-11 10:00:00;4,25845;1,9558;7,96485;3,60395;106,7066;0,82195;149,846;1700,0129;0,35605;10,8559;19,9872;61,5557;20,45965;68,58135;117,419;4,3506;36,80065;3,39005;36,7485
2026-03-11 11:00:00;4,26365;1,9558;7,97445;3,6019;106,8354;0,82295;150,02695;1702,0658;0,35635;10,8616;20,01135;61,55465;20,41355;68,6642;117,41565;4,35585;36,84515;3,378;36,79285
2026-03-12 10:00:00;4,24555;1,9558;7,9474;3,60995;106,5673;0,8196;149,413;1711,74705;0,35485;10,84155;20,07395;61,6553;20,45195;68,6548;117,3976;4,338;36,8114;3,3758;36,85675
2026-03-12 11:00:00;4,24465;1,9558;7,94575;3,60365;106,54425;0,81945;149,26515;1711,37685;0,35485;10,84025;20,0696;61,6535;20,4666;68,64;117,4011;4,3371;36,8034;3,3851;36,84875
2026-03-13 10:00:00;4,20735;1,9558;7,9066;3,60045;105,9026;0,81215;148,1067;1710,67235;0,352;10,8187;19,9824;61,5508;20,47035;68,44065;117,37425;4,2984;36,99235;3,37515;36,6355
2026-03-13 11:00:00;4,2092;1,9558;7,91;3,589;105,9488;0,81245;148,17135;1711,41905;0,35215;10,8222;19,99115;61,55475;20,4621;68,4705;117,43125;4,30005;37,00845;3,3753;36,6515
2026-03-16 10:00:00;4,20565;1,9558;7,90015;3,59075;105,8249;0,811;148,2138;1714,3337;0,35185;10,8032;20,0653;61,54685;20,42935;68,5596;117,4261;4,2964;37,2452;3,3768;36,70595
2026-03-16 11:00:00;4,2148;1,9558;7,9174;3,58675;106,0559;0,8128;148,42265;1718,07695;0,3525;10,7996;20,1091;61,555;20,4441;68,70935;117,43575;4,3058;37,32655;3,37915;36,7861
2026-03-17 10:00:00;4,22895;1,9558;7,9295;3,58105;106,36425;0,8154;149,2085;1719,06365;0,35345;10,7987;20,08445;61,55425;20,3348;68,842;117,4326;4,3206;37,2532;3,37825;36,73395
2026-03-17 11:00:00;4,2264;1,9558;7,9247;3,5799;106,29965;0,8149;149,1178;1718,01845;0,35325;10,8016;20,0722;61,55135;20,35525;68,8001;117,43025;4,318;37,2305;3,38055;36,7116
2026-03-18 10:00:00;4,23825;1,9558;7,9341;3,56105;106,88975;0,8172;149,539;1711,33265;0,35385;10,82265;20,1174;61,55215;20,317;68,67715;117,4504;4,3324;37,3559;3,39115;36,73285
2026-03-18 11:00:00;4,23835;1,9558;7,9355;3,5633;106,9083;0,81735;149,5649;1711,6293;0,35395;10,81575;20,12085;61,5513;20,3442;68,68905;117,4477;4,3331;37,3624;3,39175;36,73915
2026-03-19 10:00:00;4,21675;1,9558;7,92225;3,5733;106,34785;0,81395;148,78085;1722,68885;0,35235;10,77455;20,11875;61,55005;20,41835;68,9891;117,45185;4,31075;37,6415;3,37545;36,705
2026-03-19 11:00:00;4,21425;1,9558;7,91875;3,57615;106,3015;0,8136;148,716;1721,93855;0,35215;10,7895;20,10995;61,54615;20,41975;68,959;117,4581;4,3093;37,6251;3,3725;36,689
2026-03-20 10:00:00;4,2415;1,9558;7,9468;3,59125;108,2246;0,81785;149,59785;1732,64465;0,35405;10,81515;20,11;61,5424;20,57015;69,3947;117,4381;4,336;37,86425;3,3938;36,97685
2026-03-20 11:00:00;4,2462;1,9558;7,9554;3,5932;108,3418;0,81875;149,75985;1734,52025;0,35445;10,82015;20,13175;61,55125;20,60685;69,46985;117,4554;4,34065;37,90525;3,3803;37,01685
2026-03-23 10:00:00;4,2218;1,9558;7,93715;3,6175;108,01305;0,81405;148,9558;1743,7364;0,35295;10,76045;20,10215;61,5535;20,74515;69,3173;117,4521;4,3156;37,93575;3,3749;36,99985
2026-03-23 11:00:00;4,2198;1,9558;7,9333;3,6202;107,96135;0,81365;148,8845;1742,90195;0,3528;10,7553;20,0925;61,5585;20,76685;69,28415;117,45905;4,3135;37,9176;3,37485;36,9822
2026-03-24 10:00:00;4,2592;1,9558;7,9869;3,6177;108,84405;0,82215;150,1618;1733,7012;0,35565;10,82115;20,23415;61,5953;20,69045;69,5266;117,45085;4,35295;37,75205;3,37755;37,17865
2026-03-24 11:00:00;4,2572;1,9558;7,98305;3,61935;108,79245;0,82175;150,3223;1732,87885;0,35525;10,81415;20,2709;61,5661;20,67945;69,49365;117,44145;4,3509;37,73415;3,3835;37,16105
2026-03-25 10:00:00;4,2605;1,9558;8,00015;3,61775;108,9987;0,8223;150,32305;1739,61805;0,35575;10,81135;20,28085;61,5501;20,55635;69,7158;117,4341;4,3517;37,8707;3,37585;37,01765
2026-03-25 11:00:00;4,26245;1,9558;8,00435;3,61855;109,0551;0,82265;150,4008;1740,5179;0,35585;10,81665;20,29135;61,54715;20,56695;69,75185;117,4484;4,35385;37,8903;3,37765;37,03675
2026-03-26 10:00:00;4,24495;1,9558;7,97965;3,61695;108,6181;0,81865;149,97155;1741,46145;0,3553;10,78665;20,30255;61,54905;20,59375;69,6342;117,4228;4,3363;37,9509;3,3813;36,8202
2026-03-26 11:00:00;4,24455;1,9558;7,97895;3,6159;108,6087;0,81855;149,95855;1741,31075;0,35525;10,7866;20,3008;61,5206;20,58965;69,62815;117,4242;4,3359;37,9476;3,38675;36,817
2026-03-27 10:00:00;4,2304;1,9558;7,9603;3,62225;109,20155;0,8167;149,747;1737,98675;0,35445;10,7693;20,23315;61,5518;20,73475;69,7533;117,41315;4,3225;37,8831;3,37505;36,73235
2026-03-27 11:00:00;4,22745;1,9558;7,9547;3,62145;109,12575;0,81615;149,64305;1736,7797;0,35415;10,76855;20,2191;61,5551;20,75315;69,70485;117,4122;4,3195;37,8568;3,38315;36,70685
2026-03-30 10:00:00;4,22155;1,9558;7,94595;3,63305;109,0239;0,8149;149,2561;1742,2789;0,3546;10,76445;20,25905;61,65655;20,77745;69,77735;117,4393;4,3135;37,7623;3,3753;36,83585
2026-03-30 11:00:00;4,21965;1,9558;7,94255;3,6364;108,9765;0,81455;149,19115;1741,521;0,35505;10,78125;20,25025;61,5493;20,76955;69,74705;117,4227;4,3117;37,7459;3,3722;36,81985
2026-03-31 10:00:00;4,21165;1,9558;7,92235;3,6372;108,77255;0,81225;148,96935;1756,49625;0,3551;10,7617;20,30985;61,56025;20,74105;69,6681;117,42085;4,303;37,82145;3,37775;36,6632
2026-03-31 11:00:00;4,20855;1,9558;7,91645;3,63625;108,6919;0,81165;149,0881;1755,1944;0,35485;10,7585;20,2948;61,51465;20,72795;69,61645;117,4255;4,3003;37,7934;3,3831;36,636
2026-04-01 10:00:00;4,25855;1,9558;7,9711;3,6339;109,9819;0,82215;150,88645;1741,0644;0,35855;10,81105;20,4255;61,6591;20,71185;69,7701;117,40445;4,3519;37,77235;3,3856;37,04705
2026-04-01 11:00:00;4,26015;1,9558;7,9742;3,63295;110,02455;0,82245;150,945;1741,74005;0,35865;10,82185;20,4334;61,6598;20,72575;69,7972;117,4036;4,3536;37,78705;3,39375;37,0614
2026-04-02 10:00:00;4,23275;1,9558;7,94475;3,6229;107,3064;0,8171;149,94025;1751,68475;0,3565;10,80835;20,27825;61,18625;20,6649;69,34595;117,3994;4,3268;37,7588;3,3801;36,87195
2026-04-02 11:00:00;4,22815;1,9558;7,9361;3,63135;107,19;0,81625;149,77765;1749,78495;0,3561;10,804;20,2563;61,11985;20,65685;69,27075;117,39875;4,3221;37,71785;3,37905;36,83195
2026-04-06 10:00:00;4,2427;1,9558;7,9623;3,61805;107,4875;0,81895;150,3009;1739,6786;0,3545;10,84995;20,2423;61,55265;20,53855;69,33765;117,35885;4,3365;37,84235;3,38665;36,9535
2026-04-06 11:00:00;4,24235;1,9558;7,96165;3,62525;107,4782;0,81885;150,2879;1739,528;0,3545;10,85465;20,2405;61,5531;20,54255;69,33165;117,36025;4,33615;37,83905;3,38255;36,9503
2026-04-07 10:00:00;4,24735;1,9558;7,93205;3,62745;107,5301;0,81955;150,43465;1739,3643;0,35825;10,8417;20,2006;61,6597;20,4873;69,7538;117,376;4,3418;37,6;3,38255;36,98195
2026-04-07 11:00:00;4,24335;1,9558;7,9259;3,6352;107,4464;0,8189;150,31755;1738,0105;0,35805;10,8305;20,18485;61,6637;20,50605;69,6995;117,3829;4,3384;37,5707;3,37875;36,95315
2026-04-08 10:00:00;4,2901;1,9558;7,97405;3,60925;108,12735;0,8281;151,1328;1718,2881;0,36105;10,8695;20,1121;62,281;20,3991;69,38205;117,3673;4,3827;37,39775;3,39315;37,0655
2026-04-08 11:00:00;4,29385;1,9558;7,98225;3,60525;108,23845;0,82895;151,2296;1720,05355;0,36135;10,88035;20,1328;61,5558;20,42095;69,45335;117,39435;4,3872;37,43615;3,3944;37,10355
2026-04-09 10:00:00;4,2882;1,9558;7,98655;3,60475;108,17885;0,8277;150,89295;1731,03655;0,35785;10,87575;20,1619;61,548;20,36615;69,35235;117,37545;4,381;37,46055;3,4063;37,06015
2026-04-09 11:00:00;4,2875;1,9558;7,98525;3,60435;108,1603;0,8276;150,8671;1730,74;0,35775;10,87385;20,1584;61,5491;20,3726;69,3405;117,4312;4,3802;37,45415;3,4063;37,05375
2026-04-10 10:00:00;4,3018;1,9558;8,00295;3,56905;108,5978;0,83035;151,3126;1736,5227;0,35895;10,8826;20,1789;61,5557;20,34405;70,25145;117,5191;4,395;37,6203;3,3942;37,1647
2026-04-10 11:00:00;4,30255;1,9558;8,00435;3,56755;108,61635;0,8305;151,33845;1736,81925;0,35905;10,88535;20,18235;61,5486;20,3276;70,26345;117,53915;4,3957;37,6267;3,3977;37,17105
2026-04-13 10:00:00;4,29255;1,9558;7,98625;3,5753;109,13435;0,82855;151,3402;1740,58735;0,35825;10,8736;20,13585;61,37755;20,2977;70,27675;117,2682;4,3857;37,53995;3,39105;37,1975
2026-04-13 11:00:00;4,29595;1,9558;7,9924;3,5758;109,21845;0,8292;151,45675;1741,9278;0,3585;10,87765;19,98765;61,4248;20,3069;70,3309;117,35855;4,3891;37,5689;3,3946;37,2262
2026-04-14 10:00:00;4,3291;1,9558;8,03495;3,55875;110,0776;0,8357;152,3535;1746,0235;0,36425;10,913;20,1861;61,5485;20,3464;70,57765;117,4153;4,4236;37,8644;3,4039;37,34335
2026-04-14 11:00:00;4,3326;1,9558;8,04145;3,563;110,16625;0,83645;152,5942;1747,43065;0,3645;10,91285;20,20235;61,55085;20,34745;70,63455;117,43325;4,4271;37,89495;3,41535;37,3735
2026-04-15 10:00:00;4,32745;1,9558;8,03285;3,552;110,02005;0,8353;152,27595;1736,65205;0,3644;10,8978;20,1464;61,5525;20,3543;70,8245;117,3968;4,4201;37,84515;3,41435;37,26075
2026-04-15 11:00:00;4,3262;1,9558;8,0304;3,54665;109,9874;0,83505;152,1718;1736,13615;0,3638;10,897;20,1404;61,55185;20,37655;70,80345;117,40315;4,41875;37,83385;3,40785;37,2497
2026-04-16 10:00:00;4,32665;1,9558;8,0332;3,52665;109,7864;0,8347;152,19115;1736,59285;0,3634;10,8823;20,1312;61,5479;20,35615;70,6652;117,3356;4,4193;37,6944;3,4042;37,13075
2026-04-16 11:00:00;4,32745;1,9558;8,03455;3,5296;109,80505;0,8353;152,27595;1736,8877;0,36345;10,8839;20,1346;61,55835;20,35255;70,6772;117,34375;4,42005;37,7008;3,404;37,13705
2026-04-17 10:00:00;4,33185;1,9558;8,05105;3,5297;109,5867;0,83615;152,3131;1748,38645;0,3637;10,8913;20,27305;61,65645;20,3261;70,8082;117,3453;4,424;37,8365;3,3971;37,23855
2026-04-17 11:00:00;4,33225;1,9558;8,05165;3,5254;109,596;0,8362;152,20805;1748,5347;0,36375;10,88715;20,27475;61,6558;20,32015;70,8142;117,3376;4,4244;37,83975;3,3975;37,24175
2026-04-20 10:00:00;4,3214;1,9558;8,0233;3,5316;109,5469;0,83415;151,82735;1737,9846;0,36305;10,87555;20,15345;61,5545;20,4111;70,54885;117,37945;4,41305;37,748;3,39415;37,04035
2026-04-20 11:00:00;4,32355;1,9558;8,0274;3,53365;109,6027;0,83455;151,9636;1738,871;0,36315;10,8811;20,1637;61,5506;20,42915;70,58485;117,3804;4,4153;37,76725;3,3948;37,0592
2026-04-21 10:00:00;4,32015;1,9558;8,01675;3,5163;109,96565;0,8339;151,9586;1728,17605;0,3626;10,8754;20,2298;61,55975;20,37445;70,49255;117,41505;4,4115;37,7544;3,41325;36,99935
2026-04-21 11:00:00;4,31995;1,9558;8,0164;3,51705;109,96095;0,83385;151,8345;1728,10255;0,36245;10,87495;20,22895;61,55125;20,36825;70,48955;117,40415;4,4113;37,7528;3,41265;36,9978
2026-04-22 10:00:00;4,31505;1,9558;8,01395;3,53535;110,19445;0,8329;151,719;1734,166;0,36205;10,8623;20,29385;61,55105;20,32845;70,6436;117,4045;4,4059;37,8093;3,3963;37,01225
2026-04-22 11:00:00;4,31595;1,9558;8,0157;3,52945;110,21795;0,83305;151,75125;1734,53505;0,36215;10,8625;20,2981;61,53475;20,32225;70,65865;117,3825;4,4068;37,8174;3,3905;37,02015
2026-04-23 10:00:00;4,29535;1,9558;7,9913;3,51685;110,04935;0,8291;151,14495;1731,70605;0,35985;10,847;20,28915;61,54555;20,33645;70,69315;117,4195;4,3861;37,95875;3,38675;36,8864
2026-04-23 11:00:00;4,29135;1,9558;7,98375;3,5141;109,94575;0,82835;151,11965;1730,07705;0,35975;10,8372;20,27;61,55775;20,32375;70,62665;117,43165;4,38195;37,923;3,3845;36,8517
2026-04-24 10:00:00;4,29265;1,9558;7,98695;3,497;110,14235;0,82855;151,04805;1734,5688;0,35985;10,83505;20,32285;61,658;20,3877;70,9476;117,4201;4,3833;37,89935;3,38515;36,77915
2026-04-24 11:00:00;4,29865;1,9558;7,9982;3,4977;110,29785;0,82975;151,3198;1737,0178;0,36035;10,8405;20,35155;61,67485;20,39015;71,04775;117,4162;4,3895;37,95285;3,38805;36,8311
2026-04-27 10:00:00;4,31315;1,9558;8,0128;3,50535;110,57475;0,83255;151,77185;1728,907;0,36155;10,8542;20,32625;61,54835;20,3832;71,3093;117,41915;4,4044;37,97815;3,3909;36,87495
2026-04-27 11:00:00;4,3146;1,9558;8,01555;3,4984;110,61235;0,8328;151,7061;1729,496;0,36155;10,86045;20,3332;61,5517;20,38605;71,3336;117,4239;4,4059;37,99115;3,39145;36,88755
2026-04-28 10:00:00;4,29475;1,9558;7,9934;3,49225;110,5511;0,829;151,0671;1722,94835;0,36;10,84605;20,2222;61,5494;20,37595;71,6692;117,4161;4,3855;38,01525;3,38485;36,84365
2026-04-28 11:00:00;4,2955;1,9558;7,99475;3,4949;110,57;0,82915;151,2099;1723,2431;0,3602;10,83305;20,22565;61,554;20,3765;71,68145;117,4011;4,38625;38,02175;3,3834;36,84995
2026-04-29 10:00:00;4,29625;1,9558;7,9935;3,46835;110,9599;0,82935;151,0212;1729,43235;0,3603;10,8306;20,1381;61,54905;20,37035;72,02455;117,4187;4,3873;38,24075;3,3736;36,9329
2026-04-29 11:00:00;4,3;1,9558;7,9997;3,4671;111,0453;0,83005;151,1374;1730,76295;0,36055;10,83295;20,15365;61,5496;20,37015;72,08;117,41535;4,3907;38,27015;3,3741;36,9613
2026-04-30 10:00:00;4,2956;1,9558;7,99195;3,4705;111,0016;0,82915;151,04095;1734,60245;0,36005;10,8262;20,1505;61,5508;20,49375;71,89505;117,3827;4,3862;38,12275;3,37985;37,05505
2026-04-30 11:00:00;4,30315;1,9558;8,00595;3,4737;111,1962;0,83065;151,3057;1737,64305;0,36045;10,8298;20,18585;61,5533;20,51325;72,02105;117,3952;4,3939;38,1896;3,3773;37,12
2026-05-01 10:00:00;4,30925;1,9558;8,0172;3,4613;111,3528;0,8318;151,5188;1740,0903;0,36075;10,83885;20,12035;61,5461;20,50815;72,1225;117,37865;4,4001;38,2434;3,3771;37,17225
2026-05-01 11:00:00;4,31365;1,9558;8,02575;3,4622;111,47145;0,8327;151,68025;1741,9443;0,36115;10,8451;20,14185;61,55295;20,50535;72,1993;117,3863;4,4048;38,2841;3,38065;37,21185
2026-05-04 10:00:00;4,30335;1,9558;8,00665;3,4615;111,40925;0,8307;151,31865;1716,0572;0,36085;10,8204;20,16995;61,5468;20,457;72,13265;117,3759;4,3943;38,1929;3,37925;37,0423
2026-05-04 11:00:00;4,29915;1,9558;7,9988;3,46505;111,29995;0,8299;151,1701;1714,37285;0,36065;10,825;20,15015;61,55075;20,46325;72,06185;117,3836;4,3903;38,15535;3,3843;37,0059
2026-05-05 10:00:00;4,29335;1,9558;7,9885;3,44715;111,39105;0,8288;150,97635;1712,1759;0,36025;10,8051;20,17695;61,55375;20,43295;71,94025;117,3793;4,3863;38,2263;3,3829;36,9597
2026-05-05 11:00:00;4,29215;1,9558;7,98615;3,44255;111,3577;0,82855;150,9312;1711,66325;0,36015;10,80205;20,17095;61,54115;20,41105;71,9187;117,37335;4,385;38,21485;3,38255;36,94865
2026-05-06 10:00:00;4,325;1,9558;8,02485;3,4214;111,4186;0,83495;152,08705;1713,2903;0,3627;10,8244;20,25475;61,5532;20,30475;72,2222;117,3773;4,4186;37,9099;3,3801;37,05205
2026-05-06 11:00:00;4,33;1,9558;8,0341;3,4212;111,54635;0,8359;152,2025;1715,2544;0,363;10,8206;20,26615;61,54715;20,2809;72,305;117,39395;4,4228;37,95335;3,3793;37,09445
2026-05-07 10:00:00;4,32275;1,9558;8,0054;3,4178;110,93375;0,83445;152,00955;1711,2403;0,36225;10,79075;20,2503;61,54535;20,26975;71,14965;117,3763;4,4146;37,84055;3,3896;36,939
2026-05-07 11:00:00;4,32225;1,9558;8,0044;3,42085;110,9196;0,8344;151,9314;1711,02225;0,36225;10,7905;20,24775;61,56105;20,26595;71,14055;117,3908;4,414;37,83575;3,38915;36,93425
2026-05-08 10:00:00;4,32245;1,9558;8,00535;3,4204;111,20115;0,83445;152,0031;1730,7639;0,36225;10,76925;20,12585;61,55455;20,2912;71,35845;117,37725;4,4153;37,9022;3,38395;36,93975
2026-05-08 11:00:00;4,32045;1,9558;8,0016;3,41695;111,1492;0,83405;151,9321;1729,9551;0,36205;10,7675;20,11645;61,5493;20,27055;71,32515;117,3812;4,4133;37,88445;3,3896;36,9225
2026-05-11 10:00:00;4,3218;1,9558;7,9965;3,42705;112,159;0,8337;151,97725;1733,4705;0,36245;10,74395;20,1695;61,54995;20,2548;71,9465;117,3867;4,4146;38,15615;3,38145;36,93285
2026-05-11 11:00:00;4,32275;1,9558;7,9982;3,4241;112,1828;0,83385;152,00955;1733,8387;0,36255;10,7452;20,1738;61,55125;20,25025;71,9618;117,3822;4,4159;38,1642;3,3817;36,94075
2026-05-12 10:00:00;4,31455;1,9558;7,98205;3,41915;112,3564;0,83295;151,7254;1749,336;0,36195;10,72145;20,10675;61,5537;20,25355;72,2326;117,38015;4,4081;38,07965;3,3898;37,052
2026-05-12 11:00:00;4,3126;1,9558;7,97795;3,41615;112,299;0,83255;151,64795;1748,44255;0,36175;10,7257;20,09645;61,5516;20,24795;72,1957;117,39065;4,4058;38,06025;3,3893;37,0331
2026-05-13 10:00:00;4,29935;1,9558;7,94935;3,4004;112,0356;0,83;151,248;1745,088;0,36115;10,7317;20,0767;61,55285;20,1773;71,8662;117,38695;4,39265;37,87055;3,38575;36,91355
2026-05-13 11:00:00;4,30185;1,9558;7,9538;3,4019;112,0978;0,83045;151,27345;1746,05695;0,36135;10,7434;20,08785;61,5518;20,18505;71,90615;117,3818;4,3951;37,89155;3,38655;36,934
2026-05-14 10:00:00;4,30015;1,9558;7,9452;3,4033;112,11835;0,83005;151,378;1745,52975;0,36095;10,74305;20,1252;61,53465;20,1258;72,165;117,37355;4,39265;37,85915;3,38635;36,8962
2026-05-14 11:00:00;4,30025;1,9558;7,94585;3,4009;112,1279;0,83015;151,39095;1745,67885;0,3611;10,75085;20,1269;61,5399;20,12515;72,1712;117,38355;4,393;37,86235;3,38625;36,89935
2026-05-15 10:00:00;4,2706;1,9558;7,9127;3,39595;111,5852;0,82445;150,35005;1746,00235;0,35895;10,7402;20,11645;61,55285;20,20655;71,76165;117,3672;4,3633;37,97125;3,38365;36,6689
2026-05-15 11:00:00;4,27875;1,9558;7,92765;3,3854;111,7963;0,82595;150,1685;1749,3058;0,35955;10,7476;20,1545;61,5528;20,1679;71,8974;117,37375;4,37155;38,04305;3,37775;36,7383
2026-05-18 10:00:00;4,2736;1,9558;7,9103;3,4001;112,1201;0,825;150,68625;1744,7019;0,359;10,7228;20,1419;61,54865;20,14365;71,8552;117,37815;4,367;37,98575;3,3821;36,72845
2026-05-18 11:00:00;4,27085;1,9558;7,90525;3,3887;112,04785;0,82445;150,7054;1743,57735;0,3588;10,71985;20,12895;61,5555;20,1458;71,8089;117,3839;4,3642;37,9612;3,3818;36,7048
2026-05-19 10:00:00;4,26745;1,9558;7,90565;3,3752;112,1601;0,82385;150,9954;1751,81395;0,35925;10,7298;20,10175;61,54855;20,1325;71,7475;117,43245;4,36055;37,9319;3,3777;36,7914
2026-05-19 11:00:00;4,2683;1,9558;7,90705;3,3836;112,1794;0,82395;150,49845;1752,1155;0,35935;10,73045;20,1052;61,5475;20,12845;71,75985;117,42945;4,3611;37,9384;3,37785;36,79775
2026-05-20 10:00:00;4,25645;1,9558;7,888;3,3873;112,21825;0,8217;150,02615;1746,36385;0,35855;10,7188;20,04985;61,5519;20,14545;71,54775;117,43645;4,34895;37,8861;3,37185;36,7063
2026-05-20 11:00:00;4,26075;1,9558;7,8958;3,38995;112,3296;0,8225;150,29095;1748,0967;0,35885;10,72225;20,06975;61,55495;20,1434;71,6188;117,43695;4,3533;37,92365;3,36975;36,7427
2026-05-21 10:00:00;4,27045;1,9558;7,90295;3,3796;111,8289;0,8244;150,8087;1750,81085;0,35985;10,74415;20,1679;61,5502;20,115;71,6138;117,43195;4,3632;37,94635;3,3737;36,73825
2026-05-21 11:00:00;4,2637;1,9558;7,8903;3,38445;111,651;0,82305;150,56875;1748,0252;0,35945;10,72875;20,13585;61,55095;20,1399;71,49985;117,44245;4,3563;37,886;3,37515;36,6798
2026-05-22 10:00:00;4,26185;1,9558;7,8849;3,3576;111,07685;0,82275;150,6264;1760,0546;0,35925;10,712;20,128;61,5561;20,117;71,59975;117,4027;4,3549;37,8945;3,3669;36,54955
2026-05-22 11:00:00;4,25925;1,9558;7,87985;3,35515;111,00505;0,82225;150,52905;1758,91705;0,35925;10,70975;20,115;61,5569;20,11035;71,5535;117,408;4,3521;37,87;3,3764;36,5259
2026-05-25 10:00:00;4,27555;1,9558;7,8971;3,3635;110,8649;0,8254;150,81565;1765,6664;0,3602;10,70855;20,2097;61,75235;20,1177;71,5603;117,4686;4,36835;37,80575;3,37;36,5962
2026-05-25 11:00:00;4,276;1,9558;7,8978;3,36195;110,8744;0,82545;150,88685;1765,81805;0,36025;10,70685;20,2114;61,7577;20,1124;71,56645;117,47285;4,36875;37,809;3,36995;36,5994
2026-05-26 10:00:00;4,2762;1,9558;7,9025;3,3422;111,4075;0,8255;150,8351;1751,86405;0,36025;10,7091;20,154;61,5566;20,129;71,6743;117,40805;4,3689;37,99985;3,36945;36,59915
2026-05-26 11:00:00;4,276;1,9558;7,90215;3,3335;111,4027;0,82545;150,8286;1751,7888;0,36025;10,71125;20,15315;61,55395;20,1194;71,6712;117,4146;4,36895;37,9982;3,36935;36,5976
2026-05-27 10:00:00;4,27705;1,9558;7,8975;3,3028;111,4387;0,82565;150,9257;1747,8731;0,36045;10,70445;20,17005;61,55815;20,1386;71,6897;117,474;4,3701;37,91485;3,3718;36,55055
2026-05-27 11:00:00;4,27485;1,9558;7,89345;3,3058;111,3813;0,82525;150,84795;1746,9726;0,36025;10,70055;20,15965;61,54975;20,13925;71,6528;117,48915;4,36785;37,8953;3,3685;36,53175
2026-05-28 10:00:00;4,26515;1,9558;7,8738;3,2913;111,1277;0,82335;150,38835;1745,20165;0,35965;10,6973;20,13985;61,54895;20,20025;71,532;117,40165;4,3579;37,9687;3,3608;36,4805
2026-05-28 11:00:00;4,26225;1,9558;7,8687;3,2893;111,05595;0,82285;150,29125;1744,0746;0,35945;10,6945;20,12685;61,5498;20,19995;71,4858;117,40705;4,3551;37,9442;3,35865;36,45695
2026-05-29 10:00:00;4,2755;1,9558;7,8796;3,2629;110,59425;0,8254;150,69925;1754,3741;0,36045;10,7073;20,14565;61,55445;20,1724;71,7087;117,40455;4,36875;37,8873;3,38205;36,4676
2026-05-29 11:00:00;4,27605;1,9558;7,8806;3,26705;110,6085;0,8255;150,71865;1754,60015;0,36045;10,7072;20,1482;61,55075;20,1849;71,718;117,4022;4,3693;37,89215;3,38185;36,4723
2026-06-01 10:00:00;4,2788;1,9558;7,8818;3,2806;110,6783;0,826;150,81575;1752,5265;0,36035;10,70555;20,0971;61,54965;20,1897;71,93895;117,4021;4,3722;37,91655;3,3806;36,5441
2026-06-01 11:00:00;4,27755;1,9558;7,87945;3,2752;110,64505;0,82575;150,7704;1752,0;0,36025;10,70775;20,0911;61,5486;20,18715;71,9173;117,39595;4,3709;37,90515;3,3948;36,53315
2026-06-02 10:00:00;4,27605;1,9558;7,87285;3,28345;110,9152;0,82545;150,65395;1765,2941;0,35995;10,69635;20,13575;61,55395;20,138;71,8226;117,3797;4,3693;37,9371;3,3817;36,6529
2026-06-02 11:00:00;4,27615;1,9558;7,8732;3,28725;110,91995;0,8255;150,66045;1765,3699;0,36;10,7035;20,1366;61,5449;20,1348;71,82565;117,36145;4,3696;37,9387;3,38155;36,6545
2026-06-03 10:00:00;4,26535;1,9558;7,86575;3,32665;111,15865;0,8234;150,33675;1760,897;0,35895;10,69545;20,1378;61,5516;20,07915;71,71045;117,337;4,3596;37,8426;3,3802;36,48845
2026-06-03 11:00:00;4,2665;1,9558;7,8675;3,32905;111,18255;0,82355;150,36915;1761,27605;0,35905;10,69695;20,14215;61,5474;20,0852;71,7259;117,33325;4,3605;37,85075;3,37875;36,4963
2026-06-04 10:00:00;4,26955;1,9558;7,87795;3,35885;111,36215;0,82425;150,3759;1778,9922;0,3591;10,70455;20,1354;61,5454;20,09;71,64215;117,32455;4,3647;37,966;3,37995;36,57845
2026-06-04 11:00:00;4,27165;1,9558;7,8817;3,36385;111,41485;0,82465;150,38885;1779,8338;0,35925;10,70645;20,1449;61,5513;20,1094;71,676;117,3335;4,36675;37,98395;3,3835;36,5958
2026-06-05 10:00:00;4,2746;1,9558;7,8806;3,3739;110,4963;0,82455;150,5505;1793,33715;0,35955;10,71115;20,182;61,5471;20,11335;71,55075;117,33275;4,36975;37,97805;3,3818;36,68555
2026-06-05 11:00:00;4,2748;1,9558;7,88095;3,3759;110,50105;0,8246;150,55695;1793,4142;0,35955;10,7112;20,1829;61,54975;20,102;71,5538;117,32615;4,36995;37,9797;3,38165;36,6871
2026-06-08 10:00:00;4,228;1,9558;7,8102;3,38845;110,1766;0,8152;148,9013;1766,6124;0,35615;10,6699;20,06455;61,54625;20,10025;71,0173;117,36555;4,32315;37,8095;3,36885;36,3867
2026-06-08 11:00:00;4,23275;1,9558;7,81905;3,3811;110,301;0,8161;149,06945;1768,6075;0,35655;10,6694;20,0757;61,5466;20,09815;71,0975;117,3713;4,328;37,8522;3,3793;36,42775
2026-06-09 10:00:00;4,24645;1,9558;7,8278;3,3989;110,2509;0,8192;149,6123;1748,6947;0,3575;10,69765;20,1063;61,55035;20,10805;71,1641;117,389;4,3406;37,9754;3,3898;36,5706
2026-06-09 11:00:00;4,248;1,9558;7,83055;3,39835;110,28905;0,8195;149,66405;1749,29975;0,35765;10,69945;20,1133;61,5485;20,1156;71,18875;117,366;4,3421;37,9885;3,39345;36,58325
2026-06-10 10:00:00;4,2449;1,9558;7,83365;3,43505;110,11595;0,81945;149,56055;1762,3061;0,35765;10,70865;20,11675;61,55215;20,15195;70,9719;117,36575;4,3392;38,0056;3,37385;36,6209
2026-06-10 11:00:00;4,24275;1,9558;7,8296;3,43605;110,0588;0,81905;149,5984;1761,39125;0,35745;10,70655;20,10625;61,55485;20,14495;70,93505;117,3626;4,3363;37,9859;3,38;36,6019
2026-06-11 10:00:00;4,23605;1,9558;7,8169;3,4164;110,4419;0,8177;149,3012;1764,1642;0,35595;10,68435;20,07985;61,54855;20,07865;70,7638;117,3303;4,32935;38,00865;3,3809;36,52195
2026-06-11 11:00:00;4,2355;1,9558;7,8159;3,41965;110,42755;0,81755;149,4547;1763,9347;0,35585;10,6964;20,07725;61,55205;20,0714;70,7546;117,32655;4,3288;38,00375;3,38605;36,51725
2026-06-12 10:00:00;4,2548;1,9558;7,833;3,37545;110,1849;0,82135;150,0258;1760,63045;0,35725;10,7256;20,2332;61,55115;19,9245;71,0798;117,3329;4,349;37,83805;3,39905;36,63115
2026-06-12 11:00:00;4,2508;1,9558;7,8256;3,37645;110,0803;0,8206;149,8833;1758,9587;0,35695;10,72255;20,214;61,55635;19,9177;71,0123;117,343;4,3438;37,80215;3,3958;36,59645
2026-06-15 10:00:00;4,2629;1,9558;7,8427;3,37465;109,9353;0,8229;150,18815;1754,4386;0,35785;10,7445;20,1895;61,5551;19,96435;70,2019;117,37075;4,35545;37,79365;3,40535;36,61155
2026-06-15 11:00:00;4,2648;1,9558;7,84605;3,37615;109,98265;0,82325;150,3109;1755,1944;0,35795;10,7459;20,19825;61,55265;19,95725;70,2322;117,36905;4,3571;37,80995;3,38;36,62735
2026-06-16 10:00:00;4,26125;1,9558;7,84005;3,379;109,70705;0,8226;150,2459;1754,0484;0,35765;10,73965;20,2455;61,54865;19,956;69,97745;117,38325;4,35385;37,7268;3,37985;36,6281
2026-06-16 11:00:00;4,26455;1,9558;7,84615;3,3781;109,79215;0,82325;150,36245;1755,40905;0,35795;10,74295;20,2612;61,54995;19,9523;70,03175;117,3872;4,3573;37,7561;3,38025;36,6565
2026-06-17 10:00:00;4,2618;1,9558;7,84045;3,3846;109,68935;0,8227;150,20735;1755,6096;0,35715;10,7285;20,2133;61,55085;19,98125;70,07355;117,3868;4,35455;37,81;3,3803;36,62995
2026-06-17 11:00:00;4,25915;1,9558;7,836;3,38295;109,6279;0,82225;150,1232;1754,6261;0,35685;10,72615;20,20195;61,5511;19,9648;70,03425;117,37905;4,3521;37,78885;3,39425;36,6094
2026-06-18 10:00:00;4,21555;1,9558;7,76105;3,38025;108,2701;0,81375;148,6336;1752,78645;0,35375;10,6848;20,0914;61,55385;19,89165;69,51925;117,4378;4,30785;37,5888;3,38055;36,2092
2026-06-18 11:00:00;4,2095;1,9558;7,75025;3,37705;108,1192;0,81265;148,42645;1750,343;0,35325;10,67385;20,0634;61,554;19,88745;69,42235;117,446;4,30185;37,5364;3,37985;36,15875
2026-06-19 10:00:00;4,2091;1,9558;7,74955;3,39015;108,1155;0,81255;148,2989;1750,82065;0,35325;10,6908;20,23925;61,54865;19,88285;69,67985;117,3613;4,30145;37,63915;3,3799;36,1556
2026-06-19 11:00:00;4,2099;1,9558;7,7513;3,3959;108,13905;0,8127;148,38855;1751,20255;0,3534;10,6922;20,24365;61,5506;19,89405;69,69505;117,36395;4,3026;37,64735;3,3803;36,1635
2026-06-22 10:00:00;4,20855;1,9558;7,7645;3,40285;108,49195;0,81245;148,3303;1761,40065;0,35395;10,69115;20,1498;61,5551;19,87075;70,05155;117,3866;4,302;37,7214;3,3803;36,2272
2026-06-22 11:00:00;4,20725;1,9558;7,76215;3,40265;108,4588;0,81215;148,285;1760,86265;0,35375;10,68595;20,1436;61,5477;19,85725;70,0301;117,37365;4,3007;37,70985;3,3797;36,21615
2026-06-23 10:00:00;4,1911;1,9558;7,74465;3,41365;108,1176;0,80905;147,7333;1757,7134;0,3525;10,67895;20,08995;61,5537;19,92445;70,02265;117,3844;4,2831;37,822;3,3797;36,1345
2026-06-23 11:00:00;4,1872;1,9558;7,73755;3,41595;108,0181;0,8083;147,63155;1756,09605;0,35215;10,66755;20,07145;61,54835;19,93125;69,95825;117,379;4,2796;37,7872;3,3495;36,10125
2026-06-24 10:00:00;4,167;1,9558;7,72025;3,3893;107,3963;0,8044;146,9875;1749,8369;0,35105;10,6728;20,09375;61,55205;19,98315;69,8346;117,38005;4,2585;37,9297;3,37195;36,0735
2026-06-24 11:00:00;4,1648;1,9558;7,7162;3,39295;107,3395;0,804;146,96645;1748,91155;0,35095;10,6708;20,08315;61,55355;19,99695;69,7977;117,38035;4,2573;37,9096;3,3433;36,0544
2026-06-25 10:00:00;4,173;1,9558;7,72505;3,3786;107,2455;0,8052;147,35865;1752,9659;0,35175;10,6998;20,1667;61,5453;19,99855;69,63465;117,37565;4,26535;37,8991;3,36375;36,19095
2026-06-25 11:00:00;4,16685;1,9558;7,7138;3,37965;107,0897;0,80405;147,14465;1750,42005;0,35135;10,687;20,13735;61,54665;20,01085;69,5335;117,38675;4,2595;37,8441;3,36355;36,13835
2026-06-26 10:00:00;4,1897;1,9558;7,7577;3,41695;107,6797;0,80875;147,6131;1750,59495;0,35315;10,71155;20,2255;61,5492;19,98995;69,92515;117,3832;4,28385;38,05825;3,36015;36,40985
2026-06-26 11:00:00;4,18845;1,9558;7,7553;3,4174;107,6466;0,80855;147,5678;1750,05785;0,35305;10,7021;20,2193;61,5474;19,97525;69,9037;117,37565;4,28255;38,0466;3,3597;36,39875
2026-06-29 10:00:00;4,18795;1,9558;7,74615;3,40895;107,79825;0,8085;147,66885;1761,59245;0,35285;10,692;20,1548;61,5477;19,94045;69,75785;117,3768;4,2822;37,95775;3,3715;36,37155
2026-06-29 11:00:00;4,18865;1,9558;7,74755;3,40475;107,81715;0,8086;147,6948;1761,90145;0,35275;10,6928;20,15835;61,5528;19,93365;69,7701;117,36885;4,2829;37,96435;3,36;36,37795
2026-06-30 10:00:00;4,18635;1,9558;7,734;3,40035;107,89205;0,80805;147,6041;1765,89215;0,35315;10,7185;20,14025;61,54925;19,8992;69,94955;117,3766;4,2812;37,86475;3,36885;36,31005
2026-06-30 11:00:00;4,1874;1,9558;7,73635;3,3961;107,92515;0,8083;147,59245;1766,43445;0,35325;10,7214;20,14645;61,54535;19,9019;69,971;117,37275;4,2824;37,8764;3,36085;36,32115
2026-07-01 10:00:00;4,1827;1,9558;7,737;3,3903;108,4527;0,80745;147,13945;1771,48125;0,35285;10,71815;20,1406;61,66305;19,96515;70,18735;117,3642;4,2784;38,02335;3,3694;36,3043
2026-07-01 11:00:00;4,18655;1,9558;7,74415;3,39595;108,5527;0,8082;147,2751;1773,1145;0,35315;10,71635;20,15915;61,55465;19,96305;70,25205;117,3698;4,2824;38,0584;3,37105;36,3377
2026-07-02 10:00:00;4,1909;1,9558;7,74405;3,4253;108,8476;0,80905;147,4807;1775,13155;0,3541;10,7066;20,208;61,554;20,02315;70,24875;117,3684;4,2843;38,00265;3,3679;36,448
2026-07-02 11:00:00;4,19055;1,9558;7,74335;3,42475;108,8381;0,80895;147,58195;1774,97595;0,35415;10,70575;20,2062;61,54855;20,01455;70,24255;117,36955;4,2839;37,99935;3,3583;36,4448
2026-07-03 10:00:00;4,2022;1,9558;7,75805;3,4288;108,9545;0,81125;147,8242;1748,71895;0,35505;10,7075;20,12565;61,5496;19,95855;70,28515;117,37265;4,2958;37,90855;3,3691;36,5899
2026-07-03 11:00:00;4,20435;1,9558;7,76215;3,43245;109,0117;0,81165;148,0162;1749,636;0,35525;10,7174;20,13615;61,5475;19,95985;70,322;117,37695;4,2981;37,92845;3,362;36,6091
2026-07-06 10:00:00;4,19185;1,9558;7,75245;3,4301;108,87715;0,8092;147,51305;1748,3004;0,35435;10,6981;20,1211;61,55035;19,94595;70,18425;117,3599;4,28615;38,0595;3,37155;36,5838
2026-07-06 11:00:00;4,19415;1,9558;7,7572;3,4347;108,94395;0,8097;147,6606;1749,3727;0,35445;10,7012;20,13345;61,5481;19,95815;70,2273;117,36335;4,2888;38,08285;3,3707;36,60625
2026-07-07 10:00:00;4,19635;1,9558;7,7644;3,4534;108,50515;0,81005;147,67465;1746,1592;0,35395;10,7009;20,1032;61,55495;19,89925;70,1954;117,35705;4,2899;38,05835;3,37005;36,74725
2026-07-07 11:00:00;4,19925;1,9558;7,7698;3,4593;108,5811;0,81065;147,77805;1747,38185;0,3542;10,70335;20,11725;61,5523;19,90855;70,24455;117,35345;4,29295;38,08495;3,37385;36,773
2026-07-08 10:00:00;4,18905;1,9558;7,7552;3,4816;108,99525;0,80865;147,47315;1711,6805;0,3538;10,69165;20,0623;61,54985;20,07995;70,15525;117,3569;4,2829;38,1856;3,369;36,62075
2026-07-08 11:00:00;4,1901;1,9558;7,7572;3,4764;109,02395;0,80885;147,5119;1712,1307;0,35355;10,6925;20,0676;61,5546;20,04705;70,1737;117,35355;4,2839;38,19565;3,36925;36,63045
2026-07-09 10:00:00;4,1982;1,9558;7,76585;3,4622;109,03745;0,81045;147,6314;1721,5658;0,35425;10,6978;20,07855;61,55595;20,06025;70,4321;117,3735;4,2921;38,2138;3,3605;36,8141
2026-07-09 11:00:00;4,1951;1,9558;7,7601;3,46845;108,9564;0,80985;147,5787;1720,2857;0,35385;10,69445;20,06365;61,5502;20,07275;70,37975;117,34335;4,2889;38,18545;3,3712;36,78675
2026-07-10 10:00:00;4,19725;1,9558;7,7465;3,43135;108,9388;0,81025;147,7069;1716,5428;0,35395;10,6876;20,08475;61,55125;20,0184;70,3022;117,377;4,2903;38,0781;3,35935;36,80445
2026-07-10 11:00:00;4,1991;1,9558;7,75025;3,4305;108,99125;0,81065;147,778;1717,369;0,35395;10,6886;20,0944;61,5523;20,02805;70,336;117,3592;4,29235;38,0964;3,3696;36,82215
2026-07-13 10:00:00;4,1986;1,9558;7,7524;3,4593;109,30875;0,8097;147,7522;1718,2117;0,35425;10,6506;20,06225;61,55295;19,98055;70,38375;117,3729;4,29195;38,12405;3,37315;36,77855
2026-07-13 11:00:00;4,19985;1,9558;7,75475;3,46175;109,34225;0,8099;147,7974;1718,7377;0,35415;10,6522;20,0684;61,5489;19,9855;70,4053;117,3803;4,2933;38,1357;3,3715;36,78985
2026-07-14 10:00:00;4,1874;1,9558;7,72735;3,43345;109,6805;0,8083;147,41495;1702,45435;0,3532;10,6514;20,10565;61,54835;19,96375;70,3698;117,3505;4,2821;38,2219;3,3728;36,6987
2026-07-14 11:00:00;4,18405;1,9558;7,72125;3,43585;109,5939;0,8077;147,4125;1701,11045;0,35295;10,6486;20,0898;61,5567;19,96845;70,3143;117,3604;4,2787;38,1917;3,3667;36,6697
2026-07-15 10:00:00;4,19365;1,9558;7,7313;3,4186;109,91395;0,80945;147,69185;1696,6007;0,35375;10,6588;20,07285;61,54875;19,88845;70,43195;117,36565;4,2896;38,3873;3,3696;36,75165
2026-07-15 11:00:00;4,19185;1,9558;7,72795;3,4219;109,8658;0,80915;147,62715;1695,85775;0,35345;10,6637;20,06405;61,53325;19,886;70,4011;117,3485;4,2856;38,3705;3,36845;36,73555
2026-07-16 10:00:00;4,2111;1,9558;7,76005;3,44265;110,48065;0,81295;148,2554;1697,3694;0,35445;10,68745;20,1286;61,54955;19,9646;70,66495;117,36025;4,3061;38,49135;3,3735;37,0111
2026-07-16 11:00:00;4,2092;1,9558;7,75635;3,44435;110,42765;0,81255;148,0697;1696,5552;0,35435;10,6816;20,11895;61,54865;19,96305;70,6311;117,3498;4,3034;38,4729;3,3769;36,99335
2026-07-17 10:00:00;4,20155;1,9558;7,75265;3,48735;110,1438;0,81105;147,91275;1693,61545;0,35385;10,6719;20,1164;61,5503;19,99225;70,45875;117,35785;4,2962;38,451;3,37655;37,0268
2026-07-17 11:00:00;4,1969;1,9558;7,74455;3,4841;110,02825;0,81025;147,64335;1691,83885;0,35345;10,66975;20,09525;61,5543;19,97295;70,3848;117,36045;4,2917;38,4107;3,36985;36,98795
2026-07-20 10:00:00;4,198;1,9558;7,73405;3,4855;110,24455;0,8104;147,7899;1689,7541;0,35395;10,6742;20,1111;61,5506;19,9922;70,5174;117,3747;4,2923;38,4448;3,3699;36,88
2026-07-20 11:00:00;4,1989;1,9558;7,73575;3,48425;110,26865;0,81055;147,82225;1690,12365;0,35415;10,6748;20,1155;61,5469;19,99545;70,5328;117,36035;4,29325;38,4532;3,3595;36,8881
2026-07-21 10:00:00;4,1953;1,9558;7,72915;3,48155;109,9259;0,80985;147,80715;1682,87695;0,35425;10,71475;20,0979;61,5502;19,8563;70,5328;117,3491;4,28835;38,44245;3,3724;37,03575
2026-07-21 11:00:00;4,1945;1,9558;7,7278;3,481;109,9066;0,80975;147,6671;1682,5823;0,35425;10,7209;20,0944;61,55085;19,85565;70,52045;117,3571;4,2876;38,4357;3,36975;37,02925
2026-07-22 10:00:00;4,18865;1,9558;7,7259;3,49635;110,14235;0,8086;147,7518;1688,1681;0,35355;10,7092;20,0557;61,5528;19,87205;70,42305;117,39165;4,2805;38,56885;3,3687;36,90085
2026-07-22 11:00:00;4,18885;1,9558;7,72625;3,4922;110,14715;0,80865;147,64425;1688,24215;0,35365;10,7101;20,0566;61,56125;19,86955;70,4261;117,3854;4,2807;38,57055;3,35935;36,9025
2026-07-23 10:00:00;4,19165;1,9558;7,72695;3,5056;110,2134;0,80915;147,79185;1674,15675;0,35365;10,69095;20,09745;61,54765;19,91655;70,47165;117,42895;4,2838;38,5885;3,35985;36,8829
2026-07-23 11:00:00;4,1887;1,9558;7,72155;3,5008;110,1361;0,80855;147,6883;1672,98315;0,35345;10,6956;20,08335;61,5501;19,8906;70,42225;117,43215;4,2808;38,5615;3,35925;36,85705
2026-07-24 10:00:00;4,18255;1,9558;7,71445;3,47825;109,97105;0,8074;147,4746;1669,76555;0,35315;10,67215;20,1283;61,55215;19,9028;70,44615;117,37615;4,27495;38,34055;3,35855;36,9529
2026-07-24 11:00:00;4,18045;1,9558;7,71075;3,47865;109,91795;0,80705;147,40335;1668,9591;0,35295;10,66835;20,1186;61,54525;19,89035;70,41215;117,36495;4,2729;38,32205;3,35795;36,9351
2026-07-27 10:00:00;4,1861;1,9558;7,7133;3,4462;109,3063;0,80805;147,5976;1673,438;0,35355;10,67295;20,0311;61,55225;19,87155;70,29975;117,42275;4,2784;38,2614;3,3857;36,79625
2026-07-27 11:00:00;4,1854;1,9558;7,71195;3,4544;109,28715;0,80795;147,57175;1673,14435;0,35345;10,67075;20,0276;61,55285;19,87775;70,28745;117,40785;4,27765;38,2547;3,37265;36,7898
2026-07-28 10:00:00;4,17095;1,9558;7,6853;3,4789;108,86055;0,80515;147,1803;1660,4339;0,35275;10,66365;20,101;61,5466;19,85515;69,97595;117,4092;4,26335;38,1238;3,37265;36,832
2026-07-28 11:00:00;4,1727;1,9558;7,68835;3,4735;108,9037;0,80455;147,23855;1661,09185;0,35295;10,66535;20,109;61,55395;19,86415;70,00365;117,41595;4,26525;38,1389;3,3725;36,84655
2026-07-29 10:00:00;4,1838;1,9558;7,7073;3,48175;108,9597;0,80765;147,3491;1648,7488;0,35395;10,6882;20,15725;61,554;19,8867;69,94665;117,36095;4,2766;38,2413;3,36445;36,88115
2026-07-29 11:00:00;4,1814;1,9558;7,7029;3,48755;108,89755;0,8072;147,265;1647,808;0,35375;10,68835;20,14575;61,54165;19,88615;69,90675;117,3566;4,27415;38,21945;3,3626;36,8601
2026-07-30 10:00:00;4,2111;1,9558;7,7468;3,5296;109,70045;0,81295;148,3636;1648,223;0,35575;10,762;20,1908;61,5526;19,96085;70,5816;117,40675;4,3052;38,52265;3,38635;37,23135
2026-07-30 11:00:00;4,2144;1,9558;7,75285;3,52725;109,78655;0,81355;148,48005;1649,5168;0,35595;10,7689;20,20665;61,54925;19,96565;70,637;117,4071;4,3086;38,5529;3,376;37,26055
2026-07-31 10:00:00;4,22565;1,9558;7,7634;3,5125;109,77975;0,81575;148,82365;1640,3392;0,3561;10,7501;20,10585;61,5487;19,94195;70,4367;117,3964;4,3204;38,41975;3,3727;37,1846
2026-07-31 11:00:00;4,22405;1,9558;7,7607;3,51035;109,74155;0,81545;148,7719;1639,7689;0,35605;10,7486;20,0989;61,5503;19,93905;70,4122;117,39005;4,3189;38,4064;3,3726;37,1717
2026-08-03 10:00:00;4,23215;1,9558;7,78305;3,52205;109,8596;0,817;149,1076;1647,3281;0,35695;10,74125;20,11915;61,5271;19,97455;70,21825;117,3618;4,3271;38,43495;3,3644;37,39675
2026-08-03 11:00:00;4,23235;1,9558;7,7834;3,52445;109,86435;0,81705;149,11415;1647,3996;0,35685;10,7481;20,12005;61,5298;19,9806;70,2213;117,36115;4,3274;38,43665;3,36395;37,3984
2026-08-04 10:00:00;4,2262;1,9558;7,77085;3,49805;109,76095;0,81585;148,9006;1647,52605;0,35615;10,72915;20,143;61,5452;19,9025;70,38835;117,3484;4,322;38,45925;3,3635;37,38335
2026-08-04 11:00:00;4,22865;1,9558;7,7756;3,4967;109,82775;0,81625;149,1063;1648,52825;0,35635;10,7322;20,1553;61,5539;19,9152;70,43115;117,3622;4,3243;38,48265;3,36445;37,4061
2026-08-05 10:00:00;4,23825;1,9558;7,78905;3,4667;109,77855;0,8182;149,30455;1643,58455;0,35695;10,7472;20,0508;61,54865;19,8823;70,1113;117,3964;4,3341;38,3186;3,3744;37,27885
2026-08-05 11:00:00;4,2386;1,9558;7,7894;3,4698;109,7833;0,81825;149,311;1643,65575;0,35685;10,7473;20,05165;61,5513;19,88655;70,11435;117,39575;4,3343;38,32025;3,3743;37,28045
2026-08-06 10:00:00;4,23765;1,9558;7,7894;3,4743;109,87535;0,81805;149,3082;1642,4478;0,35665;10,7546;20,077;61,55215;19,91775;70,1772;117,3581;4,3333;38,1434;3,37925;37,1938
2026-08-06 11:00:00;4,2388;1,9558;7,79145;3,4748;109,90395;0,8183;149,34705;1642,87485;0,35665;10,75715;20,08225;61,55085;19,91375;70,1954;117,36555;4,3344;38,1533;3,3726;37,20345
2026-08-07 10:00:00;4,2342;1,9558;7,7812;3,4617;109,7676;0,8174;149,18525;1633,94755;0,35635;10,76535;20,04895;61,5476;19,7924;70,2174;117,371;4,3286;38,10915;3,36705;37,27675
2026-08-07 11:00:00;4,2338;1,9558;7,7802;3,46175;109,75335;0,8173;149,1659;1633,735;0,35635;10,7645;20,0463;61,5511;19,78295;70,20825;117,38455;4,328;38,1042;3,3747;37,27185
2026-08-10 10:00:00;4,2447;1,9558;7,7956;3,46435;110,14155;0,81945;149,4963;1639,1425;0,357;10,7673;20,08695;61,5553;19,81765;70,20025;117,38955;4,3403;38,134;3,37535;37,2198
2026-08-10 11:00:00;4,2441;1,9558;7,79425;3,46675;110,12245;0,81925;149,47045;1638,8588;0,35695;10,7666;20,08345;61,5504;19,81535;70,1881;117,38655;4,33955;38,1274;3,3795;37,2133
2026-08-11 10:00:00;4,237;1,9558;7,78225;3,4655;110,10865;0,81795;149,22465;1633,91455;0,3567;10,7345;20,03895;61,5415;19,77125;70,683;117,3608;4,3317;38,2608;3,36775;37,2479
2026-08-11 11:00:00;4,23785;1,9558;7,7839;3,46745;110,13255;0,8181;149,257;1634,2686;0,35655;10,73715;20,04325;61,5606;19,76975;70,6983;117,38625;4,3327;38,2691;3,36865;37,256
2026-08-12 10:00:00;4,2368;1,9558;7,78125;3,45375;109,97705;0,8179;149,16055;1633,6707;0,35655;10,73585;19,99765;61,55035;19,6787;70,59455;117,35575;4,3313;38,25915;3,38035;37,1753
2026-08-12 11:00:00;4,2367;1,9558;7,78095;3,4503;109,97225;0,81785;149,15405;1633,5999;0,35655;10,7431;19,9968;61,5477;19,6784;70,59145;117,35065;4,3311;38,2575;3,3806;37,1737
2026-08-13 10:00:00;4,2363;1,9558;7,78025;3,4433;110,0939;0,81715;149,25645;1637,6107;0,35615;10,7287;20,0239;61,5481;19,67555;70,75265;117,31165;4,3307;38,22245;3,37795;37,09665
2026-08-13 11:00:00;4,23685;1,9558;7,78125;3,44;110,1082;0,8173;149,2759;1637,82365;0,35625;10,73295;20,0265;61,55035;19,6735;70,76185;117,31535;4,3313;38,2274;3,3776;37,10155
2026-08-14 10:00:00;4,24345;1,9558;7,78975;3,41105;110,2627;0,8192;149,6243;1637,651;0,35675;10,74595;20,03465;61,554;19,65395;70,99125;117,3482;4,3376;38,3073;3,37355;36,98605
2026-08-14 11:00:00;4,24415;1,9558;7,7911;3,41145;110,2818;0,8193;149,36135;1637,93445;0,35685;10,74705;20,03815;61,55305;19,6533;71,00355;117,3396;4,33835;38,3139;3,3775;36,99245
